{
"type": "FeatureCollection",
"name": "bairros_poa",
"crs": { "type": "name", "properties": { "name": "urn:ogc:def:crs:OGC:1.3:CRS84" } },
"features": [
{ "type": "Feature", "properties": { "bairro_oficial": "ABERTA DOS MORROS" }, "geometry": { "type": "Polygon", "coordinates": [ [ [ -51.198468920823863, -30.171669834591238 ], [ -51.201343022272482, -30.171251384450017 ], [ -51.201801050543047, -30.17125384977458 ], [ -51.202234137482947, -30.171417255647992 ], [ -51.201384773933547, -30.167409093493923 ], [ -51.208130959145208, -30.16828591565972 ], [ -51.206507467834022, -30.163928868034557 ], [ -51.208108674192161, -30.156889421063536 ], [ -51.210713249640705, -30.155028807687291 ], [ -51.210594612714516, -30.154789982004882 ], [ -51.209990010062661, -30.150727276051288 ], [ -51.208781712009028, -30.15083320987808 ], [ -51.208321674680995, -30.150736705515204 ], [ -51.206597364476444, -30.149319244031442 ], [ -51.204410235353706, -30.147748322465105 ], [ -51.204443146061649, -30.147521358932391 ], [ -51.204206898374828, -30.147238490212839 ], [ -51.203975342911519, -30.147293841120359 ], [ -51.191437619506075, -30.145534407165712 ], [ -51.190326870386698, -30.156349746518387 ], [ -51.190759810141834, -30.15840250216106 ], [ -51.191189365058563, -30.158575678195668 ], [ -51.198468920823863, -30.171669834591238 ] ] ] } },
{ "type": "Feature", "properties": { "bairro_oficial": "AGRONOMIA" }, "geometry": { "type": "Polygon", "coordinates": [ [ [ -51.112468429770537, -30.074265625969275 ], [ -51.112199263341722, -30.074198488533202 ], [ -51.111949915308429, -30.074888090004102 ], [ -51.110877304007957, -30.07594513757499 ], [ -51.110455848132439, -30.076496537889739 ], [ -51.11006450637089, -30.077208071935523 ], [ -51.109629642945684, -30.077450159315937 ], [ -51.109153236333597, -30.078056935558145 ], [ -51.10916609237254, -30.078270005578812 ], [ -51.11012895246963, -30.078685025785312 ], [ -51.110623173703395, -30.078986236389312 ], [ -51.111526154586151, -30.079987045388449 ], [ -51.111814233155329, -30.080136447009767 ], [ -51.112228510246226, -30.080213075832408 ], [ -51.112707289144936, -30.080141822119362 ], [ -51.114819715256125, -30.079300734518014 ], [ -51.115681029670519, -30.079044343353004 ], [ -51.118512149961447, -30.078629661385847 ], [ -51.118915081474896, -30.078472911569346 ], [ -51.120591381300798, -30.07749115039346 ], [ -51.122844976927404, -30.076891598431448 ], [ -51.123407551285652, -30.076802212616364 ], [ -51.124663029250584, -30.076762914538513 ], [ -51.126532013479107, -30.076947145766805 ], [ -51.128173401889306, -30.076960383252839 ], [ -51.128899590110031, -30.076887663598104 ], [ -51.133351865861385, -30.075763928005561 ], [ -51.134071880178666, -30.075483294208922 ], [ -51.134958318996226, -30.075013092176903 ], [ -51.135256495663661, -30.07537294636175 ], [ -51.135572916341225, -30.075526972129335 ], [ -51.136239907589584, -30.075405740375675 ], [ -51.136720616142995, -30.075520470135803 ], [ -51.136846156366722, -30.075627370129073 ], [ -51.1368607232789, -30.075817538706175 ], [ -51.137128233313078, -30.075773264849332 ], [ -51.137342077874841, -30.076176517077709 ], [ -51.137628860803673, -30.076264657414683 ], [ -51.137792817050133, -30.076491160831374 ], [ -51.137769465629376, -30.076992313178902 ], [ -51.137045851910052, -30.077409290657243 ], [ -51.136629491557009, -30.077905179539066 ], [ -51.136749550435539, -30.078938604695065 ], [ -51.136657840765984, -30.079382461908342 ], [ -51.136456208270218, -30.079455786877002 ], [ -51.136175077753634, -30.079436051072115 ], [ -51.136008962485178, -30.079786296259776 ], [ -51.135850329388724, -30.079915312476878 ], [ -51.136229236692536, -30.080501946978071 ], [ -51.136808790344908, -30.081000844336536 ], [ -51.136817191176291, -30.081418415866203 ], [ -51.1372818475717, -30.08169757722813 ], [ -51.137338239737126, -30.081828886379995 ], [ -51.137170706651794, -30.082161090744584 ], [ -51.136710164208885, -30.08267610671539 ], [ -51.136911200927791, -30.083097996202721 ], [ -51.136709988366881, -30.083328892195652 ], [ -51.136753608157534, -30.083469706660544 ], [ -51.136540048966118, -30.083805815374067 ], [ -51.136547168150258, -30.084545254411832 ], [ -51.136956264185528, -30.084425642591199 ], [ -51.138370759682758, -30.084595936421849 ], [ -51.138753158232362, -30.084670613463089 ], [ -51.139122515335728, -30.084892769017472 ], [ -51.140214359453275, -30.086102606166822 ], [ -51.142215532301513, -30.087658752818847 ], [ -51.142819616493085, -30.088663899555307 ], [ -51.143940555231403, -30.08963915127006 ], [ -51.145022858509506, -30.090006549377733 ], [ -51.145301566747058, -30.090206129502086 ], [ -51.14608993677416, -30.091497085397915 ], [ -51.146498751778566, -30.091930340989496 ], [ -51.146838735228798, -30.092113930261338 ], [ -51.14785613801034, -30.092537099441643 ], [ -51.148598727617994, -30.091085859074788 ], [ -51.148737658498732, -30.090960554874005 ], [ -51.149924863565658, -30.091457093934086 ], [ -51.152263059676692, -30.092675434502773 ], [ -51.156989756429887, -30.07727331927612 ], [ -51.148751399716012, -30.07545619687367 ], [ -51.151689165995116, -30.068109008325582 ], [ -51.151657058056109, -30.065712870313011 ], [ -51.150191410461957, -30.063977965518816 ], [ -51.14970293270153, -30.065092451072953 ], [ -51.149224738028948, -30.06584027859083 ], [ -51.148761875922624, -30.066285605823754 ], [ -51.147979441681507, -30.066762482276847 ], [ -51.147140093953716, -30.067116502957418 ], [ -51.143178670916598, -30.068131588989736 ], [ -51.142838974732001, -30.068158334811418 ], [ -51.142690189421096, -30.067822360858571 ], [ -51.142753241873926, -30.067812493868349 ], [ -51.142916680113679, -30.067343745264999 ], [ -51.142715339870499, -30.067007079676085 ], [ -51.142077153884763, -30.066970993392793 ], [ -51.141789581375789, -30.066876726492087 ], [ -51.141525550243571, -30.066627465585785 ], [ -51.14138378167624, -30.066315691106929 ], [ -51.140456344802544, -30.065909024270685 ], [ -51.13993311000187, -30.065425312733534 ], [ -51.138439190510567, -30.065368057804378 ], [ -51.13757717399745, -30.064054152765227 ], [ -51.137474357283928, -30.063699997854638 ], [ -51.136120201603667, -30.053985674754422 ], [ -51.125930586518315, -30.053463183163512 ], [ -51.120058348624589, -30.055401900487052 ], [ -51.120203067698007, -30.055633604253398 ], [ -51.120201390837437, -30.055876546544848 ], [ -51.119855958529378, -30.056156711834635 ], [ -51.11988421474706, -30.056360640039262 ], [ -51.120047245911962, -30.056571361636426 ], [ -51.11973966488695, -30.056557690245572 ], [ -51.119587697116515, -30.056880200599323 ], [ -51.119010993016268, -30.057191005951331 ], [ -51.118270854976146, -30.057022584859745 ], [ -51.11908732900114, -30.0595836074685 ], [ -51.119036234866435, -30.059883397493621 ], [ -51.119097529106753, -30.060078995661204 ], [ -51.118963517191766, -30.06038894884264 ], [ -51.118568745859839, -30.060787649951433 ], [ -51.117995189533339, -30.061101228129555 ], [ -51.118165883807656, -30.062059040411523 ], [ -51.120458785516711, -30.061621427431497 ], [ -51.120156830832734, -30.063692111008756 ], [ -51.120442264831162, -30.064020658018901 ], [ -51.120410948978339, -30.064471376870834 ], [ -51.120296406804378, -30.064642436792607 ], [ -51.120323209785809, -30.064846784535092 ], [ -51.120099292603157, -30.065205933638815 ], [ -51.120279027387646, -30.065641877973281 ], [ -51.120265105994086, -30.065794286058996 ], [ -51.120094108870759, -30.065978829588925 ], [ -51.12001268442841, -30.066333779811551 ], [ -51.120115398111757, -30.066818402129556 ], [ -51.119215128006303, -30.06708645617223 ], [ -51.118852182148963, -30.067118742365786 ], [ -51.118634307083084, -30.067349951988742 ], [ -51.118238771644997, -30.067508772001762 ], [ -51.118064998478168, -30.06767478362865 ], [ -51.11784196777208, -30.068764642364872 ], [ -51.11795341649583, -30.06975383930958 ], [ -51.117790451491345, -30.069991016950578 ], [ -51.117722687442509, -30.070290847102395 ], [ -51.117756936809222, -30.070440198685819 ], [ -51.117632643582205, -30.070753556676884 ], [ -51.117673106742025, -30.071082733329778 ], [ -51.117540269426769, -30.071709460092453 ], [ -51.117468464559622, -30.071785233398025 ], [ -51.117218696394907, -30.071827977432012 ], [ -51.117275005406107, -30.072329389414879 ], [ -51.117107157753935, -30.072868651889589 ], [ -51.116831193117996, -30.072830499814295 ], [ -51.116802328174494, -30.072939787951277 ], [ -51.116634626070301, -30.072971252125615 ], [ -51.116249525378379, -30.072808245713855 ], [ -51.116014036063262, -30.072526465561893 ], [ -51.115675788585555, -30.072467135229477 ], [ -51.113894475939489, -30.072779274224786 ], [ -51.113799168412392, -30.072558892266176 ], [ -51.113235368728184, -30.072696450447982 ], [ -51.112930887498024, -30.07286352843931 ], [ -51.112972853392442, -30.073339708549934 ], [ -51.113240298893309, -30.073368147882551 ], [ -51.113260718175916, -30.073518607631598 ], [ -51.112729522352495, -30.073646863821871 ], [ -51.112810627297939, -30.073743763899547 ], [ -51.112468429770537, -30.074265625969275 ] ] ] } },
{ "type": "Feature", "properties": { "bairro_oficial": "ANCHIETA" }, "geometry": { "type": "Polygon", "coordinates": [ [ [ -51.15518740037168, -29.967105704780064 ], [ -51.155686708094628, -29.972078701851579 ], [ -51.15458710086169, -29.996771174444142 ], [ -51.155293754276627, -29.996817450688017 ], [ -51.15536181772827, -29.995387920672403 ], [ -51.162440147435916, -29.9963705524864 ], [ -51.170767597881913, -29.996193458865001 ], [ -51.171251175673156, -29.996532583544376 ], [ -51.171657624324098, -29.997105781847363 ], [ -51.172044861380456, -30.002584622262304 ], [ -51.17185127956666, -30.002633016693448 ], [ -51.171885707565963, -30.003195478457346 ], [ -51.184920778990545, -30.003238754971225 ], [ -51.185613164174882, -30.003142100935484 ], [ -51.187397683604544, -30.002622605275075 ], [ -51.188048988056515, -30.001187647532312 ], [ -51.188284850537542, -30.000958549973042 ], [ -51.187611747083082, -29.999895830578957 ], [ -51.187843510961649, -29.999818272034563 ], [ -51.186618784513271, -29.997730217858127 ], [ -51.186939251886564, -29.997504236691857 ], [ -51.186839192127515, -29.997152807705465 ], [ -51.187519719145172, -29.996665681782599 ], [ -51.186908745887266, -29.995997108250926 ], [ -51.187247057754952, -29.995764041104501 ], [ -51.187238877466548, -29.995273069756042 ], [ -51.188149658063601, -29.994721339817129 ], [ -51.182435396661276, -29.988624580313751 ], [ -51.181942601448817, -29.987950031913257 ], [ -51.18161085482317, -29.987276497261853 ], [ -51.180940260557833, -29.984320188088738 ], [ -51.178387840528039, -29.975965356749402 ], [ -51.177523513576595, -29.973700976690104 ], [ -51.176482160649876, -29.970415149417409 ], [ -51.176398177478973, -29.969800411334354 ], [ -51.176374790290438, -29.96790716329291 ], [ -51.175613625854822, -29.967902143265189 ], [ -51.173820157633806, -29.967551638356763 ], [ -51.172883223772722, -29.967518029164815 ], [ -51.171714906815581, -29.967626233144852 ], [ -51.170892794232131, -29.967595951237424 ], [ -51.170123543734945, -29.967378109228125 ], [ -51.169579223932011, -29.967310892277702 ], [ -51.169321493993699, -29.967190014867136 ], [ -51.168474928201469, -29.96706649395723 ], [ -51.167876298241296, -29.967138752850143 ], [ -51.166902700156783, -29.967513067151362 ], [ -51.166496830732427, -29.967536262409961 ], [ -51.166085392947139, -29.967386724350966 ], [ -51.16566116384962, -29.966978550707633 ], [ -51.165679874541539, -29.966912455039232 ], [ -51.165405589036311, -29.966557824997615 ], [ -51.165377636568259, -29.966378085437629 ], [ -51.165102603846648, -29.966015518025095 ], [ -51.164695081647388, -29.965804547069151 ], [ -51.164372167867207, -29.965760259049688 ], [ -51.163883636425133, -29.965818246212187 ], [ -51.16317317236831, -29.966128277596486 ], [ -51.162073519739408, -29.966814053962956 ], [ -51.161954829931126, -29.966974345629549 ], [ -51.161479512127833, -29.967280088552439 ], [ -51.160469470034009, -29.967384128689886 ], [ -51.159872518197169, -29.967176925951776 ], [ -51.15950785376922, -29.9668857762104 ], [ -51.159122776403763, -29.966420168986012 ], [ -51.15881275703186, -29.965456537429617 ], [ -51.158389283564915, -29.965007705608844 ], [ -51.157995617591759, -29.964881509750604 ], [ -51.157259968981037, -29.964901532644582 ], [ -51.156278670380722, -29.964658132601794 ], [ -51.156007011855557, -29.964722997669263 ], [ -51.155775822935368, -29.964918475618653 ], [ -51.155697364200904, -29.966211656694103 ], [ -51.15518740037168, -29.967105704780064 ] ] ] } },
{ "type": "Feature", "properties": { "bairro_oficial": "ARQUIPÉLAGO" }, "geometry": { "type": "MultiPolygon", "coordinates": [ [ [ [ -51.290280289878311, -30.058460777296812 ], [ -51.29030861777396, -30.058566179996873 ], [ -51.290082662683325, -30.05843177186933 ], [ -51.289983345793019, -30.058517131153469 ], [ -51.289730037347653, -30.058484819127074 ], [ -51.28957110057398, -30.058591938878681 ], [ -51.289231055696163, -30.058623618138895 ], [ -51.289209794242275, -30.058717688021289 ], [ -51.289107913012266, -30.05870782848352 ], [ -51.289052633887835, -30.058897951074233 ], [ -51.289065488643651, -30.058799699564652 ], [ -51.28890867071604, -30.058803372912276 ], [ -51.289023564444953, -30.059001670611742 ], [ -51.288948937575633, -30.05915017261519 ], [ -51.289052154236678, -30.059168714667653 ], [ -51.28920016090278, -30.059350872268833 ], [ -51.289286545122962, -30.059628518065711 ], [ -51.289118230265849, -30.059920174218497 ], [ -51.288634685447249, -30.060341828134653 ], [ -51.288206679463777, -30.060437939294339 ], [ -51.28805109963605, -30.060390531644131 ], [ -51.28800405136586, -30.060464450970038 ], [ -51.287670644699098, -30.060528681657924 ], [ -51.286599612188759, -30.060210754779934 ], [ -51.286534255155544, -30.060022580366841 ], [ -51.286393621798432, -30.059924821359271 ], [ -51.286407802636262, -30.059672758044002 ], [ -51.286323200575112, -30.05949595387947 ], [ -51.286457351157146, -30.059080911019407 ], [ -51.286265584767058, -30.058865070385824 ], [ -51.286148521143531, -30.059026349301305 ], [ -51.286197920897713, -30.059078921194097 ], [ -51.286073538611596, -30.059095570210253 ], [ -51.286178495721728, -30.059190862428416 ], [ -51.285954831322336, -30.059380110609396 ], [ -51.286029616451565, -30.059361886295925 ], [ -51.28603729375596, -30.059467274397811 ], [ -51.285931635210936, -30.059637863136132 ], [ -51.285948203553701, -30.059783153030736 ], [ -51.285876993598819, -30.059816466916754 ], [ -51.285972169051767, -30.060005264216304 ], [ -51.285884395292712, -30.060133486107866 ], [ -51.285793948109713, -30.060115228649984 ], [ -51.285954072298686, -30.060193120665442 ], [ -51.285847747871678, -30.060181336895177 ], [ -51.285774806993793, -30.060258776647011 ], [ -51.285941708320877, -30.060426105258827 ], [ -51.285925521994088, -30.060801723195762 ], [ -51.286018677328251, -30.060957706765329 ], [ -51.28612305803486, -30.060978831259522 ], [ -51.286001477350162, -30.061014171748777 ], [ -51.285993972821188, -30.061236261123479 ], [ -51.286165785367281, -30.061545213263326 ], [ -51.28611039403556, -30.061829352486129 ], [ -51.286224814257722, -30.061953881523802 ], [ -51.286188866504368, -30.062092636331187 ], [ -51.286332031246054, -30.062152969485531 ], [ -51.286312602736139, -30.062291645950289 ], [ -51.286465780776268, -30.062516964819075 ], [ -51.286449264994985, -30.062639974661334 ], [ -51.286513371125345, -30.062640628828216 ], [ -51.286515418741871, -30.062840281316081 ], [ -51.286650982098799, -30.062801307823332 ], [ -51.286588136895652, -30.062906121572457 ], [ -51.286732489673327, -30.062904637753473 ], [ -51.286740145219099, -30.063028738761755 ], [ -51.286896781267068, -30.063112852579845 ], [ -51.286875680427173, -30.063259751698279 ], [ -51.287138597080819, -30.063170561870265 ], [ -51.287329247143909, -30.063392033429594 ], [ -51.28738114990022, -30.063330730316618 ], [ -51.287462359351608, -30.063365286878437 ], [ -51.28740375892712, -30.063542090251442 ], [ -51.287535211272754, -30.063684456689192 ], [ -51.28791283019406, -30.063709208221887 ], [ -51.288193224237538, -30.063846381896088 ], [ -51.288323092841622, -30.063631417769624 ], [ -51.288549161955459, -30.063635952802521 ], [ -51.288597247120784, -30.063416099009302 ], [ -51.288725398319265, -30.063559321267679 ], [ -51.288952974615178, -30.063397625048182 ], [ -51.28906193740638, -30.063465226333619 ], [ -51.289197929946745, -30.06337773306338 ], [ -51.28927095005379, -30.063460362662791 ], [ -51.289431276168777, -30.06336604182048 ], [ -51.28948690942407, -30.063524069277726 ], [ -51.28970325580044, -30.063667159513972 ], [ -51.289742799109, -30.06382189268907 ], [ -51.289843244227598, -30.06383499968765 ], [ -51.289729042642108, -30.064140734254295 ], [ -51.289596843248376, -30.064133840347132 ], [ -51.289606573152419, -30.064202237032287 ], [ -51.289383229955959, -30.064292080797301 ], [ -51.28940043137866, -30.064357080018883 ], [ -51.28956302913388, -30.064336207604061 ], [ -51.289596090268816, -30.064429870059396 ], [ -51.289734995785039, -30.064316739645712 ], [ -51.289743440448085, -30.064478644385744 ], [ -51.289989929621704, -30.064423740131954 ], [ -51.289999161949687, -30.064593146698048 ], [ -51.290162457422774, -30.064668815472398 ], [ -51.290223860634946, -30.064586098126497 ], [ -51.29060862428372, -30.064509783933154 ], [ -51.290653669238715, -30.064425348878398 ], [ -51.290794248764215, -30.064449635326966 ], [ -51.290830421354087, -30.064656472197171 ], [ -51.290734727084669, -30.064800166643895 ], [ -51.290811150435474, -30.064841390929768 ], [ -51.291226434284724, -30.0647307857393 ], [ -51.291234110736141, -30.064615981405733 ], [ -51.291421497277646, -30.064424216703351 ], [ -51.291610725913557, -30.064465928363578 ], [ -51.29153033843707, -30.064547740351138 ], [ -51.291562351119502, -30.06464536209355 ], [ -51.291657081871278, -30.064540308400833 ], [ -51.291741818925232, -30.064609195234766 ], [ -51.291698678237339, -30.06450807015101 ], [ -51.291859086903237, -30.064428672162311 ], [ -51.291968924768362, -30.064055559357751 ], [ -51.291866587162097, -30.063965977195895 ], [ -51.291684196838268, -30.06401410520273 ], [ -51.291441209346225, -30.063798400422833 ], [ -51.291302177630236, -30.063435778754968 ], [ -51.29091443785142, -30.063070459894661 ], [ -51.29089007273658, -30.062827447415867 ], [ -51.290739917414825, -30.062622633388681 ], [ -51.2906782400919, -30.062129307453645 ], [ -51.290857535922434, -30.061779986958175 ], [ -51.290828286243084, -30.061454489963126 ], [ -51.290994249128929, -30.061322195679477 ], [ -51.291010473430852, -30.061033448453834 ], [ -51.290920737319617, -30.060930192587943 ], [ -51.291053997857652, -30.060842524817307 ], [ -51.290915423892145, -30.060740935848337 ], [ -51.290957823188037, -30.060290778275149 ], [ -51.290814168425342, -30.05999647149261 ], [ -51.290846323510735, -30.059669232872469 ], [ -51.290733261668763, -30.059363649822409 ], [ -51.290771335853186, -30.059166530996208 ], [ -51.290686485121732, -30.05905193567499 ], [ -51.290824729647078, -30.058550642195264 ], [ -51.29066334430285, -30.058411672003849 ], [ -51.290393997191622, -30.058387489362946 ], [ -51.290280289878311, -30.058460777296812 ] ] ], [ [ [ -51.270599378365951, -30.05966171353597 ], [ -51.270409926071011, -30.059785294668501 ], [ -51.270381249227327, -30.060004868547217 ], [ -51.270622885286031, -30.059897496198037 ], [ -51.270713470800274, -30.05969095002521 ], [ -51.270599378365951, -30.05966171353597 ] ] ], [ [ [ -51.271788938813557, -30.058554312794598 ], [ -51.271234588844905, -30.058612245855137 ], [ -51.270968242527587, -30.058811920836437 ], [ -51.270765562890283, -30.058861559145889 ], [ -51.270777795241642, -30.059058796103088 ], [ -51.271164507389003, -30.059072214376386 ], [ -51.27100889745423, -30.059198118027794 ], [ -51.271092566373397, -30.059272767731649 ], [ -51.270971121389181, -30.059330603051372 ], [ -51.271035716437432, -30.059367261724063 ], [ -51.270995985632396, -30.059455994837762 ], [ -51.271183107583433, -30.059490772592902 ], [ -51.271463950364222, -30.059176099324187 ], [ -51.271514321846773, -30.058798996882327 ], [ -51.271610935921871, -30.058664273871717 ], [ -51.271916532247793, -30.058710623226862 ], [ -51.271788938813557, -30.058554312794598 ] ] ], [ [ [ -51.271734613424336, -30.057838956423272 ], [ -51.271295586617413, -30.058063352485895 ], [ -51.271095043716656, -30.058310478189977 ], [ -51.271161732241922, -30.058352211268449 ], [ -51.271096922381986, -30.058466765283494 ], [ -51.271402113706813, -30.05851473773242 ], [ -51.271918796457079, -30.058397308642412 ], [ -51.271788194065508, -30.058092196304305 ], [ -51.271928090742946, -30.057981579485428 ], [ -51.271848861370621, -30.057989153981868 ], [ -51.271734613424336, -30.057838956423272 ] ] ], [ [ [ -51.293260677493642, -30.056514009737334 ], [ -51.292855826569657, -30.05653913850993 ], [ -51.292833417447852, -30.056716573768856 ], [ -51.292588076955312, -30.056869093321374 ], [ -51.292621327977635, -30.057122443727955 ], [ -51.292807013571128, -30.057286217254383 ], [ -51.292803570590856, -30.057540282563238 ], [ -51.292511784215591, -30.058029335616869 ], [ -51.292343679543372, -30.058083078037775 ], [ -51.292274140612314, -30.058200108394175 ], [ -51.292346712997606, -30.058249032535368 ], [ -51.292443199924165, -30.058142602220663 ], [ -51.292530154739609, -30.058157292406818 ], [ -51.292501893800008, -30.058237000862757 ], [ -51.292586851027131, -30.058220174600248 ], [ -51.292694523709912, -30.058446451762553 ], [ -51.292811371282077, -30.058264583630365 ], [ -51.292769371914851, -30.058167658190268 ], [ -51.293045102138798, -30.058227506645963 ], [ -51.293043186311714, -30.057934380143699 ], [ -51.29314437059773, -30.057775041146282 ], [ -51.292949443017271, -30.057669850633651 ], [ -51.29301738733399, -30.057471969972756 ], [ -51.293060482499904, -30.057562114591821 ], [ -51.293143468846679, -30.057517166976471 ], [ -51.293055614444363, -30.057362354725345 ], [ -51.293197155769484, -30.057099993559564 ], [ -51.293190713979968, -30.056781149469902 ], [ -51.293260540154776, -30.056719709324142 ], [ -51.293260677493642, -30.056514009737334 ] ] ], [ [ [ -51.271190142799263, -30.057394181917658 ], [ -51.271199253354226, -30.057448737870391 ], [ -51.271525190934277, -30.05748292299819 ], [ -51.271535505233551, -30.05753276391388 ], [ -51.271738420444386, -30.057467991346456 ], [ -51.271544368916402, -30.057016050957163 ], [ -51.271309449633584, -30.056842480851163 ], [ -51.271110714337972, -30.05690527036456 ], [ -51.271139371433762, -30.057015031025763 ], [ -51.271030094329724, -30.057097213131122 ], [ -51.271100188981983, -30.057174870446378 ], [ -51.271162835024626, -30.057134605418504 ], [ -51.271149169591268, -30.05721920108477 ], [ -51.271055227709439, -30.057251546203922 ], [ -51.270957332187756, -30.057451283415588 ], [ -51.271057236329654, -30.057531717303409 ], [ -51.271190142799263, -30.057394181917658 ] ] ], [ [ [ -51.291507102864671, -30.056941634279799 ], [ -51.291579784959232, -30.057025965685067 ], [ -51.291661004975495, -30.056934132230488 ], [ -51.291589217595792, -30.056874144515536 ], [ -51.291507102864671, -30.056941634279799 ] ] ], [ [ [ -51.293400289594203, -30.056387511134368 ], [ -51.293439936973449, -30.056369117441193 ], [ -51.293406490132028, -30.056329229441914 ], [ -51.293400289594203, -30.056387511134368 ] ] ], [ [ [ -51.294296319196043, -30.055149633458242 ], [ -51.29413259702762, -30.055543201389426 ], [ -51.293999182652023, -30.055633752125303 ], [ -51.293860734525516, -30.055621078677987 ], [ -51.293914428686861, -30.055683460059242 ], [ -51.29380012295502, -30.055764984861561 ], [ -51.293821590239062, -30.055823086587324 ], [ -51.293699234416771, -30.055813374663913 ], [ -51.293630846620651, -30.056003161341586 ], [ -51.293417940563224, -30.056024608368105 ], [ -51.293402427473147, -30.056257232704414 ], [ -51.293490160361323, -30.056075288154712 ], [ -51.293494746028834, -30.056138598392138 ], [ -51.293565095609452, -30.056115595911791 ], [ -51.293723692479432, -30.05623374946023 ], [ -51.293814827800205, -30.05597615947455 ], [ -51.29389700132694, -30.055986613309528 ], [ -51.293870055709938, -30.055878714886418 ], [ -51.294091081278701, -30.055839454324722 ], [ -51.294230477731453, -30.055731184773464 ], [ -51.294223963066841, -30.055625522094498 ], [ -51.294340164542412, -30.055611175909334 ], [ -51.294369299779937, -30.055546272903428 ], [ -51.294282122933382, -30.055491584797409 ], [ -51.29440348851071, -30.055148101788781 ], [ -51.294296319196043, -30.055149633458242 ] ] ], [ [ [ -51.294427774378306, -30.054581887823179 ], [ -51.294347383754733, -30.054612192212726 ], [ -51.294330968546312, -30.05469151464516 ], [ -51.294460443407658, -30.054662818853966 ], [ -51.294427774378306, -30.054581887823179 ] ] ], [ [ [ -51.294507415398314, -30.054243275561035 ], [ -51.294229497273747, -30.054438874734682 ], [ -51.294537658146787, -30.054420664500373 ], [ -51.294516337117244, -30.054562345974503 ], [ -51.294595014432147, -30.054459835629626 ], [ -51.294507415398314, -30.054243275561035 ] ] ], [ [ [ -51.263942397949883, -30.050978138825894 ], [ -51.264205734562573, -30.050959708945772 ], [ -51.264225874442232, -30.050794979714627 ], [ -51.263929178750494, -30.050648787805876 ], [ -51.263851490400434, -30.05083869350392 ], [ -51.263942397949883, -30.050978138825894 ] ] ], [ [ [ -51.254858116549627, -30.044472641348005 ], [ -51.254774381192995, -30.044632660036953 ], [ -51.254776005061323, -30.044531811801431 ], [ -51.254700246768508, -30.044578139418253 ], [ -51.254818452833419, -30.044878990660663 ], [ -51.254714886471, -30.044859807061105 ], [ -51.254674065091514, -30.044974397914064 ], [ -51.254748815786741, -30.045057720307486 ], [ -51.254856959780049, -30.045059722749105 ], [ -51.254874007692322, -30.044999964782068 ], [ -51.254909583166025, -30.045065956182569 ], [ -51.254700305661387, -30.045207092756666 ], [ -51.254684444191014, -30.045328609360887 ], [ -51.254850187732288, -30.045363462777157 ], [ -51.254885199670156, -30.045265589011443 ], [ -51.255012119367571, -30.04522651598106 ], [ -51.255150245250178, -30.045628693849128 ], [ -51.255204322698738, -30.045526530547566 ], [ -51.255350832080239, -30.04557742018407 ], [ -51.255421799229268, -30.045507198720568 ], [ -51.255354156584431, -30.045657553943894 ], [ -51.255556074131462, -30.045743384821375 ], [ -51.255514823879906, -30.045851832589818 ], [ -51.255707950176436, -30.046041835154313 ], [ -51.255609193331672, -30.04621436400592 ], [ -51.255800949403032, -30.046254522291331 ], [ -51.255778518465391, -30.046592425273477 ], [ -51.256014126349122, -30.046502920317842 ], [ -51.256112889154075, -30.046635966382976 ], [ -51.256014067228172, -30.046787172861226 ], [ -51.25610388580435, -30.046956427430487 ], [ -51.256247808543804, -30.047013338949942 ], [ -51.256239965935563, -30.047121111116589 ], [ -51.256415663813186, -30.047095026566407 ], [ -51.256505676279552, -30.046976168010769 ], [ -51.256552820653546, -30.04729057205347 ], [ -51.256722541374913, -30.047305657673416 ], [ -51.25666701371766, -30.047641410698244 ], [ -51.256840307662813, -30.047612058377585 ], [ -51.256834086803693, -30.047708753300657 ], [ -51.256961279029312, -30.047757885468172 ], [ -51.257026132938726, -30.047885653053495 ], [ -51.256943621185876, -30.047871481808908 ], [ -51.256862605010667, -30.047961918862988 ], [ -51.256892124582812, -30.048118878696858 ], [ -51.257206545826001, -30.048116435660077 ], [ -51.257107182261151, -30.047994416116175 ], [ -51.257376623242976, -30.047955276830994 ], [ -51.257423897290415, -30.048093224458729 ], [ -51.25712980323344, -30.048138783525815 ], [ -51.257252353754765, -30.048241636927383 ], [ -51.257169938141494, -30.048302936579155 ], [ -51.257307908427222, -30.048341804058026 ], [ -51.257597944989953, -30.048215893155469 ], [ -51.257538492598748, -30.048117835656104 ], [ -51.2576342705066, -30.047949935377662 ], [ -51.257832392651338, -30.048242481238464 ], [ -51.257963467233985, -30.048247597093077 ], [ -51.258013731381041, -30.048320621287999 ], [ -51.258168736331434, -30.048297038603021 ], [ -51.258165384761099, -30.048401697034862 ], [ -51.258336187445494, -30.048263905183831 ], [ -51.258343793009416, -30.048573863056816 ], [ -51.258526441438072, -30.048583767283592 ], [ -51.258775665932191, -30.048762166783572 ], [ -51.258911618322735, -30.048732363788289 ], [ -51.258824875699062, -30.04887321235767 ], [ -51.25887873730418, -30.049071605662256 ], [ -51.259071703192923, -30.049116611819422 ], [ -51.259074322389949, -30.049286701751594 ], [ -51.25923456022003, -30.049352831496172 ], [ -51.259261704325688, -30.049552836100638 ], [ -51.259458780973986, -30.049609092603625 ], [ -51.259580016570155, -30.049876103886451 ], [ -51.25971661090248, -30.049903071120262 ], [ -51.2596493647222, -30.05010148846922 ], [ -51.259754704649637, -30.050145396423943 ], [ -51.259833950166197, -30.050332729107115 ], [ -51.259968985448218, -30.050354066485319 ], [ -51.260052873333379, -30.050498703712499 ], [ -51.26013047051994, -30.050473990774748 ], [ -51.260252115824301, -30.050569414375644 ], [ -51.260214447785842, -30.050657845308947 ], [ -51.260336320817608, -30.050777182862227 ], [ -51.260485204066462, -30.050696250880925 ], [ -51.260455166223615, -30.05082596909461 ], [ -51.260592251298164, -30.050866709396473 ], [ -51.260600830917291, -30.050990252066544 ], [ -51.260735559797574, -30.051014954065081 ], [ -51.260662421082557, -30.051255809906355 ], [ -51.260799500084936, -30.051502929903357 ], [ -51.261001062862753, -30.051434109011208 ], [ -51.261161813059566, -30.051501638104867 ], [ -51.261043716519339, -30.051641166522959 ], [ -51.261141821385714, -30.051627218453461 ], [ -51.26100445665319, -30.051802992391373 ], [ -51.261026027470578, -30.05189712355833 ], [ -51.261079759471833, -30.051864321451642 ], [ -51.261175283281716, -30.051950637974997 ], [ -51.261267859110049, -30.051907354810673 ], [ -51.261212461028457, -30.052125964350235 ], [ -51.261385311698064, -30.052131488136137 ], [ -51.261391164761143, -30.052314083527044 ], [ -51.261514421545115, -30.052320984869816 ], [ -51.261598646441932, -30.052513445728252 ], [ -51.261748775087305, -30.052492647863449 ], [ -51.261671615260383, -30.05265260261675 ], [ -51.26195687758689, -30.052609918724528 ], [ -51.261921908114182, -30.052854245293442 ], [ -51.26218083769907, -30.052871208301287 ], [ -51.262153130024757, -30.053018081813804 ], [ -51.262356256723628, -30.053116892502377 ], [ -51.262372205534142, -30.053193288673885 ], [ -51.262521578667112, -30.053176263081859 ], [ -51.262496190922619, -30.053279420230702 ], [ -51.262603235790792, -30.05345997685032 ], [ -51.26251171632034, -30.053474763540759 ], [ -51.262544613706311, -30.053557486508439 ], [ -51.262919975764689, -30.053633384707023 ], [ -51.262914749633708, -30.053803044470101 ], [ -51.263085481107545, -30.053764429056404 ], [ -51.263118551051129, -30.053927893313617 ], [ -51.263293964962031, -30.054086571209744 ], [ -51.263419020612361, -30.054012170586734 ], [ -51.263624639954948, -30.054065408706112 ], [ -51.263680319220086, -30.054215204086926 ], [ -51.263814116908193, -30.054145268058953 ], [ -51.263818547277253, -30.054278810339031 ], [ -51.264044953067568, -30.054318527933262 ], [ -51.264115686532421, -30.054468540067393 ], [ -51.264349220460069, -30.05445882800548 ], [ -51.264356388360184, -30.054524906292581 ], [ -51.264489351892067, -30.054559797090569 ], [ -51.264548310325026, -30.05446916616712 ], [ -51.264593365667508, -30.054571932991088 ], [ -51.264726185204999, -30.054485193832193 ], [ -51.264808950424907, -30.05462449968994 ], [ -51.265018144270122, -30.054609624061538 ], [ -51.264928403905117, -30.054643231906184 ], [ -51.264970390062381, -30.054755279189827 ], [ -51.265136723460877, -30.054784779745937 ], [ -51.265246723796764, -30.054668418058931 ], [ -51.265544241650446, -30.054948839218302 ], [ -51.265720121346803, -30.054875542587816 ], [ -51.26600354768366, -30.054911258065008 ], [ -51.266002995447472, -30.055038689626873 ], [ -51.266090694437452, -30.054993233494351 ], [ -51.266137086571526, -30.055190360419612 ], [ -51.266168447572376, -30.05512185702128 ], [ -51.266226977043118, -30.055148486480373 ], [ -51.266236613697863, -30.055344975115624 ], [ -51.266359008503919, -30.055304549890163 ], [ -51.26647550272417, -30.055415159358169 ], [ -51.266595982976817, -30.055401736506916 ], [ -51.266559897684374, -30.055481870329984 ], [ -51.266705113494098, -30.055518779983519 ], [ -51.266625751129546, -30.055578321124329 ], [ -51.266670648615126, -30.055631250550022 ], [ -51.266876502948321, -30.055561028166661 ], [ -51.266919494966622, -30.055669395833409 ], [ -51.266828244288504, -30.055724608630225 ], [ -51.266966388940084, -30.055728537420592 ], [ -51.266926983300266, -30.055838029448907 ], [ -51.267007711885199, -30.055836251720386 ], [ -51.267098262432292, -30.055977638549713 ], [ -51.266623988698981, -30.056322790581692 ], [ -51.266653008277572, -30.056392102614481 ], [ -51.266792651657724, -30.056380699295442 ], [ -51.266789698620848, -30.056482171688202 ], [ -51.266580139683548, -30.056855297753792 ], [ -51.266516148902646, -30.056879255314911 ], [ -51.266541401755603, -30.056784262566875 ], [ -51.266381034070044, -30.056910663882434 ], [ -51.266613075228108, -30.056964898295927 ], [ -51.266639067814459, -30.057039961884545 ], [ -51.266472168584997, -30.057120606213392 ], [ -51.266529911972974, -30.057196699716663 ], [ -51.266641404380302, -30.057144136129239 ], [ -51.266760411346688, -30.057261580771421 ], [ -51.266896327743311, -30.057198705223719 ], [ -51.266775468375158, -30.057067254072816 ], [ -51.266912645675468, -30.056896189873864 ], [ -51.267043507459668, -30.057012751410241 ], [ -51.267223788606131, -30.056955264730469 ], [ -51.267319207971909, -30.057084593145515 ], [ -51.267354898932965, -30.056983532306276 ], [ -51.267529917572524, -30.056967136267847 ], [ -51.267565717979011, -30.056857507981459 ], [ -51.267788197566361, -30.057034735641366 ], [ -51.267800572070072, -30.05715683743821 ], [ -51.267971658688765, -30.057118527085368 ], [ -51.26825159793561, -30.057209808224403 ], [ -51.268270702254746, -30.057143829047341 ], [ -51.268128594560466, -30.05709538517095 ], [ -51.26815651943145, -30.056948091507877 ], [ -51.268060770451022, -30.057117135760418 ], [ -51.267967090693425, -30.057045372236033 ], [ -51.268002615865257, -30.056784045019491 ], [ -51.26803507176313, -30.056848209615314 ], [ -51.268187309009221, -30.056860652102873 ], [ -51.268270873116876, -30.057072576074756 ], [ -51.268551504975242, -30.057091907026646 ], [ -51.268614506221262, -30.05696811419336 ], [ -51.268662983328618, -30.057088354209881 ], [ -51.268894226372737, -30.057227321505572 ], [ -51.268860770885695, -30.056992258783218 ], [ -51.268945885229471, -30.056755801630295 ], [ -51.269036210420538, -30.056911081569776 ], [ -51.269278706955284, -30.056948787917705 ], [ -51.269268564180472, -30.056805533955217 ], [ -51.269443156260294, -30.056587792056181 ], [ -51.269331984328566, -30.056774075332577 ], [ -51.269514415146624, -30.05685238652665 ], [ -51.269526688426929, -30.056730741354102 ], [ -51.269678658766395, -30.056738064193418 ], [ -51.26974161263928, -30.056807424110247 ], [ -51.269660091654998, -30.056948720857427 ], [ -51.26978191157388, -30.057070895674737 ], [ -51.26999634476627, -30.057111883243675 ], [ -51.269990202633252, -30.057289640401976 ], [ -51.270154496626105, -30.057268678459238 ], [ -51.270215535018224, -30.057147948797535 ], [ -51.270389911696043, -30.05707932276977 ], [ -51.270290981245637, -30.056905726445816 ], [ -51.270388809018478, -30.056784184067695 ], [ -51.270496832765915, -30.056898926290305 ], [ -51.270815585483682, -30.056612462309317 ], [ -51.270865101353806, -30.056651668977448 ], [ -51.270931431670327, -30.056505145391458 ], [ -51.271067575330704, -30.056634031744306 ], [ -51.271202211283544, -30.056556209439591 ], [ -51.271242082348074, -30.056431914580138 ], [ -51.271323846102355, -30.056491316440891 ], [ -51.271425106662186, -30.056445017803629 ], [ -51.271382161317383, -30.056331349954284 ], [ -51.271053197565593, -30.056068396589389 ], [ -51.271147536996175, -30.055939928252585 ], [ -51.271059510793627, -30.055756199348 ], [ -51.270962940640089, -30.05573225297109 ], [ -51.271085923120836, -30.055595562622063 ], [ -51.271406950119768, -30.055717391015293 ], [ -51.271455011008911, -30.055554781765416 ], [ -51.271259366395242, -30.055313164126868 ], [ -51.271282723471131, -30.055270892630279 ], [ -51.27142785234166, -30.055353350179914 ], [ -51.271449291557552, -30.055273674663916 ], [ -51.27130450008783, -30.055256745302483 ], [ -51.27096371218046, -30.054762590919868 ], [ -51.27072245349089, -30.054816431203889 ], [ -51.270545388430023, -30.054682685173347 ], [ -51.270541458937778, -30.054784404136441 ], [ -51.270394300942428, -30.054793065575463 ], [ -51.270094626497688, -30.054606636211481 ], [ -51.270110633224647, -30.054520992089618 ], [ -51.269909874888278, -30.054500960167164 ], [ -51.269964718616102, -30.054449644845857 ], [ -51.269912703283431, -30.054396395571061 ], [ -51.269368758151685, -30.054453002147671 ], [ -51.268564367848882, -30.054273307839644 ], [ -51.267910436188998, -30.054215896502846 ], [ -51.267660104769917, -30.054257464063088 ], [ -51.267603719866301, -30.054206903779374 ], [ -51.267292798344123, -30.054246835741505 ], [ -51.266691128449281, -30.054080759733207 ], [ -51.266252196237154, -30.053843258592352 ], [ -51.266232110844243, -30.053753640297089 ], [ -51.265539540082486, -30.053531868275666 ], [ -51.265107183260795, -30.053037813841012 ], [ -51.264962764358103, -30.052760355111086 ], [ -51.26452232696159, -30.052377275047355 ], [ -51.264508466822818, -30.051910954410694 ], [ -51.264368168963856, -30.051881782279136 ], [ -51.264179974636612, -30.051569533904907 ], [ -51.264075771888756, -30.051560402007301 ], [ -51.264126510810641, -30.051361029635501 ], [ -51.263836745900228, -30.051252514858341 ], [ -51.263849183571644, -30.051120875470971 ], [ -51.263737284289789, -30.050979948549784 ], [ -51.263790445265634, -30.050893802124492 ], [ -51.26330017185068, -30.050722434312636 ], [ -51.262963075167619, -30.050691577893438 ], [ -51.262438856254114, -30.050105495086672 ], [ -51.2620414584608, -30.04930522882794 ], [ -51.261975764492476, -30.048921739177793 ], [ -51.262049330747359, -30.048658429490814 ], [ -51.261950985229987, -30.048668426640376 ], [ -51.262221621749703, -30.048553747299422 ], [ -51.262638486203286, -30.048571499555241 ], [ -51.262670578638321, -30.048444067123945 ], [ -51.262387840061663, -30.048161450883587 ], [ -51.262172715765317, -30.048077516108386 ], [ -51.262177355845644, -30.048008570694968 ], [ -51.261393681382643, -30.047819693182944 ], [ -51.261310564013506, -30.047730656646241 ], [ -51.261306246381771, -30.047532776610694 ], [ -51.261090601900051, -30.047420434160728 ], [ -51.261000289382203, -30.047267477635533 ], [ -51.260543372030853, -30.047179298198131 ], [ -51.260218935042907, -30.046951180390323 ], [ -51.259928377007476, -30.046896922062025 ], [ -51.259878365416448, -30.046824778530006 ], [ -51.259482409834597, -30.046762962196322 ], [ -51.259263210588323, -30.046558710322245 ], [ -51.259074906551767, -30.046522964238726 ], [ -51.259030358674543, -30.046424319636067 ], [ -51.25882556389022, -30.046431953973503 ], [ -51.258692146622337, -30.046220303823571 ], [ -51.258404223100428, -30.046191980240831 ], [ -51.258055728702182, -30.045726160195496 ], [ -51.257480488775386, -30.045325227918308 ], [ -51.257391308103649, -30.045096625149981 ], [ -51.25701169711111, -30.044936029756173 ], [ -51.256867283302356, -30.044753291434375 ], [ -51.256407749015878, -30.044720488508975 ], [ -51.256055532305538, -30.044430881693685 ], [ -51.255748321106502, -30.044433896983826 ], [ -51.255512844319135, -30.044352483270547 ], [ -51.255357986413628, -30.044403362604072 ], [ -51.255199612638137, -30.044347584077027 ], [ -51.255141060868141, -30.044652544098323 ], [ -51.255107089688352, -30.044506523983095 ], [ -51.254858116549627, -30.044472641348005 ] ] ], [ [ [ -51.263395691692587, -30.050079652497676 ], [ -51.263524693940155, -30.050100397512487 ], [ -51.263570552773629, -30.050011994326564 ], [ -51.263373404454121, -30.049951765012246 ], [ -51.263395691692587, -30.050079652497676 ] ] ], [ [ [ -51.269848674128376, -29.939751566808141 ], [ -51.26905979766174, -29.939760279042627 ], [ -51.268949788552902, -29.93992284868196 ], [ -51.269022717497165, -29.941054905517692 ], [ -51.268857976052836, -29.941185928186972 ], [ -51.268855900292643, -29.941296086981719 ], [ -51.268618842095471, -29.941591674071653 ], [ -51.268172316025478, -29.941710723335042 ], [ -51.268037006922484, -29.941963386618713 ], [ -51.267759875195104, -29.941858312192231 ], [ -51.267352667995723, -29.941904362346357 ], [ -51.266707292548801, -29.941771010417213 ], [ -51.266454793489586, -29.941802424602635 ], [ -51.266249585217281, -29.941698441970615 ], [ -51.266011673432935, -29.941752009570337 ], [ -51.26590079806784, -29.941686977527631 ], [ -51.265388913230325, -29.941652111612541 ], [ -51.265157056429523, -29.94171934413917 ], [ -51.264966942674505, -29.941593554961479 ], [ -51.264542623976631, -29.941525042400002 ], [ -51.26422686776251, -29.941574425661411 ], [ -51.262265019798974, -29.941135505430982 ], [ -51.261180619023655, -29.94127261219343 ], [ -51.26075987188851, -29.94120463154556 ], [ -51.260375691367436, -29.941351433277429 ], [ -51.260269097315799, -29.941296493432542 ], [ -51.259694895405651, -29.941454019050873 ], [ -51.259592708946563, -29.9416017167988 ], [ -51.258973514328936, -29.94169190794431 ], [ -51.258762807669314, -29.941818051262096 ], [ -51.258428512178575, -29.941807104214732 ], [ -51.257297946739499, -29.942293470149824 ], [ -51.256748236523208, -29.94242754257521 ], [ -51.25657087332219, -29.942677833185133 ], [ -51.256358654132889, -29.942688338904272 ], [ -51.255539459191219, -29.943101048226598 ], [ -51.255542971835155, -29.94317972236286 ], [ -51.255340638654054, -29.943200046569626 ], [ -51.254849393006786, -29.943545684636373 ], [ -51.254186893780115, -29.943877554013117 ], [ -51.253556872080644, -29.944343014776194 ], [ -51.252921566634001, -29.944614727954448 ], [ -51.252762263054322, -29.944726415001547 ], [ -51.252660046580559, -29.944940968029162 ], [ -51.252166463183514, -29.945211613754985 ], [ -51.251343268556489, -29.94587746130841 ], [ -51.251316185757673, -29.94599514959474 ], [ -51.250887183093887, -29.946393576292049 ], [ -51.250922837917123, -29.946495697356788 ], [ -51.250802316002556, -29.946511210269769 ], [ -51.250662178965811, -29.946764236588784 ], [ -51.250461333641965, -29.946961220139123 ], [ -51.250264623814459, -29.947029149047111 ], [ -51.249657375377865, -29.947696751628669 ], [ -51.248734911302442, -29.948317197233802 ], [ -51.24838093743427, -29.948623168650943 ], [ -51.248336467737694, -29.948741892203479 ], [ -51.248062127606609, -29.94885689982895 ], [ -51.247416546505526, -29.949428019722948 ], [ -51.24707789316993, -29.949583285289119 ], [ -51.247078398500328, -29.949704726023697 ], [ -51.246966630692008, -29.949807052262603 ], [ -51.246850323756405, -29.949811820400065 ], [ -51.246671983022125, -29.949981463627971 ], [ -51.246577465121, -29.949953971978832 ], [ -51.246466733387969, -29.950121379283246 ], [ -51.245803217424026, -29.950646357632049 ], [ -51.245399737987057, -29.951132500075889 ], [ -51.245063581879016, -29.951357157615973 ], [ -51.245044566394988, -29.951464353377407 ], [ -51.244494127414029, -29.951871203067679 ], [ -51.244422248919278, -29.95204388242189 ], [ -51.244245019168311, -29.952044524958321 ], [ -51.244273419930124, -29.952161490935055 ], [ -51.244175671426241, -29.952147898720682 ], [ -51.244058299182768, -29.952314446643008 ], [ -51.24348266472326, -29.952613603720092 ], [ -51.242753320416192, -29.953202963369044 ], [ -51.242586014765607, -29.953228307640504 ], [ -51.242123287673948, -29.953674170711501 ], [ -51.241986644853924, -29.953673870520248 ], [ -51.241823052959951, -29.953910202589498 ], [ -51.241702232409118, -29.953947879732524 ], [ -51.241552967636011, -29.954267402732771 ], [ -51.241285586235726, -29.954425091927995 ], [ -51.24114961607124, -29.95486963474011 ], [ -51.241053158542101, -29.954880235070679 ], [ -51.241015317690596, -29.955025525434298 ], [ -51.240848108715838, -29.955141855618869 ], [ -51.240827471021525, -29.955409857824993 ], [ -51.24054310039439, -29.955665871899324 ], [ -51.240488376014589, -29.955876372829771 ], [ -51.240266577544269, -29.95612297948302 ], [ -51.240143242695325, -29.956154248508799 ], [ -51.240061792365609, -29.956463028341773 ], [ -51.239238372440447, -29.957417744920583 ], [ -51.23917240546789, -29.957405109792735 ], [ -51.239064313373589, -29.957618349219583 ], [ -51.238862659255702, -29.957802919656686 ], [ -51.238825897685388, -29.957760080306279 ], [ -51.23875682327882, -29.957974891482856 ], [ -51.238017100999102, -29.958728674925684 ], [ -51.237971415190358, -29.958952345401041 ], [ -51.237143175272976, -29.959912073992331 ], [ -51.237140173091682, -29.960083223375072 ], [ -51.237013859444055, -29.960157456740415 ], [ -51.236822101168578, -29.960770529179502 ], [ -51.236832400091409, -29.961669840927662 ], [ -51.236983648144395, -29.961608076913418 ], [ -51.237058511519983, -29.961647204595401 ], [ -51.237159445163812, -29.961565809057234 ], [ -51.237874762547641, -29.960372584866498 ], [ -51.23799305174424, -29.960003848265313 ], [ -51.238096695335614, -29.959989007202417 ], [ -51.238065754742202, -29.959921457469743 ], [ -51.238423911611449, -29.959641377050659 ], [ -51.238583596629759, -29.959235479387683 ], [ -51.238893441088024, -29.958917176303654 ], [ -51.238918981115013, -29.958771943203605 ], [ -51.239043549931189, -29.95875436164529 ], [ -51.239504095121454, -29.958043592885847 ], [ -51.239731904717651, -29.957921959862624 ], [ -51.239721524031822, -29.957793656819103 ], [ -51.239936330145056, -29.957678026259053 ], [ -51.239983893412962, -29.957489314597712 ], [ -51.241011213020748, -29.956444031602796 ], [ -51.241461785425308, -29.956160265497406 ], [ -51.241759119417281, -29.956064947696643 ], [ -51.241802221554927, -29.955948053924985 ], [ -51.24259176209253, -29.955689974142949 ], [ -51.243116212061004, -29.955390946137619 ], [ -51.243402435743207, -29.95536283222733 ], [ -51.243556673578709, -29.955202112080926 ], [ -51.243846898998996, -29.955249349993771 ], [ -51.244047375427385, -29.955073281859498 ], [ -51.244533468928473, -29.955058661456299 ], [ -51.245246377327781, -29.954830844648477 ], [ -51.245856122364231, -29.954732043648409 ], [ -51.246038686326045, -29.954773277386415 ], [ -51.246373800899654, -29.954674958518023 ], [ -51.246460662235755, -29.954717926704795 ], [ -51.246668417146388, -29.95464191256567 ], [ -51.246888412985363, -29.954666313910714 ], [ -51.247332392450318, -29.95453477600315 ], [ -51.248266708885453, -29.954480392826198 ], [ -51.248329988443317, -29.954532465867143 ], [ -51.248337592040592, -29.954465259031789 ], [ -51.248637186764014, -29.954428459165072 ], [ -51.248896041726596, -29.954485645769338 ], [ -51.249932480472246, -29.954336128282911 ], [ -51.2516274047981, -29.954495073426269 ], [ -51.251679181536915, -29.954577423466958 ], [ -51.251716349888973, -29.954508202404345 ], [ -51.251956437208072, -29.954581283281321 ], [ -51.252055840789247, -29.954525204978999 ], [ -51.25214249606298, -29.954611638706975 ], [ -51.252940783102019, -29.954716267772316 ], [ -51.253185795989921, -29.954833223519142 ], [ -51.253342999689629, -29.954786084915671 ], [ -51.25379788482865, -29.954964136954391 ], [ -51.25412608165054, -29.95491516686258 ], [ -51.254211825398976, -29.955033791735278 ], [ -51.254280614606557, -29.95498577520803 ], [ -51.255294231292325, -29.955292759652234 ], [ -51.255423380696392, -29.95524342938263 ], [ -51.255740513085094, -29.955410782841362 ], [ -51.25599294603041, -29.955350929579915 ], [ -51.256657385378773, -29.955531063265191 ], [ -51.256912863973405, -29.95549304410503 ], [ -51.257262606900042, -29.955576512911446 ], [ -51.257453872861603, -29.955536937429763 ], [ -51.257527746054379, -29.955599743843042 ], [ -51.25759291491503, -29.955546293873223 ], [ -51.257900872988436, -29.955677405299991 ], [ -51.258110735533556, -29.955625875645804 ], [ -51.258227217792147, -29.955742276211431 ], [ -51.258304744277353, -29.955680002531707 ], [ -51.258456381767544, -29.955777469132464 ], [ -51.259890096893564, -29.955880447292991 ], [ -51.260035257250394, -29.955990221447543 ], [ -51.261146430303242, -29.956080014399944 ], [ -51.261187705275574, -29.956144303260928 ], [ -51.261602061773878, -29.956214317344003 ], [ -51.262542829854283, -29.956238209503091 ], [ -51.26279505884871, -29.956302867613456 ], [ -51.263037711743969, -29.956243576975847 ], [ -51.263210165705075, -29.95633890904697 ], [ -51.263312158180597, -29.956259826948401 ], [ -51.264544673777976, -29.956357664291836 ], [ -51.264687691546051, -29.956276681921082 ], [ -51.26495598998217, -29.956364460662222 ], [ -51.26522762409801, -29.956313080529409 ], [ -51.265349100385684, -29.956402139014358 ], [ -51.265495685667794, -29.956382461101882 ], [ -51.265482744614886, -29.956306509126744 ], [ -51.265653730770083, -29.956349165190279 ], [ -51.265721726734697, -29.956236781781229 ], [ -51.265772733050646, -29.956334420261907 ], [ -51.266121044504665, -29.956405189295332 ], [ -51.266202148195397, -29.95634342247919 ], [ -51.266401835026734, -29.956422203945348 ], [ -51.26656423287654, -29.956350417923311 ], [ -51.266891716961233, -29.956440608788384 ], [ -51.267071447313405, -29.956337475850223 ], [ -51.267972371039747, -29.956414926498269 ], [ -51.268157979339286, -29.956320682106711 ], [ -51.268279513921215, -29.956399614331545 ], [ -51.268307656000594, -29.956325204585482 ], [ -51.268657874466115, -29.9563486385636 ], [ -51.269043786443333, -29.956255214853773 ], [ -51.269342928450314, -29.956335790522584 ], [ -51.269541395674779, -29.956236148569626 ], [ -51.269710834808983, -29.956348327801958 ], [ -51.269963982226074, -29.956361172290418 ], [ -51.270094937341703, -29.956242002807699 ], [ -51.271581256971238, -29.956385763671701 ], [ -51.271732301568065, -29.956308472906901 ], [ -51.271783069480342, -29.956373426246039 ], [ -51.272193714831737, -29.956456664764406 ], [ -51.272294200330194, -29.956411081248522 ], [ -51.272401594116879, -29.956485025877154 ], [ -51.272892604451656, -29.956400631907105 ], [ -51.273298661408262, -29.956506940608406 ], [ -51.273554061662352, -29.956470909180574 ], [ -51.274165044903647, -29.956640260842597 ], [ -51.275053139452439, -29.956627220296856 ], [ -51.275347159324582, -29.956687124862519 ], [ -51.275389557992071, -29.956773454335043 ], [ -51.275618964950745, -29.956788961789744 ], [ -51.275663455010218, -29.956715525758856 ], [ -51.27573175153826, -29.956805400337352 ], [ -51.278548630298978, -29.957203479870014 ], [ -51.279264335377313, -29.957414372799452 ], [ -51.279510251786206, -29.95738218387698 ], [ -51.279874239904359, -29.957474241469633 ], [ -51.280357143272198, -29.957485505156043 ], [ -51.280825338391345, -29.957663882691957 ], [ -51.28106753414442, -29.957642174035971 ], [ -51.281244159386702, -29.957781522384707 ], [ -51.282258213287555, -29.957935484028233 ], [ -51.282651276378836, -29.958097058197204 ], [ -51.282807166699989, -29.95806708233772 ], [ -51.282848704182975, -29.958163636568099 ], [ -51.283026992209315, -29.958116751126067 ], [ -51.283100363963385, -29.958217464154448 ], [ -51.283275947970047, -29.95811281880793 ], [ -51.283427909628301, -29.958269432089345 ], [ -51.283587537741646, -29.958269362864954 ], [ -51.284009447926536, -29.95850775544961 ], [ -51.284267953108696, -29.958512864115278 ], [ -51.284666690254916, -29.958724124154358 ], [ -51.284923202165949, -29.958698502035034 ], [ -51.285005344103681, -29.958756097871831 ], [ -51.284960651289644, -29.958880205055351 ], [ -51.285081614990141, -29.958949769896005 ], [ -51.285324813259919, -29.958949688218745 ], [ -51.285412305754477, -29.958880816993705 ], [ -51.285331530016251, -29.958999173956698 ], [ -51.285425706656049, -29.959152555088785 ], [ -51.285487555586492, -29.95912762404399 ], [ -51.286222456152103, -29.959614172852906 ], [ -51.286513197065048, -29.959753962529497 ], [ -51.286751917661185, -29.959631176484034 ], [ -51.287246537560179, -29.959869349816071 ], [ -51.287067246605908, -29.960186993535512 ], [ -51.287268825434012, -29.960235185734231 ], [ -51.287485609756025, -29.960541101808712 ], [ -51.287786242139347, -29.960627443537135 ], [ -51.287796597797211, -29.960718334082827 ], [ -51.288095859300959, -29.960904542835046 ], [ -51.288395966277598, -29.96096694697432 ], [ -51.28841777728568, -29.961055899026118 ], [ -51.289195151318829, -29.961345429425741 ], [ -51.289675392017493, -29.961618931623885 ], [ -51.290471637379291, -29.961824556058517 ], [ -51.290583199247287, -29.961930060096567 ], [ -51.290912095242398, -29.961965650300353 ], [ -51.291035059916091, -29.962070706588012 ], [ -51.291348536677383, -29.962060575949209 ], [ -51.291522634518849, -29.962186831802132 ], [ -51.292035792141867, -29.96211917061234 ], [ -51.292698388289168, -29.96231294711712 ], [ -51.292984183357433, -29.9621951818248 ], [ -51.293179491171742, -29.962267169161898 ], [ -51.293326646575089, -29.962190497479707 ], [ -51.293670670803962, -29.962292863228377 ], [ -51.293852256929817, -29.962102395005079 ], [ -51.29385078847006, -29.962229745569012 ], [ -51.293998124675817, -29.962287919211487 ], [ -51.294097688067438, -29.962165275203649 ], [ -51.294333431307756, -29.962216783917352 ], [ -51.2944581601013, -29.962084963147003 ], [ -51.294622766921556, -29.962162804850966 ], [ -51.294770472027047, -29.962096250131605 ], [ -51.294864897515552, -29.962165181485229 ], [ -51.294969907768554, -29.962145207495446 ], [ -51.294965866428825, -29.962068782192517 ], [ -51.29503204601599, -29.962170016946168 ], [ -51.295246328910267, -29.962025361804205 ], [ -51.295390456130441, -29.962102140655396 ], [ -51.295485370646745, -29.962004220061573 ], [ -51.295599569980872, -29.962071030798178 ], [ -51.295748004005347, -29.962016492980581 ], [ -51.296022730266024, -29.962047781615837 ], [ -51.296912621481653, -29.961523535105417 ], [ -51.296979336508514, -29.961341548586176 ], [ -51.297137811632489, -29.961307155808441 ], [ -51.297213368835905, -29.961165338852812 ], [ -51.297363531438513, -29.961158012333879 ], [ -51.298188614036825, -29.960093789504768 ], [ -51.298306842407754, -29.959730871589333 ], [ -51.298656592538805, -29.959371389207103 ], [ -51.298759257108664, -29.958831898517754 ], [ -51.298961455867115, -29.958472157094199 ], [ -51.299015160227206, -29.957907243162857 ], [ -51.299236958402247, -29.957283406378913 ], [ -51.29920240866867, -29.957134276790217 ], [ -51.299403207294283, -29.956785350421001 ], [ -51.299319207491941, -29.956702517892996 ], [ -51.299405061514186, -29.956591352279681 ], [ -51.299486564278844, -29.955386962299784 ], [ -51.299629957661033, -29.955029763768426 ], [ -51.299773779877086, -29.954892157995339 ], [ -51.299656446032465, -29.954632231748505 ], [ -51.299718044250312, -29.953997069527052 ], [ -51.299568530758258, -29.953035116320695 ], [ -51.299683841397851, -29.952858432198202 ], [ -51.299690148184652, -29.952243940993842 ], [ -51.299310757673886, -29.952242685112818 ], [ -51.299019001371228, -29.952070265090708 ], [ -51.298729876153303, -29.952255093675667 ], [ -51.298591639776291, -29.952192622270108 ], [ -51.298398104659583, -29.952295790561532 ], [ -51.298195951286885, -29.952243073582434 ], [ -51.298097496299718, -29.952113823518765 ], [ -51.298047145310427, -29.952221777746907 ], [ -51.297901114859272, -29.952264849681619 ], [ -51.297633136552335, -29.952161050983818 ], [ -51.297306333021055, -29.952215972727263 ], [ -51.297195486614839, -29.952130642762661 ], [ -51.296912524570409, -29.952229322290176 ], [ -51.296274686288314, -29.952117137734767 ], [ -51.296043147190538, -29.952159440895176 ], [ -51.295748070195536, -29.952033507440927 ], [ -51.295523776977674, -29.952057133383029 ], [ -51.295339673740934, -29.951913422192568 ], [ -51.295114832069515, -29.951958235509128 ], [ -51.295000264645687, -29.951799883897447 ], [ -51.294135852610324, -29.951924063104361 ], [ -51.293007587743027, -29.951713162847604 ], [ -51.292586691892986, -29.951899322786318 ], [ -51.292310092214585, -29.951786781046355 ], [ -51.290956513546668, -29.951537157289177 ], [ -51.290664930559863, -29.951407299474781 ], [ -51.290654624175744, -29.951518390326299 ], [ -51.290560139665303, -29.951546891418541 ], [ -51.288888231223716, -29.951332701478066 ], [ -51.288362158877817, -29.951178742041979 ], [ -51.288030938417549, -29.950966658792339 ], [ -51.287633134112681, -29.951049205198988 ], [ -51.287418346087598, -29.950938304383378 ], [ -51.287332746853643, -29.950968488766147 ], [ -51.286634489599912, -29.950771537106736 ], [ -51.286499652890484, -29.950668818868287 ], [ -51.286334680836795, -29.950667273073652 ], [ -51.286153448651447, -29.950525506594445 ], [ -51.286121284564551, -29.950301042315449 ], [ -51.285508625906495, -29.950138361011383 ], [ -51.285411194726777, -29.950200098379675 ], [ -51.285389950988375, -29.950024323064135 ], [ -51.285045392509282, -29.949668916490666 ], [ -51.284058220587326, -29.949575278626508 ], [ -51.283934170058984, -29.949512070171252 ], [ -51.283905871305969, -29.949406587448639 ], [ -51.283818544046042, -29.949449035603507 ], [ -51.283410125682273, -29.94928584402733 ], [ -51.283175979611222, -29.949017163430572 ], [ -51.282814429451747, -29.948951678315975 ], [ -51.282747858754817, -29.948747169374652 ], [ -51.282263155112489, -29.948458799224777 ], [ -51.281698410301267, -29.948328606789936 ], [ -51.281258355285644, -29.947947618346017 ], [ -51.279702970869344, -29.94691975782245 ], [ -51.279009612262882, -29.94636520964124 ], [ -51.277722044396413, -29.945664279632702 ], [ -51.27766344855916, -29.945695316485885 ], [ -51.277273602359017, -29.945312891605809 ], [ -51.276913667199821, -29.944769345952448 ], [ -51.27639198433733, -29.944442164292354 ], [ -51.276380467198869, -29.94430554540445 ], [ -51.27595901209326, -29.944039663748544 ], [ -51.275908947280172, -29.943930152638377 ], [ -51.275618617434098, -29.943826066056836 ], [ -51.275612481908588, -29.94364787756227 ], [ -51.275451387506216, -29.943577251882047 ], [ -51.275498831342667, -29.943509485668837 ], [ -51.275244170457768, -29.943485382986488 ], [ -51.275134570566792, -29.943239688397707 ], [ -51.274722302798146, -29.942903716866731 ], [ -51.274519389728063, -29.942833400911407 ], [ -51.2743197716811, -29.942559541640346 ], [ -51.27410239784902, -29.942458002526354 ], [ -51.273954081034432, -29.942184719779352 ], [ -51.273746679500491, -29.942200957419104 ], [ -51.273774938484081, -29.942077592379043 ], [ -51.273660809312432, -29.941908078041298 ], [ -51.273342152789112, -29.941695553240585 ], [ -51.273358196038757, -29.941473024192025 ], [ -51.272829873190467, -29.941044759868138 ], [ -51.2724935105932, -29.940973444037411 ], [ -51.272290986729757, -29.940715045198377 ], [ -51.272169242666827, -29.940731346036358 ], [ -51.271883558407247, -29.940492922213497 ], [ -51.271584615771395, -29.940368704843664 ], [ -51.271355197296295, -29.940131047975314 ], [ -51.270775955644204, -29.94004642617109 ], [ -51.270556587218287, -29.939914874811048 ], [ -51.270215316318556, -29.939907981821058 ], [ -51.269848674128376, -29.939751566808141 ] ] ], [ [ [ -51.27259145344857, -29.938257551745629 ], [ -51.272407542379604, -29.938415398484267 ], [ -51.272650599586662, -29.938691051028993 ], [ -51.274094063434397, -29.93948070971841 ], [ -51.274129088628776, -29.939604631582476 ], [ -51.274428710952094, -29.939689750746307 ], [ -51.274821466553632, -29.93999969860629 ], [ -51.275006649158058, -29.940044262594341 ], [ -51.275028038667813, -29.940120081604718 ], [ -51.275521924062296, -29.940388404144141 ], [ -51.27555826042402, -29.940507751883136 ], [ -51.275736551663393, -29.940522492038607 ], [ -51.275892078448813, -29.94072951960591 ], [ -51.276029884907942, -29.94073078902878 ], [ -51.276308083384336, -29.940901304347783 ], [ -51.276857974672765, -29.941352483344502 ], [ -51.277233418851097, -29.941507973466347 ], [ -51.277465287227244, -29.94175484428321 ], [ -51.278511753535447, -29.942425774250701 ], [ -51.279055917087668, -29.942686458954395 ], [ -51.279160373657369, -29.942802646553346 ], [ -51.279332458039342, -29.942740040189193 ], [ -51.279508180878992, -29.942814823101358 ], [ -51.279592662226918, -29.942766929675038 ], [ -51.279840064334692, -29.942920937369603 ], [ -51.280146802277557, -29.942844630555779 ], [ -51.280147821969926, -29.942690281487636 ], [ -51.28002461301098, -29.942612582317324 ], [ -51.280046147624283, -29.942466120982555 ], [ -51.279911694886728, -29.942475611686774 ], [ -51.279920142526137, -29.942367041399006 ], [ -51.279614327484623, -29.94214845954782 ], [ -51.279369872820297, -29.941741780274274 ], [ -51.27853029433664, -29.941035144920953 ], [ -51.278104338772344, -29.940779017717837 ], [ -51.27798367227021, -29.940614432882423 ], [ -51.277334238841156, -29.94023560954767 ], [ -51.277244615032977, -29.940094963775806 ], [ -51.276804032925732, -29.939888533107474 ], [ -51.276791125566227, -29.939813949604165 ], [ -51.276484426182058, -29.939720871525552 ], [ -51.275863178758179, -29.93928277007829 ], [ -51.27532160995294, -29.939006355416733 ], [ -51.274711868105051, -29.938830997592458 ], [ -51.274434106556974, -29.938670533700865 ], [ -51.273184608182824, -29.938351686511801 ], [ -51.273068332658291, -29.938262448258914 ], [ -51.27259145344857, -29.938257551745629 ] ] ], [ [ [ -51.263452351098159, -29.930810326391057 ], [ -51.263500229365555, -29.930854745287355 ], [ -51.26341396264457, -29.930827130008673 ], [ -51.263015386996678, -29.93147171694223 ], [ -51.263009011860511, -29.931592884729387 ], [ -51.263222229530129, -29.931813192668589 ], [ -51.263662762323875, -29.931849390840298 ], [ -51.26369618649359, -29.931904293105632 ], [ -51.263847458211075, -29.931858378901733 ], [ -51.264376522182381, -29.932095318814582 ], [ -51.26475719897843, -29.932049867080082 ], [ -51.2652592203154, -29.932206681896957 ], [ -51.26560656228731, -29.932187980967825 ], [ -51.265913794031142, -29.93237338370897 ], [ -51.266173185665259, -29.932361308737239 ], [ -51.266195514095401, -29.932262265313192 ], [ -51.266278445430885, -29.932344224027897 ], [ -51.266447172661543, -29.932324404782083 ], [ -51.266611316838862, -29.93246312219361 ], [ -51.26678920111307, -29.932354834916016 ], [ -51.266852780340905, -29.932474711981346 ], [ -51.267357517550472, -29.932382798246252 ], [ -51.267529231553745, -29.932476399124013 ], [ -51.267721330316888, -29.932480035264437 ], [ -51.26798967977178, -29.932349250766695 ], [ -51.268456525683675, -29.932305149451746 ], [ -51.268667102322475, -29.932181554646384 ], [ -51.269104289180888, -29.932120005156069 ], [ -51.269304132344743, -29.932022859426084 ], [ -51.269816339283068, -29.932049807252632 ], [ -51.269982683753113, -29.931946951045141 ], [ -51.270694314533799, -29.93178106438091 ], [ -51.270538413559706, -29.931584286238362 ], [ -51.269497856717237, -29.931222139561424 ], [ -51.26859589487389, -29.931100879378931 ], [ -51.268373781350114, -29.931151412301695 ], [ -51.267400516083526, -29.930923436043216 ], [ -51.267185809766566, -29.930974781882892 ], [ -51.266849852518988, -29.930894850756943 ], [ -51.266760629532897, -29.930947055055778 ], [ -51.265870346464695, -29.930844778949787 ], [ -51.265756130704915, -29.930891197226909 ], [ -51.265577139261374, -29.930814434800126 ], [ -51.264340701455055, -29.930794061202828 ], [ -51.263722941206268, -29.930816746058376 ], [ -51.263699494747449, -29.93090383748061 ], [ -51.263452351098159, -29.930810326391057 ] ] ], [ [ [ -51.261839833589292, -30.012234888002808 ], [ -51.261508024202286, -30.012390047324008 ], [ -51.26149416223172, -30.012485186684327 ], [ -51.261335062102738, -30.012525275285494 ], [ -51.261382351503201, -30.012600808782079 ], [ -51.261068299749091, -30.012724840012726 ], [ -51.261072563122738, -30.012792144316016 ], [ -51.260997706316296, -30.012716802497149 ], [ -51.260777999818401, -30.012981636639982 ], [ -51.260527401267098, -30.013122916155801 ], [ -51.260487626155573, -30.013079882710006 ], [ -51.260066586779757, -30.013468455135577 ], [ -51.260015938277867, -30.013429405048733 ], [ -51.259781984760473, -30.013615281562881 ], [ -51.259582307786509, -30.013633348532952 ], [ -51.259036527734239, -30.014084118809762 ], [ -51.258790312597306, -30.014422179070817 ], [ -51.258633188827481, -30.014871637097261 ], [ -51.258519059437731, -30.014934469627253 ], [ -51.258273100322597, -30.015384022277267 ], [ -51.258198039991306, -30.015394924364049 ], [ -51.257508577249034, -30.016592893500665 ], [ -51.257433651950649, -30.016593852869825 ], [ -51.257390913103826, -30.016843826557494 ], [ -51.25731957860399, -30.016842467665334 ], [ -51.25694068147402, -30.017428333764428 ], [ -51.256677921448372, -30.018030465329748 ], [ -51.256581484794602, -30.018006982340342 ], [ -51.256675561157927, -30.018149229275188 ], [ -51.256503432806454, -30.018293013722296 ], [ -51.256426376552383, -30.018482749608722 ], [ -51.256484250638863, -30.018546073230169 ], [ -51.256325040082942, -30.018632820601994 ], [ -51.256418195398453, -30.01869418653645 ], [ -51.256220413306536, -30.019016837959374 ], [ -51.256109099727439, -30.019561070804329 ], [ -51.255903791668082, -30.019860116750539 ], [ -51.255894362427483, -30.020082925165983 ], [ -51.255719648707945, -30.02045345935624 ], [ -51.255598714017843, -30.020495716696409 ], [ -51.255586869109649, -30.020668162966704 ], [ -51.255418429892821, -30.020918910391 ], [ -51.255485894722469, -30.021000043055295 ], [ -51.25545850735103, -30.02115796323508 ], [ -51.255336093333888, -30.021147982755778 ], [ -51.255300068806342, -30.021217438357422 ], [ -51.255395236548516, -30.021260021221543 ], [ -51.25529240150604, -30.021462530483973 ], [ -51.25519851081323, -30.021496073953113 ], [ -51.255071556268234, -30.022049989420495 ], [ -51.254955418695623, -30.02209940493292 ], [ -51.255000922906696, -30.022260470993967 ], [ -51.254821936219841, -30.022393424174489 ], [ -51.25495456010885, -30.022583903981776 ], [ -51.254778764332116, -30.022574423328994 ], [ -51.254776391534612, -30.022728535863379 ], [ -51.254848361920352, -30.02277300880721 ], [ -51.254707553310702, -30.022773838022356 ], [ -51.254704391933103, -30.022958940913156 ], [ -51.254600264174123, -30.02303608587734 ], [ -51.254428527236698, -30.02343019869306 ], [ -51.254335512437514, -30.023895878543993 ], [ -51.25425325582421, -30.023939625921798 ], [ -51.254050879754395, -30.024443706167755 ], [ -51.253944507341934, -30.024428405350829 ], [ -51.253885096738799, -30.024714413407164 ], [ -51.253477381068265, -30.025421378789705 ], [ -51.253321119960383, -30.025872728038504 ], [ -51.253222701920059, -30.025925243587331 ], [ -51.253244493454197, -30.026020021025321 ], [ -51.253057384967498, -30.026208233595788 ], [ -51.253045158642109, -30.026399418590945 ], [ -51.252848833405174, -30.026656879981903 ], [ -51.252867654021813, -30.026753873317894 ], [ -51.252768867709605, -30.026765457504524 ], [ -51.252715586752608, -30.027063814602716 ], [ -51.252645507716551, -30.02707636834057 ], [ -51.252544299003809, -30.027417465787835 ], [ -51.2522497726019, -30.027848466959977 ], [ -51.252031247702796, -30.0284276779565 ], [ -51.251904889545862, -30.028657894951241 ], [ -51.251818716949359, -30.028603008571672 ], [ -51.251607173758742, -30.028678306200902 ], [ -51.25102743486233, -30.029328578247448 ], [ -51.251350295792598, -30.029480943864296 ], [ -51.251344030717881, -30.029710580809258 ], [ -51.251285700811522, -30.029863648040415 ], [ -51.25092711616918, -30.0298660003685 ], [ -51.251009308897459, -30.029942092367271 ], [ -51.250807792818144, -30.030173127303375 ], [ -51.250910224710118, -30.030375554519431 ], [ -51.251405158818123, -30.030620771913984 ], [ -51.251394567759945, -30.030678787905419 ], [ -51.25160442555336, -30.030688490237683 ], [ -51.251622135813072, -30.030794674567577 ], [ -51.251768905201878, -30.030721478279577 ], [ -51.251932150785358, -30.030776832340432 ], [ -51.252314535797694, -30.030734724963782 ], [ -51.252659548027211, -30.030882612831277 ], [ -51.252715369910213, -30.030972832491724 ], [ -51.253103125022356, -30.0308990642759 ], [ -51.253104434699459, -30.030976699741871 ], [ -51.252973302105758, -30.031003384250877 ], [ -51.253064282814023, -30.031155846626586 ], [ -51.253068008960057, -30.031045293016703 ], [ -51.253117797039657, -30.031065571981731 ], [ -51.253065092885102, -30.031221698070052 ], [ -51.253248148699896, -30.03136989849018 ], [ -51.25322931555462, -30.031594740637384 ], [ -51.253030323791812, -30.031676825402265 ], [ -51.252708501325635, -30.031580041030455 ], [ -51.252793902327234, -30.031258993344085 ], [ -51.252550829402892, -30.031306649689913 ], [ -51.252468711552261, -30.031120295348988 ], [ -51.252351494311029, -30.031318683636595 ], [ -51.252191207630759, -30.031251503368285 ], [ -51.252129236879185, -30.031312731018492 ], [ -51.252132964060891, -30.031223474112707 ], [ -51.252027672612329, -30.031278805633544 ], [ -51.252020879317975, -30.03121137975786 ], [ -51.251990449048385, -30.03127087173208 ], [ -51.251794200615876, -30.03122559417973 ], [ -51.25178880935529, -30.031064729213753 ], [ -51.251502736851258, -30.030926893034291 ], [ -51.251285843089427, -30.03105233886334 ], [ -51.2508889911892, -30.030879737710617 ], [ -51.25044354278748, -30.030869269573028 ], [ -51.250335991250807, -30.030774662151693 ], [ -51.250239503259145, -30.0308006970672 ], [ -51.250094014559316, -30.031190007124355 ], [ -51.250151835081837, -30.031378432561961 ], [ -51.250306521828165, -30.031523862048761 ], [ -51.250228739030725, -30.031572157572615 ], [ -51.250219195186595, -30.031770027916572 ], [ -51.250403047793839, -30.031923027223872 ], [ -51.250241465296348, -30.03196677778546 ], [ -51.250322422202494, -30.0319986454796 ], [ -51.250242366052433, -30.032248984140249 ], [ -51.250368247003614, -30.0325136008952 ], [ -51.250273504583539, -30.032595877285665 ], [ -51.250387810901017, -30.032600756637542 ], [ -51.250247745852874, -30.032689755974395 ], [ -51.250362256336075, -30.032661151869778 ], [ -51.250447519430431, -30.032723093475294 ], [ -51.25035917085583, -30.032747737287547 ], [ -51.25048016544396, -30.032889483333946 ], [ -51.250372050919559, -30.03292774042367 ], [ -51.250358915128714, -30.033079927324628 ], [ -51.250476889226462, -30.033089420151448 ], [ -51.250688999736553, -30.033407259289891 ], [ -51.25060405765359, -30.033523886178397 ], [ -51.250615918933569, -30.033687741891537 ], [ -51.250707222088828, -30.033816762466106 ], [ -51.250635634542313, -30.033880329718123 ], [ -51.25065850933715, -30.034008262835336 ], [ -51.250771568868011, -30.034092968857298 ], [ -51.250722414275891, -30.03422138654091 ], [ -51.250853668854432, -30.034377470402873 ], [ -51.25079729027388, -30.034668644426368 ], [ -51.25089083103525, -30.03489526280552 ], [ -51.251060131973787, -30.034892782021359 ], [ -51.250979798893304, -30.034951923321206 ], [ -51.251031168504021, -30.035216933123266 ], [ -51.251194171126876, -30.035525071867863 ], [ -51.251100171868892, -30.035807978826345 ], [ -51.25137495864611, -30.035776865815681 ], [ -51.251466037158274, -30.035931557167348 ], [ -51.251367394904648, -30.036150952132989 ], [ -51.251564398818225, -30.036393038930932 ], [ -51.251492472631874, -30.03688879026954 ], [ -51.251586067918034, -30.037010758606577 ], [ -51.251661769072868, -30.036975923744251 ], [ -51.251662755254571, -30.037045746729632 ], [ -51.251488581610268, -30.036982028342624 ], [ -51.251478556611872, -30.036682636699084 ], [ -51.251385672535264, -30.036878401992567 ], [ -51.251460401947526, -30.037036470429424 ], [ -51.251697621371484, -30.037173130735543 ], [ -51.25169591299678, -30.0373032864854 ], [ -51.251856658892251, -30.037454433392174 ], [ -51.251809133738327, -30.03755324875393 ], [ -51.251888014169083, -30.037764403590241 ], [ -51.251788597957578, -30.03799255151981 ], [ -51.25188582263732, -30.038021946897871 ], [ -51.251910673233184, -30.037959344436526 ], [ -51.251981039832685, -30.038013946091841 ], [ -51.25193353583731, -30.038063392496753 ], [ -51.252054753926977, -30.038265408191229 ], [ -51.251958472112022, -30.038298574127584 ], [ -51.252071035952852, -30.038392343252131 ], [ -51.252149189748806, -30.038650580528802 ], [ -51.252254735908821, -30.038677621447963 ], [ -51.252185753016313, -30.038790543536422 ], [ -51.252334814149734, -30.039019912110263 ], [ -51.252282830097123, -30.03908750655177 ], [ -51.252346421393767, -30.03936279142971 ], [ -51.25261301865261, -30.039404551014321 ], [ -51.252461452790378, -30.039684106168728 ], [ -51.252551371102363, -30.039829353049495 ], [ -51.252680577795367, -30.039827270970395 ], [ -51.252656806516505, -30.039918866615245 ], [ -51.252556361445727, -30.039936899322321 ], [ -51.252536003333233, -30.040077575875372 ], [ -51.252784735857958, -30.040331721580703 ], [ -51.252939874341024, -30.040295707636893 ], [ -51.253047890166329, -30.040349691430375 ], [ -51.252938400561838, -30.040535957220641 ], [ -51.253124750710811, -30.040491983398205 ], [ -51.253092808986722, -30.040640120984236 ], [ -51.253186734369528, -30.040645075863488 ], [ -51.253265873551761, -30.040838022280784 ], [ -51.253354984868722, -30.041110628742821 ], [ -51.25326011474494, -30.041302271070506 ], [ -51.253418604214559, -30.041299507629109 ], [ -51.253458961772992, -30.041362387952127 ], [ -51.253396685357153, -30.041510996294409 ], [ -51.253458019909466, -30.041669765832854 ], [ -51.253326865034133, -30.04171926291265 ], [ -51.253447151706894, -30.042099541855173 ], [ -51.253593501976958, -30.042170492776027 ], [ -51.253625149641579, -30.042271741469474 ], [ -51.253692841823785, -30.042204987656444 ], [ -51.253827454348198, -30.042230047956654 ], [ -51.25385665940901, -30.042305665588298 ], [ -51.254018829159136, -30.042227281668239 ], [ -51.254063594701655, -30.042289984590013 ], [ -51.254148170521255, -30.042262132325778 ], [ -51.254090688521984, -30.042457679406724 ], [ -51.25417863366863, -30.04257256441204 ], [ -51.254245098873035, -30.042477712451277 ], [ -51.254289752579361, -30.042551739498784 ], [ -51.254409833407621, -30.042519704874866 ], [ -51.25454721569146, -30.042605892204534 ], [ -51.25447320069992, -30.042999502772634 ], [ -51.254619282944162, -30.042960381318405 ], [ -51.254582004126455, -30.043064420736435 ], [ -51.254665956003379, -30.04311916509559 ], [ -51.25475113420606, -30.043077312580689 ], [ -51.254657910344939, -30.042999736179318 ], [ -51.254771992216085, -30.042970100682535 ], [ -51.254884604463768, -30.043148933790956 ], [ -51.254822003730276, -30.043223490479651 ], [ -51.254776675098348, -30.0431396357118 ], [ -51.254777774107637, -30.043296828008668 ], [ -51.254927522619653, -30.043382276514112 ], [ -51.255087294038567, -30.043353704162055 ], [ -51.255105426294321, -30.043550997584752 ], [ -51.254996975022522, -30.043612585454799 ], [ -51.255053404002808, -30.043688032748829 ], [ -51.255419093480342, -30.043956212154832 ], [ -51.255928271410511, -30.044177336040409 ], [ -51.256068130666492, -30.044197165204956 ], [ -51.256116184149313, -30.044053452865477 ], [ -51.256084614328508, -30.044185644044841 ], [ -51.256195312004266, -30.04429634364897 ], [ -51.25603573813212, -30.044313894276261 ], [ -51.256233168080129, -30.044456164266695 ], [ -51.256434442707445, -30.044522905859974 ], [ -51.256933155763747, -30.044526825606962 ], [ -51.256928762291608, -30.044424687383948 ], [ -51.257241411756986, -30.044608648341693 ], [ -51.257530644681431, -30.044528161363736 ], [ -51.257647624131245, -30.044348941507319 ], [ -51.257460961511384, -30.043930451235362 ], [ -51.257523181747978, -30.043697356436354 ], [ -51.257584172079063, -30.044138017288333 ], [ -51.257743444249947, -30.044357007942924 ], [ -51.257831624429834, -30.044710918714035 ], [ -51.258058262636595, -30.044874413591181 ], [ -51.258110746836813, -30.045087690085378 ], [ -51.258551133180212, -30.045758146214204 ], [ -51.258816606506834, -30.045920786698204 ], [ -51.259035106152417, -30.046233248660489 ], [ -51.259391383978524, -30.046409470541285 ], [ -51.25960532899488, -30.046662958920908 ], [ -51.260459451353746, -30.046925010000088 ], [ -51.260539611865561, -30.047051197549379 ], [ -51.260688048587518, -30.047064062270923 ], [ -51.26077082438222, -30.046973646438889 ], [ -51.260940572015734, -30.047169074890697 ], [ -51.261149489845884, -30.0470867357323 ], [ -51.261408221477581, -30.047126478588666 ], [ -51.261500845112863, -30.047056556332695 ], [ -51.261683642350775, -30.047073134088894 ], [ -51.261757419623208, -30.046984145514426 ], [ -51.262151393536421, -30.046972598896531 ], [ -51.262079143690976, -30.046854298912326 ], [ -51.261613282096768, -30.046712516959357 ], [ -51.261400690025575, -30.04629704746036 ], [ -51.261374034605154, -30.046194803925026 ], [ -51.261473757648083, -30.046193414957234 ], [ -51.261506446269458, -30.046027001210369 ], [ -51.26134610648009, -30.045738070797462 ], [ -51.261584669771345, -30.045488376966741 ], [ -51.261785956524037, -30.045468467828176 ], [ -51.262041532598687, -30.045617936489986 ], [ -51.262108504820368, -30.045574396108861 ], [ -51.262121210711186, -30.045358516922015 ], [ -51.261925590781182, -30.045293665393345 ], [ -51.261964657308752, -30.045204496822571 ], [ -51.26213563057599, -30.045176525068598 ], [ -51.261809063248059, -30.04495061916278 ], [ -51.261990704487147, -30.044694453481949 ], [ -51.262525069092106, -30.044795304794665 ], [ -51.262768312446632, -30.044737967339568 ], [ -51.262844582703991, -30.044646976820822 ], [ -51.262773536518701, -30.04445520915516 ], [ -51.262858314565221, -30.04432471337655 ], [ -51.262414867421946, -30.043755658635938 ], [ -51.262624768369648, -30.043545656251773 ], [ -51.262618021661197, -30.043188007530954 ], [ -51.262852451236313, -30.043093523955015 ], [ -51.262881325203146, -30.042783034976107 ], [ -51.262765950271543, -30.042707509452853 ], [ -51.262962362931162, -30.042672224856751 ], [ -51.263021342075554, -30.042419226535038 ], [ -51.262878313029248, -30.042241039459451 ], [ -51.262743673685897, -30.042200379550785 ], [ -51.262890099051873, -30.042081629416376 ], [ -51.262803182903923, -30.041995291367996 ], [ -51.262827695040045, -30.041915115690429 ], [ -51.26248484356406, -30.041847219475134 ], [ -51.262211896338201, -30.041480601599165 ], [ -51.26232118442902, -30.041454295140717 ], [ -51.262238132600935, -30.041329369137998 ], [ -51.262355785803692, -30.04123734825799 ], [ -51.262313212630637, -30.041071534425512 ], [ -51.262491299223548, -30.041016616914437 ], [ -51.262269113681292, -30.040873165230686 ], [ -51.262183128115339, -30.040607249496155 ], [ -51.262388030283013, -30.040461657889949 ], [ -51.262398343742781, -30.040279889668476 ], [ -51.262685415635573, -30.040343617108078 ], [ -51.262701100081259, -30.040272566607296 ], [ -51.262566979525943, -30.040150005215555 ], [ -51.262359935619969, -30.040187959870185 ], [ -51.262036833427331, -30.040052150375814 ], [ -51.261876902714256, -30.03965582876701 ], [ -51.261671671538295, -30.03949831651147 ], [ -51.261630533655655, -30.039177992413684 ], [ -51.261521485408565, -30.039097346397053 ], [ -51.261263714168187, -30.039095217262876 ], [ -51.261320252122857, -30.038957319042801 ], [ -51.261108798844873, -30.038766439841204 ], [ -51.260825274099652, -30.038302823185138 ], [ -51.260728109245505, -30.038265697042092 ], [ -51.2604881440515, -30.03764509644245 ], [ -51.260297842717087, -30.037491434120867 ], [ -51.260350921229303, -30.037421327432764 ], [ -51.260204470638143, -30.037176602817041 ], [ -51.260187900273799, -30.036890802324358 ], [ -51.260013525989351, -30.036611614935392 ], [ -51.259962913729169, -30.036631490682975 ], [ -51.259963067243106, -30.036494085083859 ], [ -51.259849091047144, -30.036461837546238 ], [ -51.259921823545071, -30.036430145801049 ], [ -51.25984961594785, -30.036364985790794 ], [ -51.259904745696346, -30.036282050136059 ], [ -51.259723116965198, -30.035868949828895 ], [ -51.259636311245558, -30.035851256984845 ], [ -51.259629091897217, -30.035601814886022 ], [ -51.259512314670424, -30.035500039086116 ], [ -51.259543296420603, -30.035337115522363 ], [ -51.259444004842564, -30.035191918893499 ], [ -51.259449176669776, -30.034876038270031 ], [ -51.259313751425246, -30.034665346699867 ], [ -51.259372118930692, -30.034665370564309 ], [ -51.25931303271819, -30.034546990516965 ], [ -51.259389688453723, -30.03444573166707 ], [ -51.259340690521029, -30.034333861102692 ], [ -51.259397200881125, -30.034172621948667 ], [ -51.259278848710906, -30.034012322878169 ], [ -51.259339296760686, -30.033804143569625 ], [ -51.259524518299209, -30.033718911906181 ], [ -51.259646067479103, -30.033750185878581 ], [ -51.259767174970747, -30.033622804594113 ], [ -51.260326779850196, -30.033606509007999 ], [ -51.260349457889262, -30.033670696025744 ], [ -51.260524223717233, -30.033665196397994 ], [ -51.260598962954646, -30.03379745882696 ], [ -51.260895605160037, -30.033778084773999 ], [ -51.261019134235013, -30.03400329500867 ], [ -51.261418805295769, -30.03417089828017 ], [ -51.261458559070988, -30.034128558827955 ], [ -51.261597496308077, -30.034294554120191 ], [ -51.262050526190677, -30.03431323973042 ], [ -51.262172661722481, -30.034421359677538 ], [ -51.262213793531636, -30.03437995362825 ], [ -51.262510156048862, -30.034464383281609 ], [ -51.262744169266561, -30.034717351637738 ], [ -51.263013408760919, -30.034727865223431 ], [ -51.263101407627673, -30.034796267437851 ], [ -51.263251671386882, -30.034671665364748 ], [ -51.263288425175844, -30.034779145903975 ], [ -51.263623639811819, -30.034798102406931 ], [ -51.263703804577013, -30.034668496520489 ], [ -51.263782120942523, -30.034692099799862 ], [ -51.263893834761596, -30.034584894507955 ], [ -51.263972383235398, -30.034582247144847 ], [ -51.26387862193905, -30.034633732874951 ], [ -51.264019721460137, -30.034640939884529 ], [ -51.26406234034436, -30.034840809125743 ], [ -51.264164912629312, -30.03477225507633 ], [ -51.264318998472191, -30.03485894273366 ], [ -51.264336874738525, -30.034975402463182 ], [ -51.264466127065511, -30.034927006009511 ], [ -51.264511654838493, -30.035091234689485 ], [ -51.26459450222405, -30.035110065310171 ], [ -51.264515664540369, -30.035306901293218 ], [ -51.264850892652369, -30.035497046085901 ], [ -51.264863280431655, -30.035404747662827 ], [ -51.26466012237163, -30.035231861373841 ], [ -51.264863568957004, -30.035364703990769 ], [ -51.26493568188183, -30.035327451114263 ], [ -51.264920460054881, -30.035436287945224 ], [ -51.265147530149846, -30.035226254004382 ], [ -51.265263335255533, -30.035255293538118 ], [ -51.265243034833119, -30.035359938687915 ], [ -51.265341490902358, -30.035451368633868 ], [ -51.265257044591145, -30.035476609947668 ], [ -51.265421560647148, -30.035561808459398 ], [ -51.26548715254323, -30.035492431308139 ], [ -51.265344617297359, -30.035383449016287 ], [ -51.265565106777132, -30.035332383066837 ], [ -51.265795001938265, -30.03545971768035 ], [ -51.265937850686946, -30.03522071394482 ], [ -51.266145896403323, -30.035326532044184 ], [ -51.266111600887712, -30.03538405674443 ], [ -51.266188903357971, -30.03545071581825 ], [ -51.266126345486747, -30.035488615797227 ], [ -51.266318044777563, -30.035646713308914 ], [ -51.266313844841605, -30.035540505556838 ], [ -51.266535103754727, -30.035670475130487 ], [ -51.266568045648789, -30.035584885287346 ], [ -51.266626503851185, -30.035624402164817 ], [ -51.266785397787437, -30.035558652909788 ], [ -51.266967094177353, -30.035634708896076 ], [ -51.267065031516985, -30.035526586202462 ], [ -51.267127201190078, -30.03558683358025 ], [ -51.26734328672751, -30.035481606411256 ], [ -51.267488969586616, -30.035514422577844 ], [ -51.267590596054603, -30.035410892676467 ], [ -51.267536500488148, -30.035272991208469 ], [ -51.267599765406942, -30.035055121200205 ], [ -51.267907855412808, -30.035030915214076 ], [ -51.267921219582313, -30.034828979321883 ], [ -51.26806670806905, -30.034836473447889 ], [ -51.268184502543576, -30.034717050407508 ], [ -51.268228741155916, -30.034762227341599 ], [ -51.268109763184668, -30.034825990872978 ], [ -51.268221747838389, -30.034867621615899 ], [ -51.268538098204459, -30.034811516380575 ], [ -51.268652140204374, -30.034938558309396 ], [ -51.268780852178068, -30.034827118536665 ], [ -51.26887370142601, -30.034896838454987 ], [ -51.268873844505251, -30.035025498534949 ], [ -51.268937329297792, -30.034925524016813 ], [ -51.26921614362525, -30.035080665252789 ], [ -51.269305714970166, -30.034975101920917 ], [ -51.269587467713393, -30.035087529379798 ], [ -51.26965460822079, -30.035162437947406 ], [ -51.26953554744906, -30.035151766582391 ], [ -51.269635697273166, -30.035225610711532 ], [ -51.269717406429535, -30.03512312582825 ], [ -51.269904858544095, -30.035215693233933 ], [ -51.269861489498616, -30.035355198238157 ], [ -51.269934907823604, -30.035324031796939 ], [ -51.270055698588521, -30.03550156061026 ], [ -51.270293618072238, -30.03564369227756 ], [ -51.270367089979409, -30.035840003991467 ], [ -51.270473467762123, -30.035850359683181 ], [ -51.270429279195803, -30.035979956132284 ], [ -51.270511507492223, -30.036162965508392 ], [ -51.270369744090509, -30.036277656958234 ], [ -51.270417054015212, -30.036485000878141 ], [ -51.270539739341814, -30.036556088981744 ], [ -51.270415985692601, -30.036712425619019 ], [ -51.270530425755474, -30.036867526499645 ], [ -51.270417899617215, -30.036793756331214 ], [ -51.270379293787975, -30.037081474826973 ], [ -51.270511482061401, -30.037807540642639 ], [ -51.270606509755645, -30.037867052123225 ], [ -51.270628649474091, -30.037802454510857 ], [ -51.270698732758476, -30.037975682930142 ], [ -51.270825926258176, -30.038035767642075 ], [ -51.270808487565887, -30.038139651738462 ], [ -51.271051202438485, -30.038173591124252 ], [ -51.271273864293839, -30.0383121385754 ], [ -51.271323639093708, -30.038243420829712 ], [ -51.271566240675398, -30.0382999154617 ], [ -51.271629399114524, -30.038146670800881 ], [ -51.271783584485206, -30.038171325023455 ], [ -51.271716760534503, -30.038511310836764 ], [ -51.271870390039297, -30.038610138994866 ], [ -51.272186940873958, -30.038419340993116 ], [ -51.272377431869749, -30.03840037259857 ], [ -51.272359115675805, -30.038472470709362 ], [ -51.272465092011565, -30.038525232151564 ], [ -51.273248750608396, -30.037832722528496 ], [ -51.273676992317021, -30.037079648958887 ], [ -51.273835896800378, -30.036372294588631 ], [ -51.273587971465616, -30.03546276032387 ], [ -51.273042086907779, -30.034654295121495 ], [ -51.272494935417875, -30.034053278575005 ], [ -51.272016048766226, -30.0336381918585 ], [ -51.271411003477795, -30.03327746050557 ], [ -51.270153073592496, -30.03284919721586 ], [ -51.269663118339857, -30.032602151466982 ], [ -51.268686080207907, -30.031755039757432 ], [ -51.267859072777597, -30.03068321902138 ], [ -51.267233191122202, -30.029273229967401 ], [ -51.267048224861838, -30.029154596536443 ], [ -51.2668754097486, -30.028892136019216 ], [ -51.266856022861354, -30.028349407770836 ], [ -51.266673937211117, -30.028081086791882 ], [ -51.266774300498433, -30.028025556903916 ], [ -51.266631526778404, -30.027912681980709 ], [ -51.266687201315051, -30.027843076194237 ], [ -51.26659581310642, -30.027543405613297 ], [ -51.265902412429625, -30.026113553929044 ], [ -51.265838709534883, -30.025740361868955 ], [ -51.265664126661704, -30.025606573655402 ], [ -51.265675426493083, -30.025180064991069 ], [ -51.265545661101115, -30.02504966549461 ], [ -51.26537020752, -30.024482856137226 ], [ -51.265264928214712, -30.024370636526438 ], [ -51.265126019872191, -30.023829157940352 ], [ -51.265029363445699, -30.023781631742988 ], [ -51.265111168816674, -30.023692078214605 ], [ -51.264958381697745, -30.02310780843202 ], [ -51.264990894197155, -30.022981444027781 ], [ -51.26490250432704, -30.022876751455424 ], [ -51.264955062321683, -30.022763934983207 ], [ -51.264677447210588, -30.020340757069324 ], [ -51.264710019011048, -30.019984797147078 ], [ -51.264570919460624, -30.019219787315894 ], [ -51.26398313573582, -30.017558611687061 ], [ -51.263942079212875, -30.016919797058339 ], [ -51.263667600199319, -30.016243159766297 ], [ -51.263682350589605, -30.015810874809496 ], [ -51.26347781099205, -30.014231878166537 ], [ -51.26351657421403, -30.013871473798851 ], [ -51.263167677415403, -30.013159689494262 ], [ -51.262726463474316, -30.012855323524725 ], [ -51.26243962131003, -30.012306555010692 ], [ -51.262191050060686, -30.012195563700931 ], [ -51.262129322234692, -30.012063260438428 ], [ -51.261959688815338, -30.012071457242286 ], [ -51.261824141696437, -30.012172265792394 ], [ -51.261839833589292, -30.012234888002808 ] ] ], [ [ [ -51.22544620760835, -30.011769526112953 ], [ -51.225271847899904, -30.01225431339823 ], [ -51.225313909159382, -30.012609887775831 ], [ -51.225240067003938, -30.012809240100427 ], [ -51.225302097411316, -30.012943198524002 ], [ -51.225223139195734, -30.013067132357868 ], [ -51.225293828979751, -30.013572531573164 ], [ -51.225119026673873, -30.013989256812735 ], [ -51.225161966542771, -30.01494295742939 ], [ -51.225282800671849, -30.015063011281139 ], [ -51.22519005997119, -30.015160084296809 ], [ -51.225234794052867, -30.015563153085793 ], [ -51.225647423853239, -30.016830854128887 ], [ -51.225830314350958, -30.017134758802346 ], [ -51.225989001255058, -30.017186244324602 ], [ -51.225887257560778, -30.017284729712717 ], [ -51.225963891568654, -30.017394194129562 ], [ -51.225919267233287, -30.017555718440516 ], [ -51.226358329638025, -30.017972411949565 ], [ -51.2263875092384, -30.018292419119028 ], [ -51.226496040152767, -30.018375036004471 ], [ -51.226496339919926, -30.018551645633579 ], [ -51.226589451409581, -30.018672018342087 ], [ -51.226552687197277, -30.018769270119879 ], [ -51.226780563182807, -30.018892018590698 ], [ -51.227270905393603, -30.018827842692769 ], [ -51.227292575057575, -30.018541610015347 ], [ -51.227061146538311, -30.018311369079761 ], [ -51.227285605978317, -30.018140256766117 ], [ -51.227251496763358, -30.017704402688466 ], [ -51.227759819350197, -30.01739909814906 ], [ -51.227944032697089, -30.016919731448407 ], [ -51.228190491176555, -30.016810172061433 ], [ -51.228903779794955, -30.016872888574639 ], [ -51.228877535620597, -30.016945242839302 ], [ -51.228965712829705, -30.017021217568139 ], [ -51.229249984253649, -30.017086943052931 ], [ -51.229354826721121, -30.017208645635691 ], [ -51.229782086629449, -30.017387444128286 ], [ -51.230195700366494, -30.017354474904508 ], [ -51.230451662761801, -30.017532631635842 ], [ -51.230807234100809, -30.017504394388641 ], [ -51.230901678984658, -30.017569845562857 ], [ -51.231009629068858, -30.017503015397658 ], [ -51.231115975336053, -30.017705278533679 ], [ -51.231261397910409, -30.017689995917266 ], [ -51.231261079122397, -30.017582090161401 ], [ -51.231130958164485, -30.0174919636585 ], [ -51.2311929404514, -30.017406544233495 ], [ -51.231110395777755, -30.017329512879069 ], [ -51.231129198792729, -30.017189221575258 ], [ -51.230977708671404, -30.017105192738242 ], [ -51.230973825673729, -30.016922277413013 ], [ -51.230784289602482, -30.016903428591807 ], [ -51.230781834798485, -30.016758310486665 ], [ -51.230701196119995, -30.016771247232754 ], [ -51.230717860514495, -30.016667413529465 ], [ -51.23057393619203, -30.016537515474056 ], [ -51.230631283414262, -30.016394146385686 ], [ -51.230458982032381, -30.016301025066628 ], [ -51.230442743711379, -30.016127878511217 ], [ -51.230251981542935, -30.016073860036517 ], [ -51.230342386101789, -30.016014584605848 ], [ -51.230153915082013, -30.015562825718462 ], [ -51.229972697998271, -30.015445934597299 ], [ -51.229928175066092, -30.015287832059752 ], [ -51.229712104075716, -30.015170568450088 ], [ -51.229688110977058, -30.015007945655654 ], [ -51.229530011684652, -30.014995781527706 ], [ -51.229257909912441, -30.014508060577612 ], [ -51.229057008979225, -30.014433427902475 ], [ -51.228974461058961, -30.014276473701639 ], [ -51.228810588679181, -30.014297440215429 ], [ -51.228774561098774, -30.014067702131769 ], [ -51.228483000615455, -30.013939764123791 ], [ -51.228375034766373, -30.013958511293055 ], [ -51.228165681669211, -30.013637635988644 ], [ -51.227902453890657, -30.013521702310953 ], [ -51.227907029296638, -30.013431494393945 ], [ -51.227794941039292, -30.013425999799455 ], [ -51.227603203912729, -30.013252154192138 ], [ -51.227470867247582, -30.013263680862504 ], [ -51.227459816018552, -30.013127627314148 ], [ -51.227277616445861, -30.012999750149721 ], [ -51.227301677721314, -30.012938733003239 ], [ -51.227058499317025, -30.012839018818479 ], [ -51.22701864954989, -30.012720871053531 ], [ -51.226671798959245, -30.012610920185409 ], [ -51.226629320181004, -30.012355599085193 ], [ -51.226374265579132, -30.012204074849951 ], [ -51.226225872146429, -30.012220232196409 ], [ -51.226182996809733, -30.012074628554885 ], [ -51.225743833478262, -30.01196541026254 ], [ -51.225691726975121, -30.011838336071968 ], [ -51.225497520361792, -30.011848286217628 ], [ -51.22544620760835, -30.011769526112953 ] ] ], [ [ [ -51.237793011761013, -30.003699396768635 ], [ -51.236941461009145, -30.003861406818316 ], [ -51.236869572178811, -30.003820334567642 ], [ -51.236711138746877, -30.003901306096484 ], [ -51.236551838512938, -30.003875198795861 ], [ -51.236485147377991, -30.003958569837799 ], [ -51.236244157782757, -30.003981538803767 ], [ -51.236137811887886, -30.003893546605934 ], [ -51.23592471797096, -30.004080084273948 ], [ -51.235522946029278, -30.00411665948155 ], [ -51.235248320070674, -30.004340630523835 ], [ -51.234704729877706, -30.004461413257356 ], [ -51.234417815043699, -30.004722940862862 ], [ -51.234497414546787, -30.004794301355023 ], [ -51.234412107090513, -30.004810187720953 ], [ -51.234433742099156, -30.00491502555229 ], [ -51.234682628688596, -30.004904187181697 ], [ -51.234742402526571, -30.005020281926392 ], [ -51.234982966271225, -30.00498691795519 ], [ -51.235278118549694, -30.00537042107975 ], [ -51.235549592530901, -30.005562101843026 ], [ -51.235612552466804, -30.006024130478185 ], [ -51.235560501942622, -30.006140600838645 ], [ -51.235818739328707, -30.006504858367336 ], [ -51.235971274925191, -30.006569336845082 ], [ -51.236194881235647, -30.007189824955226 ], [ -51.236263724272618, -30.007131755031036 ], [ -51.236485344983421, -30.007234078265171 ], [ -51.236657538749746, -30.007656890553591 ], [ -51.236832195415595, -30.007740091914716 ], [ -51.236872259017332, -30.007682435195669 ], [ -51.236953185648929, -30.007708616420452 ], [ -51.236996229490636, -30.007826863734145 ], [ -51.237161850740442, -30.007699676100021 ], [ -51.237370254153952, -30.007677488587259 ], [ -51.237427917309397, -30.007578554160446 ], [ -51.23753016812487, -30.007729290962846 ], [ -51.237518648727651, -30.007633665730669 ], [ -51.237640941043381, -30.007576779618358 ], [ -51.237836662974459, -30.007777681854854 ], [ -51.238063468099227, -30.007609511098131 ], [ -51.238164614975062, -30.007677790276713 ], [ -51.238472291164989, -30.007693940118948 ], [ -51.238644007867713, -30.007543740551768 ], [ -51.238742033779175, -30.007606224443649 ], [ -51.23881862550018, -30.007438672052057 ], [ -51.239088275318366, -30.007397395925736 ], [ -51.239127310262546, -30.007493579953383 ], [ -51.239230255053513, -30.007388634776998 ], [ -51.239302852968933, -30.00744555430477 ], [ -51.239307909120555, -30.007385578941612 ], [ -51.239380006921472, -30.007457805260302 ], [ -51.239451596618231, -30.007348189023812 ], [ -51.239787333101816, -30.007205346520131 ], [ -51.239981269909762, -30.007201807783115 ], [ -51.239885024478177, -30.007309568517901 ], [ -51.240040578661883, -30.007373874379237 ], [ -51.240119900347032, -30.007191742835296 ], [ -51.240162969217714, -30.007278467899127 ], [ -51.240260008118, -30.007282914980266 ], [ -51.240215792449916, -30.007370720353499 ], [ -51.240438956741379, -30.007204324781181 ], [ -51.240369990021641, -30.007079387250641 ], [ -51.240744330760094, -30.006959017986333 ], [ -51.240732371322004, -30.007158476046111 ], [ -51.240890796219468, -30.007059898860167 ], [ -51.241097195246986, -30.007130002030749 ], [ -51.241213096077843, -30.006985758668989 ], [ -51.241614697878553, -30.007133028722016 ], [ -51.241731901971036, -30.00699609673778 ], [ -51.241882525585929, -30.007027652436523 ], [ -51.241920509169709, -30.007093590164487 ], [ -51.241850587253843, -30.007119989594695 ], [ -51.241995628615626, -30.007179759562149 ], [ -51.242018250530393, -30.007318742340747 ], [ -51.242205877341128, -30.007362587488988 ], [ -51.242298121579957, -30.00728215071311 ], [ -51.242359375761708, -30.007393251486299 ], [ -51.242464696741912, -30.007305748728214 ], [ -51.242570617139066, -30.007319431482809 ], [ -51.242655951710283, -30.007185299790699 ], [ -51.242907252208461, -30.00725206346322 ], [ -51.243033841223067, -30.007112195619751 ], [ -51.243225306257983, -30.007198975775939 ], [ -51.243371469274649, -30.007136556377677 ], [ -51.24334879733933, -30.007255161234156 ], [ -51.243521624145743, -30.007388400157023 ], [ -51.243873376939931, -30.007463363824392 ], [ -51.244012875079264, -30.007415264264022 ], [ -51.244021637952351, -30.007549664448991 ], [ -51.244155434750816, -30.007560130582849 ], [ -51.244189251021659, -30.007687766346304 ], [ -51.244206742273633, -30.007624434481833 ], [ -51.244364876528991, -30.007621952520505 ], [ -51.244310295750445, -30.007812770282175 ], [ -51.244538740258001, -30.008021228105225 ], [ -51.244424182750173, -30.00804391577881 ], [ -51.244432544917366, -30.008127922688647 ], [ -51.244753251179823, -30.008410911612195 ], [ -51.244867726933407, -30.008809760367811 ], [ -51.244780021573426, -30.008894144383856 ], [ -51.24493968668375, -30.009005583186621 ], [ -51.245037512967123, -30.009267648568336 ], [ -51.244952088652802, -30.009348630240144 ], [ -51.244984147320267, -30.009642776686771 ], [ -51.244909975903845, -30.009718184061359 ], [ -51.245008670192696, -30.009854898442221 ], [ -51.244890719814947, -30.009858848120974 ], [ -51.244945459494218, -30.009924679788394 ], [ -51.244863667766403, -30.009980004351412 ], [ -51.244941576593568, -30.010016615422607 ], [ -51.244839326804644, -30.010105644376441 ], [ -51.244928261661045, -30.010211211243401 ], [ -51.244808698358533, -30.010443665541398 ], [ -51.244801011260101, -30.010659708197597 ], [ -51.244339226327874, -30.010790270031407 ], [ -51.243819688538672, -30.011304276083138 ], [ -51.243284361796775, -30.011624084646257 ], [ -51.24291479210148, -30.011967244566783 ], [ -51.241640471257071, -30.012365966180241 ], [ -51.241409002080708, -30.012549517001315 ], [ -51.241175572455035, -30.013030198904136 ], [ -51.240413845027376, -30.013369736999756 ], [ -51.239998214351694, -30.013363459168467 ], [ -51.239884552232851, -30.013659129888921 ], [ -51.239984178905253, -30.013773595099764 ], [ -51.239843900948713, -30.013863546480259 ], [ -51.239893814444912, -30.014032370792894 ], [ -51.239677505471612, -30.014303976341441 ], [ -51.239638003494143, -30.014476233647947 ], [ -51.239349341181388, -30.014607069772776 ], [ -51.239381931019111, -30.01482465713298 ], [ -51.239132642326609, -30.014948457861603 ], [ -51.238931179630796, -30.014946900477618 ], [ -51.238903353746103, -30.015065353236633 ], [ -51.238613241113597, -30.015233616643972 ], [ -51.238728369596089, -30.015566080165133 ], [ -51.238629764301493, -30.015654119775867 ], [ -51.238714538564246, -30.015833156183824 ], [ -51.238677774799335, -30.015971538014188 ], [ -51.238791632787787, -30.015999521157145 ], [ -51.238621887911542, -30.016031504413565 ], [ -51.238530477092262, -30.016169395296071 ], [ -51.238580054151839, -30.016284276978915 ], [ -51.238473625925728, -30.01630645941902 ], [ -51.238507947191209, -30.016414271960588 ], [ -51.238329071205136, -30.016526006063376 ], [ -51.23826235802597, -30.016753513389361 ], [ -51.238027127613044, -30.016837377726066 ], [ -51.237957548029918, -30.017018708952751 ], [ -51.237856186692866, -30.017036506555907 ], [ -51.237914199952208, -30.017073956049916 ], [ -51.237840392430719, -30.017090945162874 ], [ -51.237867210717106, -30.017165443395957 ], [ -51.237776396423463, -30.017175788584321 ], [ -51.2380655235334, -30.017472098643886 ], [ -51.237993722190524, -30.017564018812806 ], [ -51.238125557445358, -30.017788959402989 ], [ -51.238013862442237, -30.017962131576798 ], [ -51.23820117668398, -30.018237061631616 ], [ -51.238164868885605, -30.018504880905887 ], [ -51.238230173478371, -30.018650264823112 ], [ -51.238358247169302, -30.018710229928217 ], [ -51.238290850101215, -30.018789710453117 ], [ -51.23843165610274, -30.018962071894126 ], [ -51.238408963792352, -30.019057499051595 ], [ -51.238568029583753, -30.019180154130218 ], [ -51.238631449101106, -30.019429232001741 ], [ -51.23852210272792, -30.019541576351038 ], [ -51.238744711618907, -30.019672176264116 ], [ -51.238755010202112, -30.020034242558125 ], [ -51.239009412110171, -30.020177082624738 ], [ -51.239013616818156, -30.020596406161719 ], [ -51.239253802894368, -30.020705475363144 ], [ -51.239201243375646, -30.020810353178518 ], [ -51.239386604349114, -30.020741940214464 ], [ -51.239898401816333, -30.021074952185987 ], [ -51.240009176807462, -30.021038802506183 ], [ -51.24011384030868, -30.021163809211686 ], [ -51.240116837838002, -30.021500932989692 ], [ -51.240021344982388, -30.021531671167775 ], [ -51.240102500069192, -30.02172983215312 ], [ -51.239942138630546, -30.022001080493173 ], [ -51.239994244396215, -30.022186941169821 ], [ -51.240240681045215, -30.022053859701014 ], [ -51.240592475067288, -30.022240504175134 ], [ -51.240800106260004, -30.022288043822684 ], [ -51.240886185006239, -30.022228249514416 ], [ -51.240553964632042, -30.022094505134429 ], [ -51.240577130558876, -30.021853601823871 ], [ -51.240464890933808, -30.021770241154659 ], [ -51.240677295119717, -30.021510575559727 ], [ -51.240626825469967, -30.021359990480356 ], [ -51.240737086091869, -30.021158097818077 ], [ -51.240980395004797, -30.021193582144562 ], [ -51.241044425510189, -30.02094564420209 ], [ -51.24126115239379, -30.020861147184821 ], [ -51.241459058371852, -30.020912943500424 ], [ -51.241485099611467, -30.021054518741678 ], [ -51.241601530213195, -30.021102740465306 ], [ -51.241734818091871, -30.021140446039251 ], [ -51.241831646668849, -30.021054768220125 ], [ -51.24191359029885, -30.021260012619077 ], [ -51.24217145872106, -30.021476489199443 ], [ -51.242217289638162, -30.021412087996616 ], [ -51.242095172603008, -30.021325114148421 ], [ -51.242193154816142, -30.021261186224379 ], [ -51.242513425510587, -30.021435084634181 ], [ -51.242676638217638, -30.02168451233165 ], [ -51.242653754958283, -30.021899336740145 ], [ -51.242760109058288, -30.022016583761349 ], [ -51.243018793969171, -30.02191422971709 ], [ -51.243042059145857, -30.022026764010572 ], [ -51.243257753569068, -30.021939899421508 ], [ -51.243305398526509, -30.02206715142324 ], [ -51.243449467119575, -30.021959624680896 ], [ -51.243566330162018, -30.022026602067328 ], [ -51.243615109792543, -30.021965214248027 ], [ -51.243690625490267, -30.022051778626004 ], [ -51.243764363819913, -30.021877859286864 ], [ -51.24387940175631, -30.021913619084241 ], [ -51.244045348252016, -30.021799896131693 ], [ -51.244229407801654, -30.021791989671971 ], [ -51.244377707318321, -30.021608253884477 ], [ -51.24412011102185, -30.021563772358487 ], [ -51.244230365661949, -30.021245498106619 ], [ -51.244076776442334, -30.020958581347667 ], [ -51.244144934810826, -30.020878871862614 ], [ -51.24407960966608, -30.020625099460695 ], [ -51.244381710670211, -30.020712436486228 ], [ -51.244443016945993, -30.020927903209241 ], [ -51.244501754412333, -30.020750308187655 ], [ -51.244549005131923, -30.02084153612445 ], [ -51.244612581349777, -30.020754739012453 ], [ -51.244685439438364, -30.020834281337223 ], [ -51.244663266043808, -30.020692068081932 ], [ -51.244917425195936, -30.020658205971721 ], [ -51.245204699520251, -30.020288196170895 ], [ -51.245089069966667, -30.019594412452086 ], [ -51.2453035617973, -30.019145642244577 ], [ -51.24540582926145, -30.019133049539622 ], [ -51.245550647809424, -30.018918541997806 ], [ -51.245696400465363, -30.01904913820032 ], [ -51.245704402338987, -30.018843202288508 ], [ -51.245841978485288, -30.018833945129909 ], [ -51.245899247121685, -30.018954492820722 ], [ -51.245985026860048, -30.01895781731746 ], [ -51.246031113821552, -30.018693319972101 ], [ -51.246154306560896, -30.01888964590286 ], [ -51.246253445310948, -30.018898933362436 ], [ -51.246262597991333, -30.019026637951555 ], [ -51.246354255092776, -30.018891023634588 ], [ -51.246504187477967, -30.018882525673792 ], [ -51.246536830672326, -30.018749360893054 ], [ -51.246648372046437, -30.018868256769956 ], [ -51.246749182856924, -30.018898889769137 ], [ -51.24678516518793, -30.0188442246329 ], [ -51.24682432165951, -30.01891222981558 ], [ -51.247064137911288, -30.018834375313375 ], [ -51.247423441298544, -30.018939549735251 ], [ -51.24752528022595, -30.01887731735755 ], [ -51.247584718090195, -30.018998542212202 ], [ -51.247780270652612, -30.018997035725238 ], [ -51.2479828175248, -30.019241025276902 ], [ -51.248455203976299, -30.019246446269719 ], [ -51.248494880442145, -30.019385700346547 ], [ -51.248620965594739, -30.019403231727594 ], [ -51.248704203714745, -30.019504471128389 ], [ -51.248698081426575, -30.019747894804318 ], [ -51.24879639812805, -30.019755500386385 ], [ -51.248811472836486, -30.019962750462657 ], [ -51.24899908818761, -30.019938597374605 ], [ -51.248873020773985, -30.020273007066635 ], [ -51.249128678217453, -30.020555047648433 ], [ -51.249006376136649, -30.020523362009325 ], [ -51.248907189731888, -30.020597841889792 ], [ -51.249013436588868, -30.020621255998275 ], [ -51.249101423236041, -30.020784019109453 ], [ -51.249016078987225, -30.02084570638381 ], [ -51.249015885185649, -30.020993416188446 ], [ -51.249113165996661, -30.021046850037827 ], [ -51.248771441354975, -30.021229684978877 ], [ -51.248819682387243, -30.021282020970506 ], [ -51.248674477602414, -30.021450784683925 ], [ -51.248714898011102, -30.021529597615029 ], [ -51.248210904611028, -30.022193696295655 ], [ -51.248223956281926, -30.022333222521368 ], [ -51.248114889299892, -30.022287810049779 ], [ -51.248107509805649, -30.022370413677145 ], [ -51.247945186596361, -30.022421475224363 ], [ -51.247914562015168, -30.022579037303792 ], [ -51.247748054844202, -30.022572304607468 ], [ -51.247517647317522, -30.023088038690787 ], [ -51.247705348381636, -30.023169268465061 ], [ -51.247624428718488, -30.023206726991287 ], [ -51.247723118755289, -30.023286437284007 ], [ -51.247621720208869, -30.023395815265491 ], [ -51.247733753357338, -30.023458453508155 ], [ -51.247593505803316, -30.023476489680565 ], [ -51.247704139282149, -30.023653291875775 ], [ -51.24787511905074, -30.023651555425907 ], [ -51.248074403458013, -30.023899497447697 ], [ -51.248145022781443, -30.023873940494241 ], [ -51.248258197415723, -30.023880105755168 ], [ -51.248318948012937, -30.023909198325562 ], [ -51.248260242507342, -30.023903306539992 ], [ -51.248163198622279, -30.024187785478105 ], [ -51.248286637478351, -30.02434406285267 ], [ -51.248364698022414, -30.024336287409263 ], [ -51.248259448936544, -30.024433187209095 ], [ -51.248434775220332, -30.024620002649119 ], [ -51.248295938068843, -30.024800683188211 ], [ -51.248467106557463, -30.024777810376502 ], [ -51.248512830556749, -30.024843653786245 ], [ -51.248712286620034, -30.024720193035609 ], [ -51.249079553525569, -30.024760928058949 ], [ -51.24914900181917, -30.024670720399989 ], [ -51.249244090280563, -30.024813531708354 ], [ -51.249256162366144, -30.02470495771448 ], [ -51.249503047631521, -30.024561434393132 ], [ -51.249539263472379, -30.024460308308772 ], [ -51.249664759684343, -30.024473917450393 ], [ -51.249975495664806, -30.024223060563489 ], [ -51.250083495183702, -30.024254609168761 ], [ -51.25023337899016, -30.024094483472009 ], [ -51.250221793282186, -30.023991725984786 ], [ -51.250422830428398, -30.023903267311876 ], [ -51.250792195888366, -30.023346182898251 ], [ -51.250799273220032, -30.023209048850255 ], [ -51.251037088255949, -30.023011709087122 ], [ -51.251205150334663, -30.022499489743069 ], [ -51.251383076838003, -30.022355209541075 ], [ -51.251577782431106, -30.022018926224568 ], [ -51.251716515022522, -30.021742046342123 ], [ -51.251617096438359, -30.021702894207571 ], [ -51.251814459984338, -30.021618083995218 ], [ -51.252003839825385, -30.021170812550888 ], [ -51.252085876534203, -30.021244311673122 ], [ -51.252171087992267, -30.021151660887977 ], [ -51.252169363235311, -30.020902662776148 ], [ -51.252329119634162, -30.020858312550239 ], [ -51.252344623022893, -30.020625170037651 ], [ -51.252515011553648, -30.020643387616612 ], [ -51.252348478147688, -30.020490439812203 ], [ -51.252450785718331, -30.02032162444549 ], [ -51.252390615841136, -30.020249650545789 ], [ -51.252568746212901, -30.020018319526606 ], [ -51.252558675740936, -30.019774657968707 ], [ -51.252661621835976, -30.019734238540412 ], [ -51.252819237371092, -30.019310177332905 ], [ -51.252783433769807, -30.019148386353383 ], [ -51.252855620417122, -30.019038816023603 ], [ -51.252701361838348, -30.018910061845599 ], [ -51.252833370160005, -30.018809030464912 ], [ -51.252871086262857, -30.018576148252006 ], [ -51.252681306606142, -30.018385941028924 ], [ -51.252808987793742, -30.018298118370751 ], [ -51.252837822542404, -30.01804741513007 ], [ -51.252719140141139, -30.018026771252561 ], [ -51.252712054431477, -30.017921497424016 ], [ -51.252851418297979, -30.017190018141488 ], [ -51.253011248855529, -30.017116497610537 ], [ -51.252957492150209, -30.016995215560407 ], [ -51.252828410552553, -30.016992439767076 ], [ -51.252787407895319, -30.016864022806505 ], [ -51.253052251790642, -30.016753694246987 ], [ -51.252972101590728, -30.016681425207238 ], [ -51.253100140850727, -30.01648084293377 ], [ -51.253096756505464, -30.016194312463668 ], [ -51.252971524972573, -30.016029055241425 ], [ -51.252987849850868, -30.015880694593967 ], [ -51.253364773465933, -30.015192981259602 ], [ -51.253646119504012, -30.014855258527795 ], [ -51.253690568445585, -30.014482479125274 ], [ -51.25386896869535, -30.014365974656439 ], [ -51.253895290492977, -30.014231375034207 ], [ -51.254082098302348, -30.014067150199811 ], [ -51.25447883215169, -30.013903401626926 ], [ -51.254877163645652, -30.013385144896528 ], [ -51.255070504472158, -30.013321676693508 ], [ -51.2550720543762, -30.013201865112993 ], [ -51.255195254223537, -30.013151742065016 ], [ -51.255279783455585, -30.012990784531205 ], [ -51.255770081412905, -30.012703391184516 ], [ -51.255742846476728, -30.012620306721882 ], [ -51.255938512079346, -30.012467923716194 ], [ -51.255905415561251, -30.012245186906551 ], [ -51.25609836887179, -30.01234630850605 ], [ -51.256149594917268, -30.012230927865843 ], [ -51.256347843358888, -30.012176143562808 ], [ -51.25661823911549, -30.011704591375644 ], [ -51.257159600612098, -30.011363148683468 ], [ -51.257393975613716, -30.011339449798157 ], [ -51.257496478421039, -30.011106650430698 ], [ -51.257740595715418, -30.011041492171657 ], [ -51.257869645082323, -30.010823554917465 ], [ -51.258157973794106, -30.010643216823905 ], [ -51.258235799929906, -30.010490965832293 ], [ -51.25819777221141, -30.010404245019664 ], [ -51.25834159575038, -30.010382852806021 ], [ -51.258349119532049, -30.010249117259526 ], [ -51.258608435123968, -30.010260020479397 ], [ -51.258599247639538, -30.010110264002812 ], [ -51.259004194986225, -30.009791098255256 ], [ -51.258932647997703, -30.009705585656278 ], [ -51.259119915350041, -30.009669190924932 ], [ -51.259417035414515, -30.009396449734918 ], [ -51.259605195827888, -30.009064017142137 ], [ -51.259979699042098, -30.008903997131288 ], [ -51.260432198858638, -30.008217233336925 ], [ -51.260541030381631, -30.007699529878128 ], [ -51.260750710286622, -30.007625715415791 ], [ -51.260613230075457, -30.007487543465597 ], [ -51.260777342064763, -30.007502087742004 ], [ -51.260862723276986, -30.007358660751873 ], [ -51.260769769567759, -30.00716486659962 ], [ -51.260907730047222, -30.007157499117998 ], [ -51.260859673080866, -30.007040202423298 ], [ -51.260944653835011, -30.006926531899698 ], [ -51.260836529132447, -30.006744947994541 ], [ -51.260859530689196, -30.006406536805009 ], [ -51.260701710106794, -30.006385739440532 ], [ -51.260604091344483, -30.006136800039528 ], [ -51.260493085896634, -30.006056869151731 ], [ -51.26007813045436, -30.006145951020805 ], [ -51.260082873746278, -30.006208874787898 ], [ -51.260018635503741, -30.006149155536548 ], [ -51.259724537370147, -30.006224402876654 ], [ -51.259082343829988, -30.006537119004307 ], [ -51.258789740946689, -30.006571794822417 ], [ -51.258363250617961, -30.006945179664552 ], [ -51.258110348231767, -30.007052834343646 ], [ -51.257991358894195, -30.00700985886629 ], [ -51.257861058030485, -30.007068121855351 ], [ -51.257829906939477, -30.007175387422027 ], [ -51.25772640611266, -30.007154967221624 ], [ -51.257481736713309, -30.007332987242858 ], [ -51.256980513745702, -30.007468970338405 ], [ -51.256881495375389, -30.00760334813231 ], [ -51.256223531332829, -30.007931812796997 ], [ -51.254966813944876, -30.008313462065665 ], [ -51.254381806032001, -30.008577814673192 ], [ -51.25378920727016, -30.008642441076699 ], [ -51.253544136972444, -30.008804378247746 ], [ -51.253134030946988, -30.008908858417705 ], [ -51.252635005459048, -30.008903920119455 ], [ -51.252474408027034, -30.009010084157566 ], [ -51.252268192737155, -30.008953361331919 ], [ -51.252094758460622, -30.009036481936221 ], [ -51.251571015082995, -30.008965560513566 ], [ -51.251241638055802, -30.009052342773195 ], [ -51.251143257923303, -30.008874289280637 ], [ -51.251021666161613, -30.008982602603741 ], [ -51.250425559524999, -30.008852110074155 ], [ -51.250331520917456, -30.008952310987009 ], [ -51.250169237424892, -30.008886951215835 ], [ -51.250314826725841, -30.008864720951212 ], [ -51.250262897150371, -30.008827782212194 ], [ -51.249653489079627, -30.008728430275387 ], [ -51.249090925560196, -30.008474939911306 ], [ -51.248554279119162, -30.008401321872132 ], [ -51.248316923356896, -30.008275886416971 ], [ -51.24810745568228, -30.008264748065216 ], [ -51.247988151771601, -30.008132502317402 ], [ -51.247559597857872, -30.008050307747745 ], [ -51.247526533704352, -30.0079652225808 ], [ -51.247118324283946, -30.007891405798567 ], [ -51.246773823347802, -30.007614694436345 ], [ -51.246081700430182, -30.00724534817677 ], [ -51.245671450293152, -30.006886000879632 ], [ -51.24539861924918, -30.006726698346021 ], [ -51.245297885153512, -30.006757460056857 ], [ -51.24532110999683, -30.006656460111088 ], [ -51.245228824104906, -30.00653750711508 ], [ -51.244962093057424, -30.006418150799163 ], [ -51.244707015138694, -30.006186592580331 ], [ -51.244596178930699, -30.006204315544554 ], [ -51.244572528463735, -30.006058511627188 ], [ -51.244409793819742, -30.006078808915884 ], [ -51.244176441205788, -30.005899154916069 ], [ -51.244087271606489, -30.005928666493194 ], [ -51.243856735617626, -30.005680605887392 ], [ -51.243783840444557, -30.005715877688523 ], [ -51.243503988265161, -30.005465723789296 ], [ -51.243048833666023, -30.00532051408808 ], [ -51.24252346495355, -30.005029677203414 ], [ -51.242500225360004, -30.004921044947938 ], [ -51.242134631546037, -30.004834695049347 ], [ -51.241779228796517, -30.004586283910598 ], [ -51.241402167876885, -30.004513010924175 ], [ -51.240527551305938, -30.004079275555029 ], [ -51.239831356239321, -30.003929788594238 ], [ -51.239766457975762, -30.003802438263268 ], [ -51.23915596486566, -30.003811392525769 ], [ -51.238872008847721, -30.003721407592845 ], [ -51.238842186277544, -30.003807700674141 ], [ -51.238751946056048, -30.003818500128794 ], [ -51.238516683474835, -30.003720442520681 ], [ -51.237793011761013, -30.003699396768635 ] ] ], [ [ [ -51.233762726109966, -30.008313204210406 ], [ -51.233754047707016, -30.008579461712237 ], [ -51.233679052312354, -30.008604677751755 ], [ -51.23373176835274, -30.008758687131987 ], [ -51.233629984072508, -30.008920956187502 ], [ -51.23368307978712, -30.009018893100997 ], [ -51.233809487444283, -30.008964932357671 ], [ -51.23386318863205, -30.009225025031217 ], [ -51.233777942849891, -30.009299375050411 ], [ -51.23388502884405, -30.009478137911834 ], [ -51.233781315017765, -30.00957626310241 ], [ -51.233900800020145, -30.009786777668332 ], [ -51.233809595372399, -30.009781356613477 ], [ -51.233790669813509, -30.009853954210385 ], [ -51.233924691529651, -30.01015024430836 ], [ -51.233845237134055, -30.010529529755097 ], [ -51.23395246094227, -30.010605176005889 ], [ -51.233919266371771, -30.011024957471804 ], [ -51.234125639276442, -30.011138111626146 ], [ -51.234081017425176, -30.010985312220193 ], [ -51.234188303067953, -30.011083907567535 ], [ -51.234270178367346, -30.011064758243325 ], [ -51.234265442862188, -30.010893339837139 ], [ -51.234207901804346, -30.010999622934914 ], [ -51.234160728022239, -30.010924082978285 ], [ -51.234255276817123, -30.010752723350347 ], [ -51.234329299673647, -30.01080261931217 ], [ -51.234300164946482, -30.010652243404877 ], [ -51.23446423469651, -30.010779074185386 ], [ -51.234391494415831, -30.010483352135644 ], [ -51.234272739517472, -30.010460393132352 ], [ -51.234352220126212, -30.010335062802113 ], [ -51.234243838056827, -30.010176284159112 ], [ -51.234408014768213, -30.010101211451005 ], [ -51.234384974319475, -30.0097715901592 ], [ -51.234507235338256, -30.009746232687039 ], [ -51.234244711432012, -30.00964317610357 ], [ -51.234260825413358, -30.009505656636186 ], [ -51.23436073778835, -30.009500131135955 ], [ -51.234409658595453, -30.009371986486887 ], [ -51.234286700806464, -30.009289433255638 ], [ -51.234299119963346, -30.008753812978913 ], [ -51.234208254382843, -30.008698632679451 ], [ -51.234176558243234, -30.008444111139791 ], [ -51.233863237945549, -30.008268557571057 ], [ -51.233762726109966, -30.008313204210406 ] ] ], [ [ [ -51.233443755855085, -30.00808626073275 ], [ -51.233483443141061, -30.008170205596787 ], [ -51.233609531673295, -30.008143249963304 ], [ -51.233583014512902, -30.008062145031818 ], [ -51.233443755855085, -30.00808626073275 ] ] ], [ [ [ -51.233507631987102, -30.007165959635206 ], [ -51.233392266024637, -30.007452356312029 ], [ -51.233594234295282, -30.007897416141621 ], [ -51.233719957788523, -30.007649444802112 ], [ -51.233636266961028, -30.007609674554711 ], [ -51.233727166688297, -30.007271850908857 ], [ -51.233714687043033, -30.007203637332747 ], [ -51.233507631987102, -30.007165959635206 ] ] ], [ [ [ -51.23407581589953, -30.004883947351892 ], [ -51.233599899567082, -30.005417051668346 ], [ -51.233548320672185, -30.005641503597388 ], [ -51.233474338660216, -30.00566788955387 ], [ -51.233523991307941, -30.005791916014083 ], [ -51.233423385124652, -30.00615966322469 ], [ -51.233426356723442, -30.00625751686049 ], [ -51.233547176952122, -30.00632413373317 ], [ -51.234068442789656, -30.006416292864788 ], [ -51.234079922771897, -30.006633472855295 ], [ -51.234200345866434, -30.006530625848519 ], [ -51.234287405187679, -30.006234506370099 ], [ -51.234176853996637, -30.005869520377985 ], [ -51.234272841267696, -30.005871736542499 ], [ -51.234239456639855, -30.005668917264646 ], [ -51.234375782620589, -30.005332134457657 ], [ -51.234252186914809, -30.005251202433129 ], [ -51.234317273528504, -30.004940801140812 ], [ -51.234207340322541, -30.004838363938816 ], [ -51.23407581589953, -30.004883947351892 ] ] ], [ [ [ -51.218772528336707, -29.986046014708023 ], [ -51.218362919689675, -29.986154989327794 ], [ -51.218322704736622, -29.986413030455161 ], [ -51.217802293635664, -29.986790968617733 ], [ -51.217753034650698, -29.98703393863962 ], [ -51.217604379569806, -29.987247696834103 ], [ -51.217383037639323, -29.987394406075097 ], [ -51.217283248902092, -29.987324693860728 ], [ -51.217203348407324, -29.98749004404662 ], [ -51.216699718027591, -29.987787116299195 ], [ -51.21651964458632, -29.987990961226359 ], [ -51.216372933012444, -29.988029968445062 ], [ -51.216074432751505, -29.988345379126805 ], [ -51.215791343949704, -29.988399348863876 ], [ -51.215688866082502, -29.988493587152103 ], [ -51.215612846634393, -29.988466396869253 ], [ -51.21546984584198, -29.988627218795461 ], [ -51.215275491274021, -29.988601951225842 ], [ -51.21521878941823, -29.988792373200191 ], [ -51.215061571987675, -29.988794741881918 ], [ -51.214151910002691, -29.989370651058518 ], [ -51.2139703235855, -29.989354515343948 ], [ -51.213937922431121, -29.98944347113186 ], [ -51.213694860972431, -29.989488749932153 ], [ -51.213242698048269, -29.989779942927772 ], [ -51.213032867313665, -29.989803093134245 ], [ -51.213035914041228, -29.989872003451495 ], [ -51.2127031487856, -29.990025174488004 ], [ -51.212634634050254, -29.990128839332677 ], [ -51.212098708344655, -29.99022334553673 ], [ -51.211833323397997, -29.990529033504075 ], [ -51.211614619770181, -29.990590259053675 ], [ -51.21151818134161, -29.990805607915973 ], [ -51.211021800157347, -29.991100035180818 ], [ -51.211008303042924, -29.991256352425015 ], [ -51.210937080061704, -29.991175313376917 ], [ -51.21082014451688, -29.991507083840716 ], [ -51.210873159458082, -29.991587704665413 ], [ -51.2106354262582, -29.991731584450953 ], [ -51.210571035817907, -29.992163700788524 ], [ -51.210408927799804, -29.992235921558251 ], [ -51.210423945618743, -29.992502854976397 ], [ -51.210318629342204, -29.992608930080564 ], [ -51.21038344032317, -29.992918668094802 ], [ -51.210257614447926, -29.99308825867109 ], [ -51.210171296394492, -29.993540500469148 ], [ -51.210251194506938, -29.99389927886827 ], [ -51.210178944896072, -29.994067460402011 ], [ -51.210207975188894, -29.994663516962468 ], [ -51.210246974866408, -29.994803809178059 ], [ -51.210366456456143, -29.994838783182324 ], [ -51.210475088030421, -29.994999322697794 ], [ -51.210426455002327, -29.995342524930617 ], [ -51.210569974227568, -29.995515159005436 ], [ -51.21056199995283, -29.99564605324905 ], [ -51.210792214204218, -29.995799328209294 ], [ -51.21096769482466, -29.996153923285551 ], [ -51.210996802195403, -29.996484982370475 ], [ -51.210774913041654, -29.996670488799403 ], [ -51.210988929998997, -29.996741815305796 ], [ -51.211321004148701, -29.996690424931622 ], [ -51.211422353411628, -29.996881239915446 ], [ -51.211255804710206, -29.997164869199977 ], [ -51.21129107679706, -29.997486151216247 ], [ -51.21122643499055, -29.997518478920327 ], [ -51.211421899467965, -29.997841104110698 ], [ -51.2114051572756, -29.998075709938874 ], [ -51.21150980779526, -29.998183816623889 ], [ -51.211481470444554, -29.998420355336318 ], [ -51.211653598886812, -29.998765526854367 ], [ -51.211743670061018, -29.999249963063001 ], [ -51.211811696515781, -29.999379095027308 ], [ -51.211895632125561, -29.99933359056563 ], [ -51.211864467607754, -29.999523570992885 ], [ -51.21174643700634, -29.999447556751708 ], [ -51.211679579450461, -29.999555665670794 ], [ -51.21175336741841, -29.999884440606053 ], [ -51.21223134407213, -30.000284188676122 ], [ -51.212305171118111, -30.000725639268815 ], [ -51.212558771504781, -30.000785661830985 ], [ -51.212661468034426, -30.001054525158473 ], [ -51.212956524789142, -30.001318991754207 ], [ -51.212855472136461, -30.00189906556021 ], [ -51.213087172558176, -30.002057943165944 ], [ -51.213069635264866, -30.00223515685196 ], [ -51.213252958275035, -30.002290084846049 ], [ -51.213529704500509, -30.002568722891517 ], [ -51.213639972036553, -30.002905050247403 ], [ -51.213709392263631, -30.002928238840958 ], [ -51.213666535858195, -30.003080973671931 ], [ -51.213994796563526, -30.003298469270522 ], [ -51.214240863973941, -30.003821492372808 ], [ -51.214164113328948, -30.004000113257352 ], [ -51.214259161260443, -30.004070737428432 ], [ -51.21420795711181, -30.00415571476486 ], [ -51.214346723297496, -30.004377314588201 ], [ -51.214355380758221, -30.00462702906081 ], [ -51.214785511862914, -30.005027705965816 ], [ -51.215077071251564, -30.005450698548565 ], [ -51.215198397526983, -30.00598075230636 ], [ -51.215422151650792, -30.006399003382558 ], [ -51.215378345201081, -30.00660081450879 ], [ -51.215619827516811, -30.006712759558095 ], [ -51.215632562476657, -30.006903348015101 ], [ -51.215771940585782, -30.007005012770868 ], [ -51.215662999769961, -30.007164398492616 ], [ -51.215687108088645, -30.007527373210035 ], [ -51.215840500122177, -30.007852436301871 ], [ -51.215781750733349, -30.007878512208585 ], [ -51.215895192591681, -30.007946020705784 ], [ -51.216074333581126, -30.007874974138264 ], [ -51.21611793650407, -30.007926838275225 ], [ -51.215745589831883, -30.00811730510852 ], [ -51.215989140871194, -30.008406727057153 ], [ -51.215917824259392, -30.0086662204248 ], [ -51.216103395313624, -30.008689076414885 ], [ -51.216170559470051, -30.008848493526799 ], [ -51.216386659526194, -30.008749206934411 ], [ -51.216284477344331, -30.00881849198359 ], [ -51.216277817591717, -30.008939780369868 ], [ -51.216180106943398, -30.008938448806656 ], [ -51.216103966218313, -30.0090337742669 ], [ -51.216186952307233, -30.009163714521673 ], [ -51.216633821086162, -30.009270971131347 ], [ -51.21645091683942, -30.009348866167731 ], [ -51.216335971434447, -30.0095069876011 ], [ -51.216494041833883, -30.009619400008233 ], [ -51.216527772863707, -30.009889835611659 ], [ -51.216670432895519, -30.010119494725846 ], [ -51.216582307424538, -30.010261568050915 ], [ -51.216969176193892, -30.01024649550957 ], [ -51.216893791358352, -30.010333473031803 ], [ -51.217059957579615, -30.010406681471046 ], [ -51.216646323000148, -30.010373570271152 ], [ -51.216870575618763, -30.011114624244733 ], [ -51.217054994539701, -30.011225018729828 ], [ -51.217340549336406, -30.011674712451054 ], [ -51.217590429731182, -30.0118583793634 ], [ -51.217908907049008, -30.012280881304296 ], [ -51.218064660509157, -30.01236002164843 ], [ -51.218041216555783, -30.012494441757873 ], [ -51.218335920713798, -30.012824347193444 ], [ -51.218962181277597, -30.01309428760565 ], [ -51.219184532823618, -30.0132754515001 ], [ -51.219338492270282, -30.013241895822024 ], [ -51.219449814889607, -30.013377810905574 ], [ -51.219586461245314, -30.01339669307475 ], [ -51.219627275444715, -30.013716506723231 ], [ -51.220211484113705, -30.014335390983952 ], [ -51.220197351813589, -30.014506782821201 ], [ -51.220499415482045, -30.014868181280228 ], [ -51.220479625484536, -30.01499529495327 ], [ -51.220597747264158, -30.015025284869008 ], [ -51.221207733076696, -30.015715272590839 ], [ -51.222421666675892, -30.016722070996479 ], [ -51.22255220125858, -30.016564081345329 ], [ -51.222134639021888, -30.015721793321394 ], [ -51.221661483965804, -30.014964239642222 ], [ -51.221053778765842, -30.014423229097197 ], [ -51.221123291230377, -30.014320990182075 ], [ -51.220850157990888, -30.013957961400838 ], [ -51.220822256398321, -30.013650809108196 ], [ -51.220633921771139, -30.013526714624629 ], [ -51.22064209913507, -30.013327189905358 ], [ -51.220851937437494, -30.013256942402872 ], [ -51.220881456773576, -30.012990422615022 ], [ -51.221038108703276, -30.013001053382467 ], [ -51.22110565859149, -30.012622876346924 ], [ -51.221255557308901, -30.012580473849756 ], [ -51.221209558355135, -30.012483299427029 ], [ -51.221352742865477, -30.012339022276461 ], [ -51.221361070636014, -30.012171507329509 ], [ -51.220970954728664, -30.011038440101185 ], [ -51.220675089837243, -30.01072091112378 ], [ -51.22057229586413, -30.010369862591702 ], [ -51.220472115228311, -30.010285776111491 ], [ -51.220390441180491, -30.010057880989088 ], [ -51.220365823727263, -30.009777896866261 ], [ -51.220420119914039, -30.009759221793754 ], [ -51.22027434808993, -30.009684688952685 ], [ -51.220419801625823, -30.009272056780727 ], [ -51.220441071311299, -30.008911729635805 ], [ -51.220159172617876, -30.008638574638919 ], [ -51.220188013350729, -30.008526823854989 ], [ -51.220079732409872, -30.008415914920963 ], [ -51.220032135947314, -30.0081847708929 ], [ -51.219904043211471, -30.008114457855868 ], [ -51.219946507550105, -30.00792174973158 ], [ -51.219768977238367, -30.007789340997359 ], [ -51.219856333952627, -30.007594520089594 ], [ -51.219593877999444, -30.007439033768922 ], [ -51.219476368947745, -30.007198168707408 ], [ -51.219406665315759, -30.00723467473135 ], [ -51.219443933089764, -30.007019742238498 ], [ -51.219333058887393, -30.006904898409626 ], [ -51.219354948666634, -30.006731579282253 ], [ -51.219240285271852, -30.006646805080248 ], [ -51.219222844365575, -30.006291833261951 ], [ -51.219125911545163, -30.006266906340038 ], [ -51.21921471205453, -30.006048055062095 ], [ -51.219134078636351, -30.005842716086232 ], [ -51.219258732664883, -30.00573846114926 ], [ -51.219272337526171, -30.005484896822487 ], [ -51.219391190662307, -30.005399397970351 ], [ -51.219188123112147, -30.004801263773324 ], [ -51.219071702090659, -30.004722116013657 ], [ -51.219011086120091, -30.004198152307495 ], [ -51.219084521709924, -30.004117569043107 ], [ -51.218944849557481, -30.003963801093469 ], [ -51.218942554263272, -30.003636381119264 ], [ -51.218747065353725, -30.002992880333966 ], [ -51.218942951358024, -30.002784303800077 ], [ -51.219345903248367, -30.00274515571385 ], [ -51.219792491041034, -30.002865795749628 ], [ -51.219931514929804, -30.00301475661389 ], [ -51.220483729952058, -30.005180525400373 ], [ -51.22064597949533, -30.005590029996437 ], [ -51.220896958406826, -30.005911625560305 ], [ -51.221034483250484, -30.006577739275013 ], [ -51.221144196098898, -30.006675290359127 ], [ -51.221113712522161, -30.006864375783938 ], [ -51.221432524083127, -30.007129417288731 ], [ -51.22145296991512, -30.007226016773078 ], [ -51.221760392580144, -30.007244582252113 ], [ -51.221853407540536, -30.005906195796108 ], [ -51.22178864028551, -30.005580114442687 ], [ -51.221843773041407, -30.005407502948092 ], [ -51.22176721667735, -30.005233993837333 ], [ -51.221833165220872, -30.005159856352989 ], [ -51.221808740298009, -30.004829736837106 ], [ -51.221886198408939, -30.004765798924062 ], [ -51.221814560227024, -30.004646684512114 ], [ -51.221753195041288, -30.004665256603307 ], [ -51.221806487624711, -30.00452898571562 ], [ -51.221720677561564, -30.004385837004115 ], [ -51.221788303513492, -30.004209593351888 ], [ -51.221720068327038, -30.00405308377751 ], [ -51.221814101419803, -30.003891965349808 ], [ -51.221691609967316, -30.003471097237419 ], [ -51.221676798490094, -30.00292017856404 ], [ -51.221613180592144, -30.002896078701315 ], [ -51.221600465746562, -30.001813586249327 ], [ -51.221529756247968, -30.00179042383234 ], [ -51.221507601260825, -30.001477712619636 ], [ -51.22142216746311, -30.001367739573624 ], [ -51.221453082946283, -30.000842500568112 ], [ -51.221370565696461, -30.000755621771248 ], [ -51.221385455258321, -30.000398076008306 ], [ -51.221239621270875, -29.999709335942462 ], [ -51.221333054683633, -29.999077680017063 ], [ -51.221446940871083, -29.998903288224344 ], [ -51.22173837373419, -29.99660735709011 ], [ -51.22193896242598, -29.995889016510638 ], [ -51.221888484399834, -29.995735575593507 ], [ -51.221971198218526, -29.995567342131981 ], [ -51.221889731459456, -29.995411419443023 ], [ -51.222011449582283, -29.99516765578187 ], [ -51.221965793250334, -29.994810781865475 ], [ -51.222172147182938, -29.993907677833512 ], [ -51.222117434092311, -29.99325097487726 ], [ -51.221921205684325, -29.992792489375709 ], [ -51.221955256328265, -29.992531401490634 ], [ -51.221832466165296, -29.992333594266821 ], [ -51.221308543431128, -29.992497216038991 ], [ -51.220961498389634, -29.992516111552902 ], [ -51.220939928996195, -29.992423899671252 ], [ -51.220738144586235, -29.99253968463832 ], [ -51.220283243689323, -29.992608108637455 ], [ -51.220235393560763, -29.992483146479302 ], [ -51.220360664754125, -29.992360901395465 ], [ -51.220213003786263, -29.991975741446801 ], [ -51.220813235616546, -29.991794158808567 ], [ -51.221015624234902, -29.99216284135392 ], [ -51.221785046009288, -29.991895172147814 ], [ -51.221749415728723, -29.991673181470762 ], [ -51.221301331856061, -29.990600393717447 ], [ -51.221148602736996, -29.990320155959896 ], [ -51.221058311197162, -29.990286339800168 ], [ -51.221077520682513, -29.990061971779266 ], [ -51.220867595634509, -29.989796613339919 ], [ -51.220613375847897, -29.989136189741199 ], [ -51.220056742614851, -29.987403348869933 ], [ -51.220065801897888, -29.987116256588674 ], [ -51.219983094957023, -29.987097427158393 ], [ -51.21989448814869, -29.986720556507777 ], [ -51.21959242947316, -29.986128771197833 ], [ -51.219593668283601, -29.985961796146672 ], [ -51.219237615870107, -29.985767628005018 ], [ -51.218772528336707, -29.986046014708023 ] ] ], [ [ [ -51.255913957185669, -29.957040210781059 ], [ -51.254860227210393, -29.957058284428157 ], [ -51.254663567964322, -29.957136797861313 ], [ -51.25447480207071, -29.957499043266143 ], [ -51.254226612870895, -29.957759003204664 ], [ -51.254005335746584, -29.958245781401118 ], [ -51.253875432279131, -29.958413565444435 ], [ -51.253791687872884, -29.958376237960714 ], [ -51.253414877579694, -29.958818632418868 ], [ -51.252391937025209, -29.959206786450086 ], [ -51.251730411616329, -29.959358470890027 ], [ -51.251609335476118, -29.959477178412044 ], [ -51.251423359504628, -29.959371328506773 ], [ -51.251318537182215, -29.959484038218655 ], [ -51.250941083093274, -29.959578404333985 ], [ -51.250895250520486, -29.959504955559989 ], [ -51.250800442147302, -29.959605576518058 ], [ -51.249974766876079, -29.959734483227976 ], [ -51.249023378629914, -29.960049401192894 ], [ -51.248860069816111, -29.959937261355108 ], [ -51.248596745941889, -29.960111561760247 ], [ -51.247752346840926, -29.960166830240272 ], [ -51.247177225168492, -29.960386310239695 ], [ -51.246674037804638, -29.960419317708727 ], [ -51.246288704587293, -29.960551260677381 ], [ -51.24567553960793, -29.960617936189994 ], [ -51.244644260991677, -29.960861758380574 ], [ -51.244068538219977, -29.960865529733205 ], [ -51.243971271934235, -29.960966329859584 ], [ -51.243220095512761, -29.961122773520849 ], [ -51.242745837194526, -29.961089408718184 ], [ -51.242650414836802, -29.96118395197891 ], [ -51.241758186696963, -29.961235257590417 ], [ -51.241210471865983, -29.961407025588922 ], [ -51.240976631237615, -29.961357955838331 ], [ -51.239789068314607, -29.961661235538294 ], [ -51.238956389453065, -29.962003808435622 ], [ -51.23844031720661, -29.962379167855428 ], [ -51.238109176009289, -29.962765094007775 ], [ -51.237831304062858, -29.963295452231247 ], [ -51.237302236377268, -29.964597128010809 ], [ -51.237291936796723, -29.96483689644694 ], [ -51.237127107957733, -29.965112638513123 ], [ -51.237025880953382, -29.96560543160075 ], [ -51.236920674227669, -29.965725555757647 ], [ -51.236603536291788, -29.967550824027725 ], [ -51.236613840052264, -29.96815297423435 ], [ -51.236521515546848, -29.968515269361685 ], [ -51.236603067826351, -29.969401065791985 ], [ -51.236534876212318, -29.969468570076732 ], [ -51.236605410893198, -29.969563056172085 ], [ -51.236536168320022, -29.969907349771699 ], [ -51.236628777966047, -29.970132748452173 ], [ -51.236527021774648, -29.97026613148433 ], [ -51.236644512430161, -29.970427056237622 ], [ -51.236539191964518, -29.970538226836588 ], [ -51.236653957969487, -29.970803198010152 ], [ -51.236586711718736, -29.970875204821283 ], [ -51.236695517813004, -29.971214635542395 ], [ -51.236636270654643, -29.971369923836004 ], [ -51.236752631125135, -29.971443351753553 ], [ -51.236604900196632, -29.971685703277576 ], [ -51.236574977669207, -29.9719392204473 ], [ -51.23675294119495, -29.972142229669185 ], [ -51.236618337502755, -29.972427196463972 ], [ -51.236724475153679, -29.972930886144717 ], [ -51.236721053151079, -29.973511426246542 ], [ -51.236819974144836, -29.973672388630273 ], [ -51.236847950886705, -29.97444936946119 ], [ -51.237099535895091, -29.97560692808376 ], [ -51.237135232410552, -29.976145964796636 ], [ -51.237235031893242, -29.976368249335803 ], [ -51.237320308518257, -29.977488775750089 ], [ -51.237566961063479, -29.978425107181099 ], [ -51.23751987300453, -29.97855431561489 ], [ -51.237663007180871, -29.979316162645187 ], [ -51.237604797333844, -29.979373138081733 ], [ -51.237806160336248, -29.97968922986383 ], [ -51.238091482874374, -29.979911213689711 ], [ -51.238481036074425, -29.979725071612339 ], [ -51.239730495690637, -29.979641953167988 ], [ -51.240387692025067, -29.979505688776712 ], [ -51.240705933120474, -29.979274453232964 ], [ -51.241025419403371, -29.978727401740567 ], [ -51.24106993410895, -29.978504156098836 ], [ -51.240989000866357, -29.978334927951238 ], [ -51.241170318212298, -29.977992765570548 ], [ -51.241437621528085, -29.975945517950763 ], [ -51.241338146856684, -29.975277898879241 ], [ -51.241438573921307, -29.975032937940973 ], [ -51.241323553027762, -29.974745251245185 ], [ -51.241326247491749, -29.974068548263446 ], [ -51.241238940869628, -29.973786898969546 ], [ -51.241354629460595, -29.972892259718552 ], [ -51.241164630522334, -29.972295691583547 ], [ -51.24110472937631, -29.971606366122053 ], [ -51.241080908173515, -29.970557607634561 ], [ -51.241182572493848, -29.969908972469128 ], [ -51.241282203714199, -29.96963726822705 ], [ -51.24142594486446, -29.969512818426722 ], [ -51.241468742916346, -29.969175094796466 ], [ -51.241837134029041, -29.96870381709795 ], [ -51.242037462265507, -29.968557521097747 ], [ -51.24233829422603, -29.968479763197287 ], [ -51.242556731991222, -29.968547994222806 ], [ -51.242875119513016, -29.968455954026812 ], [ -51.243174079159893, -29.968477694423527 ], [ -51.243458062728202, -29.968247600462149 ], [ -51.243495162516261, -29.968136085859083 ], [ -51.243420653558978, -29.968032857672522 ], [ -51.243858634556389, -29.967848179734172 ], [ -51.244003612859814, -29.967880910283121 ], [ -51.244174172136866, -29.968062368395469 ], [ -51.244514837718022, -29.968125257343296 ], [ -51.244924517845831, -29.968556265311353 ], [ -51.245007962949678, -29.969083067402657 ], [ -51.244953363442214, -29.969381987503382 ], [ -51.245315924194443, -29.970152813428822 ], [ -51.245678854051391, -29.970548321514052 ], [ -51.245987248162436, -29.971433580938964 ], [ -51.24701334788724, -29.972595693708321 ], [ -51.247803489976285, -29.973955415157118 ], [ -51.248693108175672, -29.974838691582427 ], [ -51.249057780828515, -29.975033384696381 ], [ -51.249446013798945, -29.975023098566712 ], [ -51.24974505214022, -29.975597267579964 ], [ -51.249755389497828, -29.975785550383428 ], [ -51.250302429288347, -29.976319660552104 ], [ -51.250643368631117, -29.976452022863814 ], [ -51.250795693663214, -29.976404761286283 ], [ -51.25097565163388, -29.976535332667712 ], [ -51.251389944898783, -29.976620556360494 ], [ -51.251759273703101, -29.976807953937914 ], [ -51.251941048485335, -29.976698108153194 ], [ -51.252479862849384, -29.976862524881014 ], [ -51.253023989303486, -29.97678610277822 ], [ -51.253421439952547, -29.976874493544607 ], [ -51.253922726224758, -29.976727651677095 ], [ -51.25450000766044, -29.976759470595908 ], [ -51.254718789379467, -29.976672361867134 ], [ -51.254806033984309, -29.976522861640245 ], [ -51.255066494393311, -29.9765024580168 ], [ -51.255156044205165, -29.976362436905223 ], [ -51.255431119981694, -29.976273041154585 ], [ -51.255454562193606, -29.976178240559943 ], [ -51.255605580031229, -29.976179165422689 ], [ -51.255868486567117, -29.975979160222316 ], [ -51.256116151675698, -29.975934483033132 ], [ -51.256410940564805, -29.976077080517811 ], [ -51.256701862333635, -29.97601861145521 ], [ -51.257043754901943, -29.976049894488817 ], [ -51.257108946170931, -29.976139511195495 ], [ -51.257226629870694, -29.976141436549121 ], [ -51.257842282733563, -29.975993650944549 ], [ -51.258076418337161, -29.976092704316798 ], [ -51.258464991539796, -29.976076578674601 ], [ -51.259077767268728, -29.97585112005261 ], [ -51.260123412038027, -29.975894907680161 ], [ -51.260657578310777, -29.975832118055123 ], [ -51.261131525256573, -29.975593097115325 ], [ -51.261618959020666, -29.975691108631217 ], [ -51.262133754229843, -29.975638974666705 ], [ -51.262568489089382, -29.975357283143662 ], [ -51.263491202587893, -29.975257989056246 ], [ -51.26382168514067, -29.97488841333282 ], [ -51.264657162926973, -29.974523561358453 ], [ -51.264910350084605, -29.9745127594027 ], [ -51.265092726183227, -29.974586099734928 ], [ -51.265773866972232, -29.974222179072108 ], [ -51.266105781729991, -29.974175557611723 ], [ -51.266202767596276, -29.974094068608348 ], [ -51.266699507478869, -29.974101241346471 ], [ -51.266751913474849, -29.974256660529921 ], [ -51.266851796771178, -29.974237504124346 ], [ -51.266790612911308, -29.974375045443107 ], [ -51.266436738927361, -29.974559988328341 ], [ -51.266118314233289, -29.974648772030402 ], [ -51.265752393584293, -29.974603195024077 ], [ -51.265407740932744, -29.974742229261459 ], [ -51.265281821031159, -29.975002246241139 ], [ -51.265339010944189, -29.975345444439512 ], [ -51.265238092471641, -29.975419713068263 ], [ -51.265055056992615, -29.97541670674989 ], [ -51.264944652150589, -29.975627625876761 ], [ -51.265017503374786, -29.975774253293658 ], [ -51.264738648550967, -29.976247816458951 ], [ -51.264813807821035, -29.97586290669976 ], [ -51.264719141873314, -29.975775846483153 ], [ -51.264569564174039, -29.975812971763954 ], [ -51.26442050515476, -29.975756861675702 ], [ -51.264343112054839, -29.975883306038821 ], [ -51.264320776076794, -29.975784534491261 ], [ -51.264169651517108, -29.975776738590572 ], [ -51.263894660425564, -29.975900932074381 ], [ -51.263841566188702, -29.976082448661909 ], [ -51.264088823630004, -29.97617950747151 ], [ -51.263636627342549, -29.976172565049652 ], [ -51.263568734585341, -29.976234632103093 ], [ -51.263479556233236, -29.976135928299414 ], [ -51.263342716449657, -29.976143297900951 ], [ -51.263137761342442, -29.976273067291206 ], [ -51.263142458667744, -29.976382493833484 ], [ -51.263025160331857, -29.976479784487129 ], [ -51.262547146803982, -29.976576578510432 ], [ -51.262422806480473, -29.976662689370176 ], [ -51.262188007046255, -29.97643176211799 ], [ -51.261222406603039, -29.976477594154247 ], [ -51.261027144419828, -29.976583138519516 ], [ -51.260751333089154, -29.976386914481715 ], [ -51.260647811995291, -29.976461007037663 ], [ -51.260407330007745, -29.9764252885209 ], [ -51.260354563571745, -29.976553064783541 ], [ -51.260023716986787, -29.976557980775883 ], [ -51.259748374793965, -29.976696609884097 ], [ -51.25971471928144, -29.976953299328589 ], [ -51.259830894561318, -29.976982011472558 ], [ -51.25980321372554, -29.977071449155744 ], [ -51.259606224589298, -29.977008410699618 ], [ -51.259426585552127, -29.977071413900621 ], [ -51.259147545125337, -29.976897915947543 ], [ -51.258778447549965, -29.97685672901844 ], [ -51.258545055028009, -29.977107582322603 ], [ -51.257927766481174, -29.97695418292211 ], [ -51.257770173888076, -29.976742545898624 ], [ -51.257080824618924, -29.976834463442355 ], [ -51.2569479869966, -29.976881225168157 ], [ -51.256906044989385, -29.976990883654096 ], [ -51.256678873905827, -29.977048316923419 ], [ -51.256196061340077, -29.97699579829273 ], [ -51.255798904163953, -29.977051787042058 ], [ -51.255548541446828, -29.976964659862006 ], [ -51.254684191941848, -29.977306559560159 ], [ -51.254128489344573, -29.977321741809295 ], [ -51.253927667818999, -29.977409631335792 ], [ -51.253646829208414, -29.977413682547848 ], [ -51.253448803091175, -29.977530298852496 ], [ -51.253246116018836, -29.977411334144307 ], [ -51.252829418886648, -29.977480252496232 ], [ -51.25247173444032, -29.977361728363661 ], [ -51.252220394179105, -29.97739582407646 ], [ -51.252161960938722, -29.977478760769724 ], [ -51.252018315107506, -29.977356941430003 ], [ -51.251733129952257, -29.977382435363449 ], [ -51.251121589818695, -29.977146813236711 ], [ -51.251011089051296, -29.977196891241707 ], [ -51.250850348723901, -29.977011411986076 ], [ -51.249748559242498, -29.976771830433137 ], [ -51.248971669895013, -29.976391249564848 ], [ -51.248447104108649, -29.976302708093989 ], [ -51.248275486354984, -29.976181512927532 ], [ -51.248025570366899, -29.97617686703439 ], [ -51.246757677891175, -29.975835609163834 ], [ -51.245721986650395, -29.975845449588498 ], [ -51.244238497591134, -29.97653695231752 ], [ -51.244046157722025, -29.976831060855449 ], [ -51.243554810772551, -29.976952416507338 ], [ -51.243279011145425, -29.977205776840101 ], [ -51.24295386860863, -29.977664988427325 ], [ -51.242539175802428, -29.978531604320324 ], [ -51.242586816257457, -29.978795705701032 ], [ -51.242479634339531, -29.979024452778461 ], [ -51.242507176143775, -29.9792861906719 ], [ -51.242324060291928, -29.979762444059304 ], [ -51.24172663692174, -29.980174419281393 ], [ -51.241418009992785, -29.980150999337724 ], [ -51.240897083744144, -29.980634003791412 ], [ -51.240376613513391, -29.980936688434877 ], [ -51.240045762468419, -29.981228103784911 ], [ -51.239925604793228, -29.981448213993996 ], [ -51.23971742687899, -29.981605976699129 ], [ -51.239717242128087, -29.981715874849325 ], [ -51.239475156665215, -29.981896873008612 ], [ -51.239392728005214, -29.982146280269269 ], [ -51.239347786482128, -29.982999660311616 ], [ -51.239509130134088, -29.983459084959293 ], [ -51.239522148615322, -29.9840437836136 ], [ -51.239625628622903, -29.984245737662839 ], [ -51.239563629288561, -29.985187170306872 ], [ -51.239486580958747, -29.98533094503496 ], [ -51.239728570119823, -29.985789748947884 ], [ -51.239635934378775, -29.985814581033804 ], [ -51.239678425424749, -29.985894765576543 ], [ -51.239577344722385, -29.986061930495104 ], [ -51.239693054640057, -29.986334921688506 ], [ -51.239834240403503, -29.986422657515792 ], [ -51.239731673145968, -29.986537083826484 ], [ -51.239778139887598, -29.986897667005909 ], [ -51.239598748467841, -29.986979354140306 ], [ -51.239786480951949, -29.98711288713945 ], [ -51.23952227201093, -29.987517793997412 ], [ -51.239912264947733, -29.98763440698292 ], [ -51.239972023415319, -29.987794642273091 ], [ -51.240138546129913, -29.98782958294467 ], [ -51.240234916087957, -29.987970806289866 ], [ -51.24049614614183, -29.98803032196918 ], [ -51.240584109159023, -29.987940220795419 ], [ -51.240723431790386, -29.9879421113822 ], [ -51.240787831070534, -29.988139642438995 ], [ -51.240847163460032, -29.988057373169983 ], [ -51.241019515392203, -29.988031538259822 ], [ -51.241663632891239, -29.988079998647656 ], [ -51.241970606037675, -29.988245478574225 ], [ -51.241908107006338, -29.988313418855874 ], [ -51.241949172267176, -29.988416834374441 ], [ -51.242111158861498, -29.98825919018568 ], [ -51.242025486302275, -29.988095994109059 ], [ -51.242218702129982, -29.98807290497404 ], [ -51.242329777070267, -29.988448358507913 ], [ -51.242396948489841, -29.988445661181316 ], [ -51.24241295140213, -29.988321694616431 ], [ -51.242753367381731, -29.988287193577801 ], [ -51.242764755418463, -29.988619946327397 ], [ -51.243158700162112, -29.98878231953233 ], [ -51.243224894999102, -29.988710506330353 ], [ -51.243163907529109, -29.988628357177511 ], [ -51.243197803950558, -29.988256349764178 ], [ -51.243438739923278, -29.988466371311397 ], [ -51.243381880221904, -29.988777329060902 ], [ -51.243710386474206, -29.988819326866498 ], [ -51.243688739881314, -29.988985531413594 ], [ -51.243814060384061, -29.989065007366065 ], [ -51.243896404109819, -29.988984906087619 ], [ -51.243980270613861, -29.989096615884179 ], [ -51.244080726795431, -29.98901950387496 ], [ -51.244280719560699, -29.989057491301743 ], [ -51.244480762632143, -29.989211962246536 ], [ -51.244481623744441, -29.989373086880153 ], [ -51.244661862782955, -29.989214339412037 ], [ -51.244781594482916, -29.989205513551422 ], [ -51.244923748921181, -29.989334417591618 ], [ -51.24517464400823, -29.98927162717743 ], [ -51.245213379323943, -29.989347225164071 ], [ -51.245304550762945, -29.98927863633736 ], [ -51.24540030902331, -29.989337409375107 ], [ -51.245509144502634, -29.989161136958966 ], [ -51.245499101590418, -29.989271038011314 ], [ -51.245595801902397, -29.989355471242959 ], [ -51.245650054396179, -29.989187840701135 ], [ -51.245786563047233, -29.989115623500542 ], [ -51.245923289483059, -29.989119659525162 ], [ -51.24594079519899, -29.989248927803903 ], [ -51.246035221662247, -29.989241937834034 ], [ -51.246051399173602, -29.989167449017771 ], [ -51.246233538063905, -29.989272463234471 ], [ -51.246517404183059, -29.989136228031324 ], [ -51.246575237763338, -29.989381781035092 ], [ -51.246785950376285, -29.989182891415773 ], [ -51.24692586686416, -29.989370003797461 ], [ -51.246992343639555, -29.989171885807846 ], [ -51.247212260157241, -29.989123880039955 ], [ -51.24748772301151, -29.989294251373554 ], [ -51.247613589487571, -29.989471266936963 ], [ -51.247778828183712, -29.989386737695348 ], [ -51.247826592135056, -29.989277230076492 ], [ -51.248076105961353, -29.98944705542096 ], [ -51.248080725749546, -29.989586662305324 ], [ -51.248253239500329, -29.989651820750041 ], [ -51.248329300689058, -29.989569874743257 ], [ -51.248447719986338, -29.989597881741531 ], [ -51.24847388788546, -29.989684467513289 ], [ -51.248569354348874, -29.989695924450434 ], [ -51.248599396698786, -29.989858033153304 ], [ -51.248788803712173, -29.989739709394311 ], [ -51.248964046250059, -29.989797174036973 ], [ -51.249109987249632, -29.990030212199486 ], [ -51.249049235300596, -29.990248960477025 ], [ -51.249213288042711, -29.990226481848527 ], [ -51.249210091483867, -29.990302602724899 ], [ -51.249083345820623, -29.990309645287255 ], [ -51.248981337360767, -29.990438511279464 ], [ -51.249126126931131, -29.990586035049279 ], [ -51.24907850957041, -29.99068378123685 ], [ -51.249315128927577, -29.99076776022395 ], [ -51.249229589306047, -29.99079944970352 ], [ -51.249238835656939, -29.990896230406886 ], [ -51.249366893095768, -29.9908759567912 ], [ -51.249402331577954, -29.99076915391851 ], [ -51.24951162374515, -29.990815850737601 ], [ -51.249777824039917, -29.991201404008624 ], [ -51.249728415291763, -29.991306631338116 ], [ -51.249491489642786, -29.991263687578304 ], [ -51.249390289508803, -29.991388578581752 ], [ -51.249508812429639, -29.991548625906965 ], [ -51.249573047696423, -29.991802782213043 ], [ -51.249513178312014, -29.991885879082506 ], [ -51.249645427691043, -29.992225859559937 ], [ -51.249725710722537, -29.992241233389571 ], [ -51.249778873692932, -29.992117854987743 ], [ -51.249843179390631, -29.99217002690121 ], [ -51.249923873627395, -29.992071547420348 ], [ -51.250029888723518, -29.992092692579796 ], [ -51.250045569266007, -29.99230596917965 ], [ -51.250162191122229, -29.992315371281357 ], [ -51.250277974234166, -29.992500204713053 ], [ -51.25018491442043, -29.992745820773901 ], [ -51.249783618284852, -29.992832833456816 ], [ -51.249810697643113, -29.993092648589421 ], [ -51.249918564828192, -29.993244157475925 ], [ -51.249842071706865, -29.993455481828065 ], [ -51.250052558334396, -29.993785854794449 ], [ -51.249947903359335, -29.993885560670783 ], [ -51.249997072687883, -29.994098364989643 ], [ -51.25007971963894, -29.994123034766965 ], [ -51.249969072912052, -29.994188311621251 ], [ -51.250030045670961, -29.994354031797972 ], [ -51.249979831563735, -29.994534169372191 ], [ -51.250192724132333, -29.994821095004742 ], [ -51.250168300288379, -29.9951443263021 ], [ -51.250349198862999, -29.995215675132883 ], [ -51.250144627514352, -29.995281096403644 ], [ -51.250258517850952, -29.995386742424156 ], [ -51.250125054094426, -29.995420989903078 ], [ -51.250128460485463, -29.995679261232471 ], [ -51.250047012688121, -29.995758506729548 ], [ -51.250076133697284, -29.995856059636889 ], [ -51.250227727350733, -29.995916846552603 ], [ -51.25025324572897, -29.996181135243219 ], [ -51.250047331473446, -29.99649967395991 ], [ -51.250101111379877, -29.996743576532985 ], [ -51.249911817699321, -29.997830139146728 ], [ -51.249337166347274, -29.998576582958037 ], [ -51.248616501970901, -29.999108812109508 ], [ -51.248294563089253, -29.999457477078451 ], [ -51.24817466556464, -29.999476113211493 ], [ -51.247687732576601, -30.000460282625525 ], [ -51.24776513071798, -30.000540479843366 ], [ -51.247694938782686, -30.000693973483365 ], [ -51.247566034714993, -30.000724522006092 ], [ -51.247430791465419, -30.000608717448053 ], [ -51.247156186637667, -30.000706466146632 ], [ -51.246844342461564, -30.000678149732213 ], [ -51.246604658841555, -30.000567000990387 ], [ -51.246587546494908, -30.000485688852205 ], [ -51.246418353790624, -30.000467274435625 ], [ -51.246482659006482, -30.000309752880167 ], [ -51.246350299094118, -30.000194059072722 ], [ -51.246382578429881, -30.000027099268092 ], [ -51.246210991740533, -29.999813178638554 ], [ -51.24623254819997, -29.999680120002779 ], [ -51.246085825373747, -29.999463026009838 ], [ -51.245785010257755, -29.999314232575205 ], [ -51.245706987042844, -29.999081492838261 ], [ -51.245276241594226, -29.998928529377409 ], [ -51.244855683560651, -29.998560797786887 ], [ -51.244691711823769, -29.99864087901063 ], [ -51.244387640688714, -29.998540286736375 ], [ -51.244074587867537, -29.998604532322915 ], [ -51.24366712321531, -29.998522729531455 ], [ -51.243392439790199, -29.9985844749257 ], [ -51.243027978659221, -29.998453113127184 ], [ -51.242646866860646, -29.998531876659612 ], [ -51.242469542936426, -29.998425845674433 ], [ -51.242171748711023, -29.9985812438849 ], [ -51.241803548123507, -29.998617615871304 ], [ -51.241510927636284, -29.998529700195704 ], [ -51.241110938312232, -29.998631612952984 ], [ -51.240607244093759, -29.998556331277239 ], [ -51.239016691328011, -29.999692726214526 ], [ -51.238346798543965, -30.000305894229108 ], [ -51.237912317067583, -30.000467327096136 ], [ -51.237823714935672, -30.000608396202541 ], [ -51.237465094539729, -30.000769834867143 ], [ -51.23740645445384, -30.000963958107551 ], [ -51.237220260463516, -30.000994985008063 ], [ -51.236840268178057, -30.001232190918753 ], [ -51.236712623622267, -30.001413905082011 ], [ -51.236612560881973, -30.001802985007298 ], [ -51.236252382305331, -30.002107335723434 ], [ -51.236130712022607, -30.002571974263539 ], [ -51.235651175313876, -30.002813720494139 ], [ -51.235537774247923, -30.002975958708483 ], [ -51.235433515696826, -30.002943417004076 ], [ -51.235373392692182, -30.003064315753637 ], [ -51.235594263885105, -30.003233530862829 ], [ -51.23615166962206, -30.003072559976587 ], [ -51.236404986914629, -30.003068505937446 ], [ -51.236501372739617, -30.003138508100172 ], [ -51.236655158615427, -30.003035648491977 ], [ -51.237059024000125, -30.003147512088063 ], [ -51.237589199115277, -30.003060831520486 ], [ -51.237873071916624, -30.003099382535634 ], [ -51.238173872010911, -30.003044967042026 ], [ -51.238442907694449, -30.003109744270407 ], [ -51.238675716588467, -30.003015116958917 ], [ -51.238950248747898, -30.003098038853899 ], [ -51.239634260255968, -30.003115447339837 ], [ -51.239739608364232, -30.003190137064912 ], [ -51.239755597300395, -30.003096855141628 ], [ -51.239887181271229, -30.003188831721566 ], [ -51.240262633720661, -30.003205743388691 ], [ -51.241490232194323, -30.003554740692056 ], [ -51.241878704330688, -30.003760609311492 ], [ -51.242038749205697, -30.003771902624909 ], [ -51.242257213069813, -30.00397566405239 ], [ -51.242417495278701, -30.003982102266658 ], [ -51.242664954480198, -30.004194443607169 ], [ -51.242883381483949, -30.00425407463274 ], [ -51.243048542577576, -30.004446684773061 ], [ -51.243260606210178, -30.004467543836935 ], [ -51.24369055147065, -30.004803212941844 ], [ -51.243866285897276, -30.004838971500416 ], [ -51.244948723876384, -30.005667693732221 ], [ -51.245163134723022, -30.005726382115057 ], [ -51.245315787133734, -30.005892007383071 ], [ -51.245714032435949, -30.006094846853106 ], [ -51.245848459114832, -30.006216478537858 ], [ -51.245873522594131, -30.006358263428847 ], [ -51.246239506133755, -30.006512832459396 ], [ -51.246479873076666, -30.006745087291126 ], [ -51.246602397514955, -30.00673177556633 ], [ -51.24676223228429, -30.006961780226515 ], [ -51.247092147588262, -30.007044045345893 ], [ -51.247500201077223, -30.007357937332248 ], [ -51.247850000694037, -30.007433260287204 ], [ -51.248150358100297, -30.00766524027463 ], [ -51.248392473896189, -30.007665867042171 ], [ -51.248773604030212, -30.007845717796268 ], [ -51.249108996197329, -30.007879275772812 ], [ -51.249665885409186, -30.008070976748538 ], [ -51.249840845730176, -30.008039542208103 ], [ -51.250192752212222, -30.008192804401627 ], [ -51.250484785923504, -30.008122772936868 ], [ -51.250692903165223, -30.008253946096051 ], [ -51.250751431452116, -30.008175672235186 ], [ -51.2513297908326, -30.0082223894895 ], [ -51.251658131581323, -30.008113813373569 ], [ -51.251798099754552, -30.008187313052655 ], [ -51.251780434779924, -30.008133593463274 ], [ -51.251952416188502, -30.008163499143272 ], [ -51.252026985292055, -30.008066746989051 ], [ -51.252249236537814, -30.008137046741364 ], [ -51.252294926125778, -30.008066829090769 ], [ -51.252994348675287, -30.007938619959024 ], [ -51.253117563380691, -30.007836468438356 ], [ -51.253589471692905, -30.007838491070853 ], [ -51.254389831181555, -30.007568069795656 ], [ -51.254603527180613, -30.00740150712377 ], [ -51.254792707483652, -30.007432531419546 ], [ -51.254957465318633, -30.007352617496039 ], [ -51.255266647526646, -30.007343878644484 ], [ -51.255575410372529, -30.007142840317393 ], [ -51.255828845497525, -30.007113598114152 ], [ -51.255979272252404, -30.006949205727171 ], [ -51.257118306742846, -30.006610548842517 ], [ -51.257341536073135, -30.006350871885612 ], [ -51.257951857673717, -30.006122557621804 ], [ -51.258050208143338, -30.005900628880397 ], [ -51.258212184449121, -30.005786425742325 ], [ -51.258499565833326, -30.005810236438077 ], [ -51.258613280894906, -30.005691562948357 ], [ -51.258711952008625, -30.005695025271564 ], [ -51.258619443234551, -30.005539089759377 ], [ -51.258882179564146, -30.005502546181781 ], [ -51.258965003966161, -30.005315278869581 ], [ -51.259392281855796, -30.004993181128761 ], [ -51.259457352795877, -30.004828418870595 ], [ -51.260455872894234, -30.003913484634754 ], [ -51.260547080987465, -30.003710713370992 ], [ -51.260707399874278, -30.003786837167219 ], [ -51.260761846892962, -30.003707529511598 ], [ -51.260689841990015, -30.003669353644835 ], [ -51.260935835367334, -30.003244785728956 ], [ -51.261173504494593, -30.003011560131156 ], [ -51.261324966170086, -30.00258926913369 ], [ -51.261849615709437, -30.002240236316421 ], [ -51.262008514907549, -30.002056994218133 ], [ -51.262060739744783, -30.001813144761272 ], [ -51.262173033035538, -30.00182326916466 ], [ -51.262411555171745, -30.00150813707965 ], [ -51.262578941914164, -30.001425800664059 ], [ -51.262587772017817, -30.00122925793433 ], [ -51.262887842313098, -30.001117266902472 ], [ -51.263068036842206, -30.000774273250904 ], [ -51.263259938975558, -30.000648565442638 ], [ -51.263279067175418, -30.000369004367275 ], [ -51.26349854854525, -30.000217455431454 ], [ -51.263725904371761, -29.999846957046575 ], [ -51.264025186520399, -29.999557913472614 ], [ -51.264294797438282, -29.999005160182964 ], [ -51.264374852429754, -29.99864654823541 ], [ -51.264512271769441, -29.998682760354843 ], [ -51.264531225716674, -29.998476893731954 ], [ -51.26464927703357, -29.998514434626824 ], [ -51.264688050830081, -29.998427716292031 ], [ -51.264558801367329, -29.998388245789382 ], [ -51.264649307955622, -29.998144843294241 ], [ -51.264733962234338, -29.99815707156306 ], [ -51.264692641208349, -29.998072760480518 ], [ -51.264857033662807, -29.998085753890422 ], [ -51.264831759071527, -29.997822657640846 ], [ -51.264945246096488, -29.997581847341777 ], [ -51.265061208488426, -29.997593764318534 ], [ -51.265145281368753, -29.997128137536627 ], [ -51.265212416511488, -29.99713908822719 ], [ -51.265244251062853, -29.996939089836108 ], [ -51.265500414703723, -29.996731334046213 ], [ -51.265504522026198, -29.996593155587536 ], [ -51.265585438178512, -29.996586415177131 ], [ -51.265634260387088, -29.996200864594417 ], [ -51.265904460995024, -29.995828994861107 ], [ -51.26585310297191, -29.995721453649853 ], [ -51.266087690604358, -29.99555192797175 ], [ -51.266135687719064, -29.995169947529099 ], [ -51.266450474740608, -29.994790126505563 ], [ -51.266369795666577, -29.994651817334049 ], [ -51.266438974680327, -29.994622662204034 ], [ -51.26650692030168, -29.994687357748493 ], [ -51.266595780703334, -29.994556549202702 ], [ -51.266432405875186, -29.994461876993537 ], [ -51.266468657527298, -29.994312042325053 ], [ -51.266698139628986, -29.99430951098719 ], [ -51.266715313476226, -29.993980152687602 ], [ -51.266857261400851, -29.993776979056783 ], [ -51.266938315432185, -29.993425648660189 ], [ -51.267084286900285, -29.993429825261579 ], [ -51.267089208084045, -29.993356886761841 ], [ -51.266948862155253, -29.993299700350281 ], [ -51.267112864223137, -29.99314107525435 ], [ -51.267094232304586, -29.992992623679104 ], [ -51.267257152851322, -29.992690511559562 ], [ -51.267188726838995, -29.992219721383261 ], [ -51.267408535438086, -29.992056466732404 ], [ -51.267386394316738, -29.991773846537463 ], [ -51.26755938693865, -29.991230491781018 ], [ -51.26778931153828, -29.991031370045398 ], [ -51.267678271884748, -29.990980102998751 ], [ -51.26770077320549, -29.990597578194205 ], [ -51.267960535998093, -29.990198265284555 ], [ -51.268028257053857, -29.990209446118406 ], [ -51.268081980207896, -29.990077758109084 ], [ -51.268008407847006, -29.990026315814436 ], [ -51.268143051364618, -29.989979106289873 ], [ -51.268081452289515, -29.989924852160744 ], [ -51.268181760587375, -29.989926614488184 ], [ -51.268255974906232, -29.989748876614446 ], [ -51.268330940574529, -29.989778185591597 ], [ -51.268536716074749, -29.989044463483847 ], [ -51.268854362390151, -29.988558277428631 ], [ -51.268952725869063, -29.988118116395025 ], [ -51.26932267222432, -29.987705044993717 ], [ -51.269392415080873, -29.987390894407316 ], [ -51.269544410519664, -29.987341543347654 ], [ -51.269814470467985, -29.986973990210977 ], [ -51.270092547479194, -29.986801830561113 ], [ -51.270128580027119, -29.98664069096181 ], [ -51.270617490553313, -29.986232576917747 ], [ -51.270645552123888, -29.986109660249948 ], [ -51.271059031567319, -29.985977169769683 ], [ -51.271584031985739, -29.985391095148717 ], [ -51.27172397835438, -29.985463754903265 ], [ -51.271844912712851, -29.985342833005102 ], [ -51.271735356676054, -29.985274272067045 ], [ -51.271765482005492, -29.985227510812788 ], [ -51.271901250690675, -29.985240686309687 ], [ -51.272031704528601, -29.98502047642782 ], [ -51.272206287240365, -29.985024569357911 ], [ -51.272619326537551, -29.984479947087067 ], [ -51.272871935349819, -29.984370768487526 ], [ -51.273026769860948, -29.984128555344387 ], [ -51.273726273587407, -29.98365739700829 ], [ -51.273815364676551, -29.983505112049933 ], [ -51.273992269686651, -29.983418072896427 ], [ -51.274782615298669, -29.982657548494245 ], [ -51.274866578321934, -29.982470516431977 ], [ -51.275059034174916, -29.982369845104234 ], [ -51.275031955122564, -29.982285529880308 ], [ -51.275130447601654, -29.982145566035626 ], [ -51.275445611484734, -29.98186228326594 ], [ -51.275639707922949, -29.981504547414229 ], [ -51.275729349331378, -29.981536719970531 ], [ -51.275762295607095, -29.981451033402521 ], [ -51.275692695908361, -29.981430511058548 ], [ -51.275786335287442, -29.981411026265924 ], [ -51.275738075405933, -29.981377312024836 ], [ -51.275840232715993, -29.981269047945236 ], [ -51.275816200635475, -29.981168160288583 ], [ -51.276245921552984, -29.98054525223337 ], [ -51.276496331032391, -29.980236298993173 ], [ -51.276853081721491, -29.979988207616497 ], [ -51.277281014060776, -29.979241082222746 ], [ -51.277458710890492, -29.979187357680935 ], [ -51.277625134669115, -29.978991289608462 ], [ -51.277689883182738, -29.978754621921745 ], [ -51.277847221735968, -29.978744043121871 ], [ -51.27815384018843, -29.978059427448461 ], [ -51.278449836472639, -29.977723554647845 ], [ -51.278616376565637, -29.977381750421337 ], [ -51.278795434751707, -29.977239240796287 ], [ -51.27881395440977, -29.976975086770082 ], [ -51.279182713843483, -29.976685970276304 ], [ -51.279274364327478, -29.975975110492527 ], [ -51.279689394992381, -29.975081676967726 ], [ -51.279671317652479, -29.974831058920021 ], [ -51.279785583308744, -29.974789869817773 ], [ -51.279767626038229, -29.974540381852613 ], [ -51.280434353489873, -29.973406115178285 ], [ -51.280483811496538, -29.972919218041326 ], [ -51.280646054487995, -29.972820377272356 ], [ -51.280740328636881, -29.972845986447556 ], [ -51.281525865138427, -29.971209161703218 ], [ -51.2817256212115, -29.970973031343831 ], [ -51.281871487473985, -29.970942208372129 ], [ -51.281856686985151, -29.970784505509556 ], [ -51.28204825299035, -29.9704859900937 ], [ -51.28244341823887, -29.970091259012531 ], [ -51.283080662244018, -29.969203457479082 ], [ -51.283131911712779, -29.969097121971739 ], [ -51.283007873622552, -29.968910318438805 ], [ -51.283283102258032, -29.968862440420889 ], [ -51.283320938883378, -29.968716207487006 ], [ -51.28358953180156, -29.968573863112479 ], [ -51.283592485026468, -29.968467090116743 ], [ -51.283904575290791, -29.968153217531658 ], [ -51.284342914257159, -29.968168665163784 ], [ -51.284664019327494, -29.967816641214991 ], [ -51.284926697966192, -29.967627762867266 ], [ -51.285007272769164, -29.967664412434619 ], [ -51.285030393595584, -29.967564464381272 ], [ -51.285339393811661, -29.967317543777419 ], [ -51.285577502943909, -29.967233908920825 ], [ -51.285795934147806, -29.966933258503435 ], [ -51.28614723655344, -29.966885661414675 ], [ -51.286303952872295, -29.966509102269388 ], [ -51.286669121412118, -29.966495114902557 ], [ -51.286846736800697, -29.966239798346585 ], [ -51.287095221250787, -29.966161884558488 ], [ -51.287814344680726, -29.965612753946399 ], [ -51.287945555927003, -29.965625924810233 ], [ -51.288936070582096, -29.965012522349596 ], [ -51.288961320295982, -29.964869305831023 ], [ -51.289290263416376, -29.964768847360567 ], [ -51.289591558161838, -29.964773901153713 ], [ -51.289740615551167, -29.964642076484406 ], [ -51.289964320044504, -29.96458673641385 ], [ -51.290128848346264, -29.964285983602053 ], [ -51.289612718256883, -29.963528574437984 ], [ -51.288572848298791, -29.962768676737998 ], [ -51.288120143073719, -29.962310351346474 ], [ -51.286248025504598, -29.96117971491115 ], [ -51.284248349376483, -29.960256332657345 ], [ -51.283995695942458, -29.960013520361105 ], [ -51.283192038000159, -29.959757598255091 ], [ -51.282811369535366, -29.959548863300768 ], [ -51.282725417899229, -29.959546943151228 ], [ -51.282698252473587, -29.959620691658515 ], [ -51.282457293696282, -29.959421909162135 ], [ -51.281963901791478, -29.959320382202858 ], [ -51.281770722498706, -29.959196707352476 ], [ -51.281733913921364, -29.959240870115231 ], [ -51.281690028065789, -29.959157401987426 ], [ -51.28120413071801, -29.958988590706738 ], [ -51.280435010258515, -29.958878068524367 ], [ -51.27998063913553, -29.958727652594948 ], [ -51.279600194608214, -29.958654746759574 ], [ -51.279539436913346, -29.958786860830841 ], [ -51.279490530781764, -29.958691598564567 ], [ -51.2792974498606, -29.958649762411866 ], [ -51.277556779719724, -29.958504949653229 ], [ -51.277240481024243, -29.958564678172394 ], [ -51.276162169260395, -29.958457193441902 ], [ -51.276014045599631, -29.958523333122258 ], [ -51.275810430366768, -29.958432676657591 ], [ -51.275673356441999, -29.95848496716404 ], [ -51.274667262900834, -29.95838780875048 ], [ -51.274332517811288, -29.958514198228613 ], [ -51.274170622345316, -29.958447013535974 ], [ -51.273735315718461, -29.958468049076668 ], [ -51.271040749231922, -29.958176787153583 ], [ -51.269567434559406, -29.95814487644363 ], [ -51.269222202606358, -29.958045933924229 ], [ -51.26883646909387, -29.958142732571112 ], [ -51.268243900344231, -29.958007047570806 ], [ -51.268163067918167, -29.958058745776253 ], [ -51.267811704273917, -29.958004887532258 ], [ -51.26764332621314, -29.958091834480161 ], [ -51.267052474657824, -29.957997902693268 ], [ -51.266648258077666, -29.95810043190415 ], [ -51.266581137742087, -29.958013796902485 ], [ -51.265915344333131, -29.958067187408989 ], [ -51.264592727641002, -29.957998985982691 ], [ -51.26412753649074, -29.958058278316166 ], [ -51.263399167206302, -29.957932921068156 ], [ -51.263375798418721, -29.958013804558291 ], [ -51.263102903455909, -29.958027552066966 ], [ -51.260626469375076, -29.957991155446337 ], [ -51.260135754301551, -29.957952913331486 ], [ -51.260021909149174, -29.957860860748475 ], [ -51.259875095246962, -29.957874756848184 ], [ -51.259488260760044, -29.957736020301702 ], [ -51.258691187368811, -29.957673496589248 ], [ -51.258254967787948, -29.95747045562997 ], [ -51.25757870077134, -29.95735150428764 ], [ -51.257295586610468, -29.957226763937772 ], [ -51.256229805412673, -29.957154691252278 ], [ -51.255913957185669, -29.957040210781059 ] ] ], [ [ [ -51.216531126923691, -29.980522803434056 ], [ -51.216420574421456, -29.980746153050031 ], [ -51.216507376740275, -29.980948890866312 ], [ -51.216724929295843, -29.980759973471816 ], [ -51.216620207506125, -29.980511916498557 ], [ -51.216531126923691, -29.980522803434056 ] ] ], [ [ [ -51.2169154222331, -29.978717018263822 ], [ -51.21699447667627, -29.978761282398288 ], [ -51.216993529420414, -29.978704000337899 ], [ -51.2169154222331, -29.978717018263822 ] ] ], [ [ [ -51.217074970193472, -29.978332237958274 ], [ -51.217246340106158, -29.978467527250949 ], [ -51.217295431002803, -29.978349059513519 ], [ -51.217241379444211, -29.97820402986062 ], [ -51.217074970193472, -29.978332237958274 ] ] ], [ [ [ -51.210159230888962, -29.964668939318091 ], [ -51.209631989828878, -29.964693339621149 ], [ -51.208870198196898, -29.964834910108291 ], [ -51.208661673081373, -29.964760671520526 ], [ -51.208443628176077, -29.964847372625229 ], [ -51.208398237433656, -29.964801096009111 ], [ -51.207582555929228, -29.965217844347048 ], [ -51.207538297957356, -29.965287310412663 ], [ -51.207664596605774, -29.965473206014074 ], [ -51.207236171172525, -29.965432217751445 ], [ -51.207057945986357, -29.965663547268726 ], [ -51.206881320055089, -29.965719500046074 ], [ -51.207002238292809, -29.965801677829869 ], [ -51.20698210637218, -29.96586508874498 ], [ -51.206903911093612, -29.965821879799218 ], [ -51.206628848730048, -29.965908576320079 ], [ -51.206234937242854, -29.966311622274556 ], [ -51.206115575461986, -29.966297855294819 ], [ -51.205878469034921, -29.966436057059102 ], [ -51.205551423206039, -29.966848888938959 ], [ -51.205428148914905, -29.966853380661302 ], [ -51.205062292177317, -29.967177749948554 ], [ -51.205053105209764, -29.967614220353152 ], [ -51.204883601492291, -29.967852790748818 ], [ -51.204883324504642, -29.967989483708845 ], [ -51.204805135228696, -29.967993025172841 ], [ -51.204853719352997, -29.96807685632421 ], [ -51.204604983367823, -29.968449849668485 ], [ -51.204558992840148, -29.968750058077323 ], [ -51.204370097269546, -29.969109493180746 ], [ -51.204214738874391, -29.969135500059014 ], [ -51.204253416484619, -29.969194801373156 ], [ -51.204076347860934, -29.969355847314482 ], [ -51.204029430678517, -29.969649237920571 ], [ -51.203849800869222, -29.969581464749613 ], [ -51.203792553316362, -29.969669414830715 ], [ -51.203696747359139, -29.969670667186353 ], [ -51.203479493371553, -29.969958156777604 ], [ -51.203322009340326, -29.969988713403538 ], [ -51.203211264698069, -29.970139766902765 ], [ -51.202676626734416, -29.970482463410651 ], [ -51.202708100654483, -29.970607485637291 ], [ -51.20262508703825, -29.970599215650243 ], [ -51.202538334251969, -29.970765727140112 ], [ -51.202445830730412, -29.970791183324277 ], [ -51.202525579462865, -29.97083714481392 ], [ -51.202394295701993, -29.971536665261159 ], [ -51.202562968838485, -29.972031367904048 ], [ -51.202968171501311, -29.972685785572274 ], [ -51.202951512760457, -29.972774093088081 ], [ -51.203331947417176, -29.973003941116847 ], [ -51.20318153170475, -29.97306477575739 ], [ -51.203327523245292, -29.973356112764467 ], [ -51.203282286768854, -29.973433689675115 ], [ -51.20336296107795, -29.9734378727027 ], [ -51.203464239342644, -29.973640481626283 ], [ -51.203462290397667, -29.9739740615397 ], [ -51.203619658471034, -29.974065987370018 ], [ -51.203810611574482, -29.973984821918148 ], [ -51.20381889735841, -29.974056245913847 ], [ -51.203636821750351, -29.974140914059639 ], [ -51.203866518796772, -29.974142523540461 ], [ -51.203936024251185, -29.974205673373696 ], [ -51.203793699563413, -29.974194988099093 ], [ -51.203728618875502, -29.974332063534867 ], [ -51.203812926988633, -29.974554661992617 ], [ -51.203922630102568, -29.974615669368806 ], [ -51.204025977525582, -29.975199930948371 ], [ -51.204234151120041, -29.975381025278761 ], [ -51.204321100130578, -29.975669831981971 ], [ -51.204534581536677, -29.975850458414747 ], [ -51.204506130162436, -29.975958573871324 ], [ -51.204584515244107, -29.976022254424095 ], [ -51.204525027776398, -29.976058704345714 ], [ -51.204671080903495, -29.976196077355297 ], [ -51.204676514693503, -29.976481690676504 ], [ -51.204751243682622, -29.976502955320409 ], [ -51.204727521875625, -29.976579436565348 ], [ -51.20493957610946, -29.976831265861072 ], [ -51.205051818865407, -29.977133862818985 ], [ -51.204984441040722, -29.977505714263877 ], [ -51.205181695226777, -29.977753152160293 ], [ -51.205091319658273, -29.977943646939888 ], [ -51.205207670252193, -29.978190636991929 ], [ -51.205529568442721, -29.978535356994428 ], [ -51.20556032527827, -29.97883499716788 ], [ -51.20567588980871, -29.978886483891404 ], [ -51.205661680824534, -29.97907428906792 ], [ -51.205835351452691, -29.979156794880481 ], [ -51.206197110134092, -29.979082955580793 ], [ -51.206203455350632, -29.979146430351172 ], [ -51.206088719413849, -29.979149751060977 ], [ -51.206142711837025, -29.979261184726784 ], [ -51.206229578762525, -29.97930429021563 ], [ -51.206390756349954, -29.9792512898883 ], [ -51.206707200645333, -29.979385048427186 ], [ -51.206958485811526, -29.979636641353892 ], [ -51.207038623532434, -29.979832761907005 ], [ -51.207105901748562, -29.979804922734374 ], [ -51.207203868860162, -29.980106834692354 ], [ -51.207157472282098, -29.98071439555639 ], [ -51.206996243672236, -29.980947102382135 ], [ -51.207211095150782, -29.9809982340856 ], [ -51.207212753602526, -29.981109786588469 ], [ -51.207566493423272, -29.98142045009784 ], [ -51.207625130541395, -29.981659176215491 ], [ -51.207912557420187, -29.981796984668758 ], [ -51.20799075125457, -29.981993390896168 ], [ -51.208612717388327, -29.982396122187591 ], [ -51.208509512057361, -29.982491663277862 ], [ -51.208706522004185, -29.982751642497469 ], [ -51.208648433225001, -29.982898220886071 ], [ -51.208789013117844, -29.983168359538539 ], [ -51.208754230459583, -29.983336264638073 ], [ -51.208546457248843, -29.983512918139038 ], [ -51.208545828946818, -29.983685837106449 ], [ -51.208191562829526, -29.984101869657998 ], [ -51.208288937083694, -29.984216375783632 ], [ -51.20827283867515, -29.98444222217163 ], [ -51.208426217303526, -29.984810980529009 ], [ -51.208321435621826, -29.985076989959648 ], [ -51.208370771930653, -29.985250609256205 ], [ -51.20799700028315, -29.985790542615483 ], [ -51.208043884724752, -29.985933417689651 ], [ -51.207922839777247, -29.986119915793644 ], [ -51.208157996066568, -29.986559468595605 ], [ -51.208262915132501, -29.987130990902482 ], [ -51.208528613903027, -29.98706577956321 ], [ -51.20871507265776, -29.987113416531077 ], [ -51.208707819530929, -29.98695130832256 ], [ -51.209103634343229, -29.986736329820417 ], [ -51.209349714349528, -29.98642641724048 ], [ -51.209533316590971, -29.986345369836346 ], [ -51.209558512673055, -29.986232878037892 ], [ -51.209681344405048, -29.986224459844141 ], [ -51.209681605565166, -29.986097714793271 ], [ -51.209782865824096, -29.98610447536354 ], [ -51.20984411742014, -29.985978569521603 ], [ -51.2099997583449, -29.985955425131724 ], [ -51.21000967217612, -29.985726350809532 ], [ -51.210109848360638, -29.985691870490136 ], [ -51.210148326478183, -29.985516857841173 ], [ -51.210213859803346, -29.985526080097465 ], [ -51.210285246204684, -29.985394752459513 ], [ -51.210372114534906, -29.985470535655914 ], [ -51.210369195610539, -29.98533791666312 ], [ -51.210461112952878, -29.985321463374856 ], [ -51.210438741976724, -29.985247715172104 ], [ -51.210676695225004, -29.985064034486772 ], [ -51.210699026355464, -29.984962267635847 ], [ -51.210842413982348, -29.984891154454868 ], [ -51.210873517202018, -29.984782197293516 ], [ -51.211041563963157, -29.984755511801204 ], [ -51.211148712465018, -29.984546483212537 ], [ -51.21134476282284, -29.984500338259338 ], [ -51.21151002114383, -29.984206531120829 ], [ -51.21160908073508, -29.984191329408617 ], [ -51.211603116763065, -29.984039659276839 ], [ -51.211807920194076, -29.983765005719441 ], [ -51.211757002879366, -29.983623786580541 ], [ -51.211918899342926, -29.9835526668165 ], [ -51.212054577908816, -29.983305184482084 ], [ -51.212028256990287, -29.983206511446376 ], [ -51.212103677739357, -29.983183501822158 ], [ -51.212069285400489, -29.983118428019147 ], [ -51.212342298296875, -29.98281603140661 ], [ -51.212464150391803, -29.982546648894999 ], [ -51.212503767170737, -29.982159899941909 ], [ -51.212622883244414, -29.982038310660041 ], [ -51.212618344621802, -29.981890462246835 ], [ -51.21275583555434, -29.981779020712661 ], [ -51.212699589350585, -29.981511229977151 ], [ -51.212770601590925, -29.981205298396432 ], [ -51.212892110782327, -29.981099679450878 ], [ -51.212864684953693, -29.981002432758476 ], [ -51.213056301317323, -29.980975453114791 ], [ -51.213045718326292, -29.980702572017659 ], [ -51.213145494699319, -29.980676360519887 ], [ -51.213215135499823, -29.980513716598765 ], [ -51.213436362066695, -29.97969745104184 ], [ -51.213347816761058, -29.979334640067712 ], [ -51.213530549024576, -29.979006600422643 ], [ -51.213658390071465, -29.978961498975604 ], [ -51.213615637500254, -29.978591544958814 ], [ -51.21377801827493, -29.978438910653395 ], [ -51.21391486970677, -29.977888709663119 ], [ -51.21406881798903, -29.977711207739169 ], [ -51.214122079981323, -29.977293766113782 ], [ -51.214231672751225, -29.977241083617074 ], [ -51.214179809436473, -29.977041456444599 ], [ -51.214343310258663, -29.976576179903901 ], [ -51.214305752614166, -29.976205254080469 ], [ -51.214369621560806, -29.976151388316676 ], [ -51.214316818569756, -29.975634551089556 ], [ -51.214210479487257, -29.975538191642187 ], [ -51.214250268242196, -29.975342660664218 ], [ -51.214434187980004, -29.975113941216783 ], [ -51.214468734403525, -29.97527303430542 ], [ -51.214602162242208, -29.975336797866891 ], [ -51.214674960206622, -29.974889746736697 ], [ -51.214804230343695, -29.974990477012312 ], [ -51.214893482262205, -29.974963188901537 ], [ -51.214771440963915, -29.974688877437952 ], [ -51.21492130306207, -29.974500589234136 ], [ -51.214908549457945, -29.974396319497707 ], [ -51.214668701334119, -29.974167609324763 ], [ -51.214690179492116, -29.974079816646221 ], [ -51.214486623584783, -29.973947050788684 ], [ -51.214501120629372, -29.973695910013095 ], [ -51.214585637512336, -29.97368654472352 ], [ -51.214573475055417, -29.973522528461903 ], [ -51.214682666285697, -29.973454271384455 ], [ -51.21458666831905, -29.973351881915601 ], [ -51.214613134662756, -29.973244465739853 ], [ -51.214729907454839, -29.973282417338893 ], [ -51.21487383403948, -29.973184383620975 ], [ -51.214898226785863, -29.973076517912141 ], [ -51.215048884930248, -29.973061340394459 ], [ -51.214939162241187, -29.972875656054928 ], [ -51.215063783171068, -29.972856226983524 ], [ -51.214969752496245, -29.972720389023603 ], [ -51.215089051925126, -29.972655397868895 ], [ -51.214985510176774, -29.972541915178066 ], [ -51.215010251805566, -29.972296420993988 ], [ -51.214743899675909, -29.972078538795834 ], [ -51.21481358303329, -29.971962752732001 ], [ -51.214667026027641, -29.97196375031865 ], [ -51.214547622852685, -29.971870253998681 ], [ -51.21453486826239, -29.97180713552077 ], [ -51.214688498297249, -29.97174909906655 ], [ -51.214484113791713, -29.971265008665679 ], [ -51.214563500480274, -29.970897186638801 ], [ -51.21450144515763, -29.970717633404956 ], [ -51.214604395805786, -29.970225509724795 ], [ -51.214562639347186, -29.970120281282039 ], [ -51.214609864566164, -29.969985498348127 ], [ -51.214759994317326, -29.969968622462972 ], [ -51.21464706847047, -29.969875791314362 ], [ -51.21463499232172, -29.969739209656399 ], [ -51.214697848270887, -29.969718328129261 ], [ -51.214652588722331, -29.969652559003521 ], [ -51.214833600088504, -29.969199830905122 ], [ -51.214906578300578, -29.969186635850104 ], [ -51.214872400410336, -29.969062345359895 ], [ -51.215174388664025, -29.968753218637083 ], [ -51.215537998255869, -29.968692118189495 ], [ -51.215646971952651, -29.968514347712588 ], [ -51.215900136251399, -29.968533297649941 ], [ -51.215998061729792, -29.968424704921805 ], [ -51.216064551605903, -29.96848974686257 ], [ -51.216444574113162, -29.968419879199118 ], [ -51.217005537367079, -29.96862305774145 ], [ -51.217239436450861, -29.968608376568742 ], [ -51.217468030447719, -29.968842435007748 ], [ -51.21760237272543, -29.968663247140693 ], [ -51.217479422654343, -29.968553322921274 ], [ -51.217493644967291, -29.968067053654668 ], [ -51.217352150358771, -29.967771234120441 ], [ -51.217399739326936, -29.967719160023911 ], [ -51.217194717014991, -29.967529012249823 ], [ -51.217045481410928, -29.967181684951804 ], [ -51.216738215784666, -29.966836380262102 ], [ -51.21666191922202, -29.966869297311959 ], [ -51.216496188355791, -29.96661864630159 ], [ -51.216350263590215, -29.96659077189376 ], [ -51.216187446454889, -29.966403825126136 ], [ -51.216025975786245, -29.966368726542949 ], [ -51.215995125551551, -29.966282859649372 ], [ -51.215377698175182, -29.965942148213998 ], [ -51.214757814650362, -29.965696495486029 ], [ -51.214628781491747, -29.965764038060954 ], [ -51.214654344401822, -29.965668647404406 ], [ -51.214450608190447, -29.965533134645685 ], [ -51.214336954144215, -29.965557624144711 ], [ -51.214227972899465, -29.965460973838727 ], [ -51.213114474614848, -29.965160250341864 ], [ -51.212768470138997, -29.965171487825934 ], [ -51.212482934548646, -29.965002297649942 ], [ -51.212217836723887, -29.965020173480724 ], [ -51.212061595949962, -29.964912562919672 ], [ -51.211708818194218, -29.964902158871517 ], [ -51.211424822331765, -29.964789589128024 ], [ -51.211339514091264, -29.964846555093363 ], [ -51.211196070688892, -29.964762894641783 ], [ -51.21094538840925, -29.964772690796174 ], [ -51.210873458301457, -29.964854116401749 ], [ -51.210633007456082, -29.964704557440228 ], [ -51.210474954183255, -29.964693535512009 ], [ -51.210446546139771, -29.964759173047863 ], [ -51.210159230888962, -29.964668939318091 ] ] ], [ [ [ -51.219383448180523, -29.973712687695272 ], [ -51.219288185367951, -29.974026116668842 ], [ -51.218966808417903, -29.974366773688907 ], [ -51.218926327916691, -29.974659226668933 ], [ -51.219039924004932, -29.974891753778174 ], [ -51.219238643827275, -29.974873521804728 ], [ -51.219437087130913, -29.974729981330114 ], [ -51.219750329040529, -29.973807548608661 ], [ -51.219805197992436, -29.97382535842879 ], [ -51.220020312858715, -29.973472942940294 ], [ -51.219903617134506, -29.973389599285873 ], [ -51.219629629105633, -29.973461660984473 ], [ -51.219383448180523, -29.973712687695272 ] ] ], [ [ [ -51.251844946070605, -29.935042779290441 ], [ -51.250943932289758, -29.935166527663313 ], [ -51.248963291827557, -29.93511121938236 ], [ -51.246722744073637, -29.935261661038357 ], [ -51.24633795961762, -29.935373156050666 ], [ -51.245844434692216, -29.935391304953072 ], [ -51.245051358892006, -29.935629582592252 ], [ -51.244902410678861, -29.935586784578252 ], [ -51.244400206342775, -29.935763625224709 ], [ -51.243273402031853, -29.935966869057381 ], [ -51.243042043017546, -29.936084581753075 ], [ -51.242476351732989, -29.936197924390729 ], [ -51.242391116996323, -29.936278536663817 ], [ -51.242091563699425, -29.936310124206763 ], [ -51.241814821483914, -29.936500090439051 ], [ -51.241354395629081, -29.936589729766428 ], [ -51.241013972145538, -29.936806141663045 ], [ -51.240923757251856, -29.936789355944398 ], [ -51.240864537449134, -29.936880459022518 ], [ -51.240611961308232, -29.936910044890869 ], [ -51.240374516520355, -29.937121476024419 ], [ -51.240054878562979, -29.937231993140216 ], [ -51.239838368789307, -29.937420078285211 ], [ -51.239672703585789, -29.937435939181825 ], [ -51.239450669967866, -29.937654319341245 ], [ -51.23805502444992, -29.938578135181981 ], [ -51.237861367141967, -29.938802989059944 ], [ -51.236852126069167, -29.939449928931062 ], [ -51.236669488871634, -29.939767790328986 ], [ -51.23627660527594, -29.939989479391532 ], [ -51.236300390067356, -29.940103356877309 ], [ -51.235944426882398, -29.940376163511164 ], [ -51.235318669394211, -29.941138256101276 ], [ -51.23512637249457, -29.94126228831427 ], [ -51.235011054978358, -29.941476899077383 ], [ -51.234886846279217, -29.941497831997061 ], [ -51.234894698987198, -29.941579929749793 ], [ -51.234694370689546, -29.941796449910029 ], [ -51.23448874611784, -29.941911261911972 ], [ -51.234410702102743, -29.942166370943077 ], [ -51.234131866130703, -29.942410023635428 ], [ -51.233822565471044, -29.942963331668867 ], [ -51.23345639843685, -29.943306411258735 ], [ -51.233205900332521, -29.943781357513153 ], [ -51.233005121318165, -29.943921282335737 ], [ -51.232852815772908, -29.944385815328651 ], [ -51.232635284767262, -29.944482255072263 ], [ -51.23266025897226, -29.944533019541588 ], [ -51.232533486753084, -29.944617777143488 ], [ -51.23239501916126, -29.944996843762009 ], [ -51.23223844298289, -29.945090186669287 ], [ -51.232153649242029, -29.945407189895285 ], [ -51.231822946779999, -29.945688698457104 ], [ -51.231867539075118, -29.945982901275279 ], [ -51.231659233612845, -29.946115747595481 ], [ -51.23158665772354, -29.946444133393086 ], [ -51.231297771197085, -29.946815161805397 ], [ -51.231215965473076, -29.947200593040911 ], [ -51.230829191596015, -29.947920605714238 ], [ -51.230832354204956, -29.948148045066361 ], [ -51.230692984267904, -29.948243819634527 ], [ -51.230615094052155, -29.948735747339487 ], [ -51.230279331626562, -29.949468247984417 ], [ -51.230199449393822, -29.949813497918786 ], [ -51.230270452984492, -29.949899419621534 ], [ -51.229813879335772, -29.951780350660318 ], [ -51.229707446729272, -29.952793741866163 ], [ -51.229773912138185, -29.954179228564723 ], [ -51.229687119807572, -29.954868744929531 ], [ -51.230243544384841, -29.959188831295148 ], [ -51.23028222533982, -29.959313348216082 ], [ -51.230433330621935, -29.9594041534931 ], [ -51.230325210567408, -29.959770673543929 ], [ -51.230502603360314, -29.96114128262121 ], [ -51.230711366321408, -29.961426073912399 ], [ -51.230668657442088, -29.961494227038603 ], [ -51.230592385520218, -29.961464036249012 ], [ -51.230568110224389, -29.961610207307483 ], [ -51.230675635851739, -29.961717566389808 ], [ -51.230582369635826, -29.96189820320247 ], [ -51.230763468347938, -29.962288809312074 ], [ -51.230730160238409, -29.962434641674879 ], [ -51.230831072999138, -29.96249226735943 ], [ -51.230746481350131, -29.962701297291542 ], [ -51.230798620973331, -29.962858837265134 ], [ -51.230659498692795, -29.963008804339118 ], [ -51.23090351935889, -29.963028310735233 ], [ -51.230848878648708, -29.96344644689788 ], [ -51.230938651821468, -29.963564052279313 ], [ -51.23076531783866, -29.963876880660841 ], [ -51.230769178426783, -29.964082840904354 ], [ -51.230899254739761, -29.964287594897346 ], [ -51.230795300292996, -29.964355936552913 ], [ -51.230887712483138, -29.96441727389092 ], [ -51.230887835702767, -29.964618934009923 ], [ -51.230673785647404, -29.964876002253842 ], [ -51.230809755788258, -29.965018839885534 ], [ -51.230785185495733, -29.965096748183395 ], [ -51.230638974877778, -29.965260784223645 ], [ -51.230548192738262, -29.965265397718202 ], [ -51.230689316665163, -29.965422173901153 ], [ -51.230523343990036, -29.965681544654132 ], [ -51.230531415064995, -29.96579697389032 ], [ -51.230634495256858, -29.965760739019458 ], [ -51.230571878615123, -29.965908329359468 ], [ -51.230623102503323, -29.966008327412727 ], [ -51.230406806890386, -29.966117692857377 ], [ -51.230555214017294, -29.966207010500309 ], [ -51.230546565802882, -29.966359096273951 ], [ -51.230506537924491, -29.966462169628336 ], [ -51.230353081553837, -29.966483745772528 ], [ -51.230439638791069, -29.966561354990507 ], [ -51.230355628674651, -29.966871162254698 ], [ -51.230235367239786, -29.966947027559577 ], [ -51.230261308126082, -29.967217406372608 ], [ -51.229937660215896, -29.967853216244553 ], [ -51.22994636543536, -29.968031880153301 ], [ -51.22978350600733, -29.968474440393013 ], [ -51.229502499608145, -29.968639441770762 ], [ -51.229408498146867, -29.968870852965139 ], [ -51.229418721245892, -29.969140987708421 ], [ -51.229194338974821, -29.969343303706175 ], [ -51.229155844094947, -29.969529035645252 ], [ -51.2289477807632, -29.969606913507715 ], [ -51.228731293138949, -29.969865537019796 ], [ -51.228622330208864, -29.97005927011546 ], [ -51.228691231609986, -29.970199197822044 ], [ -51.228452660603004, -29.970391766469213 ], [ -51.228237054973356, -29.970896145380831 ], [ -51.228127884524376, -29.970908335188856 ], [ -51.228181384572117, -29.970971907684778 ], [ -51.228089396357511, -29.971025552798825 ], [ -51.228071359075308, -29.971185445148819 ], [ -51.227907028590856, -29.971267614532174 ], [ -51.227913595455085, -29.971475953327182 ], [ -51.227672610461909, -29.971660595214747 ], [ -51.227714226202217, -29.971824997751934 ], [ -51.227524079349124, -29.971839893507408 ], [ -51.227588941121844, -29.971973230736204 ], [ -51.22753566521952, -29.972123589986644 ], [ -51.227435968212752, -29.972147832120555 ], [ -51.227384370891507, -29.972438949236281 ], [ -51.227072276732329, -29.972657688712577 ], [ -51.227144375019932, -29.9729118181261 ], [ -51.22697107391123, -29.973193051210778 ], [ -51.226776741241522, -29.973241161385271 ], [ -51.226803547083939, -29.973332788016211 ], [ -51.226721557612905, -29.973350743925419 ], [ -51.226527397664356, -29.973687084001 ], [ -51.226437964867465, -29.973689348696208 ], [ -51.226230296628536, -29.97403370328804 ], [ -51.226074414061578, -29.974066985245781 ], [ -51.22615319365589, -29.974169076507518 ], [ -51.225922887199509, -29.974288399780804 ], [ -51.226086448376101, -29.974393456995635 ], [ -51.225951251347766, -29.974933759127708 ], [ -51.225744952883232, -29.975023806396631 ], [ -51.225449163036117, -29.975482785052868 ], [ -51.225354043984048, -29.975497343608144 ], [ -51.225120747977968, -29.975758048390734 ], [ -51.225061994946437, -29.976010243675784 ], [ -51.224970482898783, -29.97602141650848 ], [ -51.225054857876287, -29.976098064907504 ], [ -51.22501287358326, -29.976169443477332 ], [ -51.224890462710704, -29.976133207520636 ], [ -51.2248165830487, -29.976203282814954 ], [ -51.224803070870387, -29.976405529709851 ], [ -51.224704005733585, -29.976476996567655 ], [ -51.224743443006162, -29.976608862040624 ], [ -51.224575592979519, -29.976662740548267 ], [ -51.224593440446014, -29.976910245733013 ], [ -51.224364688025624, -29.977195856608535 ], [ -51.224310744539096, -29.977436629897461 ], [ -51.224141531730218, -29.977506372772215 ], [ -51.22420153985184, -29.977609534508364 ], [ -51.223986201965943, -29.977849266111139 ], [ -51.224094093258998, -29.978006804676074 ], [ -51.223988610676756, -29.9780042471188 ], [ -51.223780739648362, -29.978171113551952 ], [ -51.223820737467776, -29.978329545283049 ], [ -51.223932720069449, -29.978244638340833 ], [ -51.223985998868365, -29.978341565434995 ], [ -51.22386202065988, -29.978458566219587 ], [ -51.223811371660396, -29.978363436109976 ], [ -51.223731039305108, -29.978386358839924 ], [ -51.223668541624008, -29.978551608674849 ], [ -51.223715683985773, -29.978645302328673 ], [ -51.223594827766867, -29.978696425014739 ], [ -51.223662255067623, -29.978791192031231 ], [ -51.223548951116307, -29.978812069636408 ], [ -51.223545214057346, -29.978954351319107 ], [ -51.223457875514605, -29.978953245602924 ], [ -51.223423235162478, -29.979036025505433 ], [ -51.223447518931629, -29.979132035835267 ], [ -51.223336485550242, -29.979177303200618 ], [ -51.223318858777667, -29.979257458869252 ], [ -51.223446510649012, -29.979324584428525 ], [ -51.223283398783856, -29.979343114225006 ], [ -51.223349413588181, -29.979617438559718 ], [ -51.223279384912558, -29.979752345157486 ], [ -51.22312251569074, -29.979803888393743 ], [ -51.223302844174221, -29.979861911012634 ], [ -51.223118715989123, -29.979955052266391 ], [ -51.223173113502476, -29.980184760244388 ], [ -51.22311539088232, -29.980393652688797 ], [ -51.222911344520718, -29.980593085299432 ], [ -51.222983313925845, -29.980734575728196 ], [ -51.22284350550354, -29.980807988313941 ], [ -51.222888679960967, -29.980849515093727 ], [ -51.222787668650156, -29.980975494298903 ], [ -51.222781496630382, -29.98121353744801 ], [ -51.222701506022133, -29.981255149658264 ], [ -51.22261448570103, -29.981632259762151 ], [ -51.222555681631754, -29.982579274780473 ], [ -51.222653439020498, -29.982708795051309 ], [ -51.22256802240792, -29.982717393043906 ], [ -51.222638269741239, -29.982779503215291 ], [ -51.222527102668224, -29.982858349114323 ], [ -51.222536901969185, -29.98321602471696 ], [ -51.222416079116783, -29.983316490408683 ], [ -51.222489966878499, -29.983491920348897 ], [ -51.222413597235153, -29.983536406675476 ], [ -51.222422024771525, -29.983662767210788 ], [ -51.222484333327941, -29.983696228329091 ], [ -51.222402174080507, -29.983743539893691 ], [ -51.222480202915165, -29.983794813559616 ], [ -51.222428747446486, -29.983815982632592 ], [ -51.222497790717426, -29.983970310614641 ], [ -51.222389390899671, -29.98414301647049 ], [ -51.222482183427374, -29.984263963508084 ], [ -51.222360068986617, -29.984373671563397 ], [ -51.22242929445882, -29.984511516930112 ], [ -51.222321588942435, -29.98485433296533 ], [ -51.222455125491173, -29.984988157300808 ], [ -51.222375730584503, -29.985142267784049 ], [ -51.222445521745527, -29.985330021930828 ], [ -51.222375302355083, -29.986092737027796 ], [ -51.222445450239888, -29.986115721415295 ], [ -51.222465488136287, -29.987208361648712 ], [ -51.22267586020503, -29.987967647980824 ], [ -51.222627915579615, -29.988054272280074 ], [ -51.222743377390223, -29.988418254120546 ], [ -51.222705590134119, -29.988552117011633 ], [ -51.222836795127357, -29.988825070699082 ], [ -51.222814543195987, -29.988982195103855 ], [ -51.222912647654731, -29.989087352261929 ], [ -51.223103423051967, -29.990038428074019 ], [ -51.223149244381752, -29.990121679445757 ], [ -51.223285357775552, -29.990138166475081 ], [ -51.223113923247247, -29.990337935380598 ], [ -51.22323290379709, -29.990348075430791 ], [ -51.223410321285677, -29.99084742743262 ], [ -51.223692778094318, -29.992256676707207 ], [ -51.223837418535545, -29.99255039443501 ], [ -51.223767849680009, -29.992714734965933 ], [ -51.22385890545047, -29.992849437243599 ], [ -51.223775836960328, -29.993212905479346 ], [ -51.223863528984971, -29.993921593007677 ], [ -51.223783191702502, -29.993999170516837 ], [ -51.223932697669667, -29.994450836926394 ], [ -51.223842742924283, -29.995276811807852 ], [ -51.22367003881029, -29.995626501051923 ], [ -51.223509804334469, -29.99643370944537 ], [ -51.223330851415568, -29.996885057609745 ], [ -51.223384781049177, -29.997057339689366 ], [ -51.223236957038452, -29.997188430323359 ], [ -51.223132262373959, -29.997634272110716 ], [ -51.223180765401921, -29.997761572944235 ], [ -51.223116779065421, -29.997878637046011 ], [ -51.223199918882216, -29.998059795061522 ], [ -51.223098286445037, -29.998320606070035 ], [ -51.223163208079043, -29.998417631613336 ], [ -51.223132935631988, -29.99909627331947 ], [ -51.223057644947765, -29.999093607095009 ], [ -51.223106354818611, -29.999143052626156 ], [ -51.223041327056393, -29.999137336135746 ], [ -51.223021883393642, -29.999225123683228 ], [ -51.223103459018667, -29.999289438801394 ], [ -51.223091309675304, -29.999427747001622 ], [ -51.222954982337995, -29.999534028061234 ], [ -51.223025597823387, -29.999661720863788 ], [ -51.222989165193987, -30.000227950299038 ], [ -51.222859090322636, -30.000867135980027 ], [ -51.222904623094692, -30.001031505599911 ], [ -51.223001632792872, -30.001042616672024 ], [ -51.222948858737993, -30.001380089126275 ], [ -51.223064351097584, -30.00149575753337 ], [ -51.222980521663864, -30.001626673514089 ], [ -51.223109915982135, -30.001617213165932 ], [ -51.223086449662667, -30.001749553252779 ], [ -51.223244849520299, -30.002169635791581 ], [ -51.223190649653887, -30.002274656455622 ], [ -51.223303617947629, -30.00227340220875 ], [ -51.223169843291572, -30.002388223826657 ], [ -51.223344321181635, -30.002698301130298 ], [ -51.223210440930259, -30.002729129260789 ], [ -51.223259466054778, -30.002775505220274 ], [ -51.223346360027662, -30.002711329419309 ], [ -51.22332686618757, -30.002874549815477 ], [ -51.223625536359854, -30.00343757069091 ], [ -51.223756707954074, -30.004021032174339 ], [ -51.223841736521287, -30.004109457661105 ], [ -51.223822124341666, -30.004302828300297 ], [ -51.224038289084788, -30.004523849593951 ], [ -51.223993144460991, -30.00472441554928 ], [ -51.224118041637503, -30.004898643944674 ], [ -51.224117620417076, -30.005168245499974 ], [ -51.224272689212384, -30.005306126353219 ], [ -51.224219916619482, -30.005435404245237 ], [ -51.224462846493893, -30.005831375841282 ], [ -51.224457081659068, -30.00601282420579 ], [ -51.224578320481179, -30.006057301156961 ], [ -51.225048727512288, -30.007060365721429 ], [ -51.225121129705386, -30.007430462001967 ], [ -51.225199474674646, -30.007416432944197 ], [ -51.225679187463491, -30.008099727949396 ], [ -51.225987940182193, -30.008583787380076 ], [ -51.225992771329643, -30.008739719681746 ], [ -51.226140099221816, -30.008796200617837 ], [ -51.226768209580634, -30.009429303405106 ], [ -51.226819708795752, -30.009604682094857 ], [ -51.22725276887347, -30.009944776368148 ], [ -51.227481722245408, -30.01023021747125 ], [ -51.227610146857742, -30.010170418995347 ], [ -51.227902393413018, -30.010312702150451 ], [ -51.227985921084482, -30.010275228618628 ], [ -51.228132004025753, -30.010427580992751 ], [ -51.228157185319638, -30.010260869033434 ], [ -51.22829648473973, -30.01024994393546 ], [ -51.228354902570672, -30.010351015776376 ], [ -51.228482121446923, -30.010271818892129 ], [ -51.228385861035967, -30.010272529014291 ], [ -51.228369888645602, -30.010121134797426 ], [ -51.228189907706195, -30.010113836827031 ], [ -51.228201400134047, -30.010040239852927 ], [ -51.228058644955631, -30.00994863638725 ], [ -51.228009097970819, -30.009784463406366 ], [ -51.228119615864109, -30.009715620327075 ], [ -51.228020343212108, -30.009703355990236 ], [ -51.228022581834637, -30.009567733150096 ], [ -51.227900218976707, -30.009533305339467 ], [ -51.227918466791323, -30.00939452990432 ], [ -51.227744119185914, -30.009069402797486 ], [ -51.227547794181042, -30.008897149892196 ], [ -51.227566621644016, -30.008612536420333 ], [ -51.227408793347536, -30.008626467878692 ], [ -51.227389737017354, -30.008525056061835 ], [ -51.227095768208102, -30.008330725320345 ], [ -51.227034267911243, -30.008173074881991 ], [ -51.227082553330646, -30.008071557670885 ], [ -51.226912026008229, -30.008032397500351 ], [ -51.226703375719957, -30.007604571647747 ], [ -51.226599255915758, -30.007532711022296 ], [ -51.226522226396021, -30.006492816001501 ], [ -51.226044399080102, -30.005741916359863 ], [ -51.226014951646462, -30.005484887278406 ], [ -51.225783537119824, -30.005257494137865 ], [ -51.225801203217529, -30.004924925276189 ], [ -51.225907403001997, -30.004971615304235 ], [ -51.225764917431036, -30.004785275611233 ], [ -51.225878715544141, -30.004733650748783 ], [ -51.225732350959312, -30.004673262619356 ], [ -51.22573104684723, -30.004517935785955 ], [ -51.225603993106141, -30.004362285961967 ], [ -51.225616851666366, -30.004162175325582 ], [ -51.225451787730599, -30.004117141099982 ], [ -51.22542352226111, -30.003924957290739 ], [ -51.225526642584342, -30.003833726245404 ], [ -51.225328633979686, -30.003760065106686 ], [ -51.225373321925687, -30.003645438972931 ], [ -51.225228242121908, -30.00348994140279 ], [ -51.225098971102661, -30.002881382576305 ], [ -51.225009475293781, -30.002885247718428 ], [ -51.224956273402135, -30.002665162013098 ], [ -51.224813912469003, -30.00264357797267 ], [ -51.224670839174493, -30.002344399639199 ], [ -51.224623424925859, -30.002191568146419 ], [ -51.224686230602352, -30.002061587316646 ], [ -51.224580599801676, -30.001971371639748 ], [ -51.224510963063366, -30.001291576063558 ], [ -51.224596757620056, -30.00107103292758 ], [ -51.224388147632176, -30.001051395389855 ], [ -51.224444945939439, -30.000563172610214 ], [ -51.22433846753259, -30.000548723821311 ], [ -51.224392151213372, -30.000397643165719 ], [ -51.224284246470923, -30.000322176841461 ], [ -51.224417464231571, -30.000251379356083 ], [ -51.224351328563316, -29.999999521703256 ], [ -51.224453539560436, -29.999966121295603 ], [ -51.224285047369463, -29.999778203987237 ], [ -51.224441687673647, -29.99975359384139 ], [ -51.224288645729295, -29.999611787253233 ], [ -51.224401645294414, -29.999534108714386 ], [ -51.224436271622849, -29.999356214871057 ], [ -51.224672373724623, -29.999457599854491 ], [ -51.224690881059914, -29.999394163184895 ], [ -51.224426350491392, -29.999282708729794 ], [ -51.224452955339935, -29.999194825777899 ], [ -51.22472856361118, -29.999223812829943 ], [ -51.224733932780985, -29.999153225970929 ], [ -51.224456619660614, -29.999173912432379 ], [ -51.224587978511259, -29.999119218640068 ], [ -51.224592679069296, -29.998996981314242 ], [ -51.224704345124799, -29.999054205008655 ], [ -51.224703931657302, -29.998974182116175 ], [ -51.224593729654607, -29.998969677427301 ], [ -51.224554987191929, -29.998763663888269 ], [ -51.224793814314793, -29.998605928955314 ], [ -51.224704106324324, -29.998365770419817 ], [ -51.22484577804002, -29.998256277759307 ], [ -51.224874267806236, -29.99811200293929 ], [ -51.224731901151415, -29.997934100849239 ], [ -51.224812936643566, -29.997898997953847 ], [ -51.224836117666875, -29.997742184870532 ], [ -51.224960509657322, -29.997745303845793 ], [ -51.22491404645934, -29.997652651711181 ], [ -51.22497732772274, -29.997568609367921 ], [ -51.224897617009184, -29.997457509226084 ], [ -51.225088943424495, -29.997467724225483 ], [ -51.224963061671353, -29.997376472602614 ], [ -51.224984208642205, -29.997169897626396 ], [ -51.225140631590996, -29.996840567055479 ], [ -51.225417555317961, -29.996593628256427 ], [ -51.225373213892858, -29.996488211505664 ], [ -51.225496089132754, -29.996428514733548 ], [ -51.225425656683825, -29.996293677336208 ], [ -51.225509838308227, -29.99627196843916 ], [ -51.225486258109697, -29.996176838908895 ], [ -51.225606998973639, -29.996199158451773 ], [ -51.225612333394139, -29.996103466098592 ], [ -51.225749086736997, -29.996138373963436 ], [ -51.225973143670615, -29.996014542411412 ], [ -51.226184975555206, -29.996039065854344 ], [ -51.226259806319888, -29.995679098860297 ], [ -51.226167396918704, -29.995622342231247 ], [ -51.226248738879846, -29.995494024656811 ], [ -51.226329279541964, -29.995670401370226 ], [ -51.226484160794094, -29.995707141956228 ], [ -51.226562812548472, -29.995638390982585 ], [ -51.226848376566579, -29.995742236361522 ], [ -51.22688119756247, -29.995673918680033 ], [ -51.227220428453535, -29.995583428433267 ], [ -51.227256733518345, -29.995434174398664 ], [ -51.22747462955143, -29.995320178419547 ], [ -51.227423719108891, -29.995262059157632 ], [ -51.227540990675784, -29.995188556271327 ], [ -51.227663639444295, -29.995189383476813 ], [ -51.227774515121567, -29.995379054346426 ], [ -51.227928656255557, -29.995196158019038 ], [ -51.22816087192308, -29.995321143441579 ], [ -51.228167605928398, -29.995084926373323 ], [ -51.228371473478724, -29.995121013324372 ], [ -51.228419545516061, -29.994976691093495 ], [ -51.228526468372721, -29.994947727609983 ], [ -51.228550821412007, -29.99507597682803 ], [ -51.22925756413666, -29.995191767861485 ], [ -51.22931827693273, -29.995125621978971 ], [ -51.229496620166522, -29.995197249337544 ], [ -51.229616196124752, -29.995308841920597 ], [ -51.229701061921624, -29.995617436355399 ], [ -51.230016040844241, -29.995738125306943 ], [ -51.230027238252298, -29.995879888139527 ], [ -51.230234530610055, -29.99604323198275 ], [ -51.230243121327561, -29.996206759838994 ], [ -51.230610927419498, -29.996444175287088 ], [ -51.230593606975745, -29.996619280954395 ], [ -51.230752439254523, -29.997038815394035 ], [ -51.230635153436261, -29.997124888318062 ], [ -51.230765480412686, -29.997255326623172 ], [ -51.231104152038334, -29.998083938629943 ], [ -51.231247037287659, -29.998248982443041 ], [ -51.231167865086, -29.998405687448219 ], [ -51.231321125960534, -29.998621516580343 ], [ -51.231271605955321, -29.998711975163665 ], [ -51.231389470079584, -29.998977386313573 ], [ -51.231251573920382, -29.999107417484822 ], [ -51.231304852853043, -29.99934172672052 ], [ -51.23125733325395, -29.999674679146754 ], [ -51.231173175319142, -29.999742625247691 ], [ -51.23127803443785, -30.000162249080041 ], [ -51.231175009953567, -30.000383036992005 ], [ -51.231209475900229, -30.0005908223064 ], [ -51.231333315341899, -30.000659304246259 ], [ -51.231355062319984, -30.000810186594684 ], [ -51.231618391374248, -30.000687508760191 ], [ -51.231824684806725, -30.000792879990819 ], [ -51.231898936480114, -30.000672100455304 ], [ -51.231991753944151, -30.00075294467668 ], [ -51.232093540423492, -30.000448373907727 ], [ -51.23240311287514, -30.000203889798605 ], [ -51.23274535023522, -30.000096914889674 ], [ -51.232803249332534, -30.000173991756313 ], [ -51.232803133314555, -30.000075886690183 ], [ -51.232896887026953, -30.000063159116362 ], [ -51.233091162423612, -30.000274181127931 ], [ -51.233129700074869, -30.000012308795444 ], [ -51.233248544116492, -29.999976892003726 ], [ -51.233272633158499, -29.99977154289332 ], [ -51.233548535383996, -29.999583068546464 ], [ -51.233537347071042, -29.999385549944559 ], [ -51.233698274670544, -29.99932268654306 ], [ -51.233983928318338, -29.998990550629195 ], [ -51.233979498389424, -29.998759341902129 ], [ -51.234071637048991, -29.998702016491098 ], [ -51.233995259404232, -29.998467492331141 ], [ -51.234123330134743, -29.998284461989549 ], [ -51.234075125683667, -29.998163254800762 ], [ -51.2341334370741, -29.998042486977091 ], [ -51.233988291886057, -29.997781450526553 ], [ -51.233792265605288, -29.997757783931068 ], [ -51.233574794222989, -29.997543302960324 ], [ -51.23360698737109, -29.997209056139774 ], [ -51.23351875261406, -29.997014817067193 ], [ -51.233669132998244, -29.996658068706104 ], [ -51.233894682238784, -29.996591408874831 ], [ -51.23402656393921, -29.996401891117216 ], [ -51.234428508088726, -29.996261493787795 ], [ -51.234835547570093, -29.996418514358488 ], [ -51.234786134098364, -29.996153919645632 ], [ -51.234913826689208, -29.995965772442151 ], [ -51.235028083255088, -29.995946102993166 ], [ -51.234951117484208, -29.995635277898366 ], [ -51.235032469311783, -29.995065947296546 ], [ -51.234937887528339, -29.994815157778479 ], [ -51.235004231274736, -29.994679606881888 ], [ -51.234931357904649, -29.994583008190428 ], [ -51.234965893590854, -29.994439994140951 ], [ -51.234901420288644, -29.994313536211823 ], [ -51.234774361851045, -29.994306994360564 ], [ -51.234595746050815, -29.994150343439845 ], [ -51.234589690759336, -29.993848942228503 ], [ -51.234653453245791, -29.993780557556892 ], [ -51.234547725411353, -29.993702473281619 ], [ -51.234687951717468, -29.993526949571052 ], [ -51.23488130595814, -29.993474248617307 ], [ -51.234956858084487, -29.993543402446971 ], [ -51.235044937728681, -29.993454637209098 ], [ -51.235005530934103, -29.993279261397149 ], [ -51.23478200504649, -29.993228538051866 ], [ -51.234760284756121, -29.993140670574011 ], [ -51.235044622166534, -29.993016289407972 ], [ -51.234960005472033, -29.99292028991329 ], [ -51.235005884354855, -29.992851626652406 ], [ -51.234811422382109, -29.992713614622691 ], [ -51.23474938916371, -29.992533526787181 ], [ -51.234815655061304, -29.992199419855723 ], [ -51.23462062017618, -29.992089475642832 ], [ -51.234751337091581, -29.991921130561209 ], [ -51.234583998583808, -29.991882054747247 ], [ -51.234599476681275, -29.991759723800673 ], [ -51.234740471373939, -29.991826970492593 ], [ -51.234658904148155, -29.99168747952201 ], [ -51.2347492323414, -29.991634407530924 ], [ -51.234726466046816, -29.991524643364585 ], [ -51.234581448378464, -29.991508363560509 ], [ -51.23449816810497, -29.991313108490488 ], [ -51.23461461444402, -29.991235734355215 ], [ -51.234502751858415, -29.991204231048844 ], [ -51.23448557312981, -29.991085361888679 ], [ -51.234599781417053, -29.990905133173076 ], [ -51.234278666448162, -29.990827058730609 ], [ -51.234320981043204, -29.990663122909531 ], [ -51.234193911673195, -29.990482589356887 ], [ -51.234299433839439, -29.990430533473859 ], [ -51.234083901204095, -29.990371691090893 ], [ -51.234021791119787, -29.990254844847431 ], [ -51.234028450690623, -29.989847109886554 ], [ -51.234231783838375, -29.989289716455247 ], [ -51.234033269355663, -29.988948764421732 ], [ -51.23409677403572, -29.988800362154258 ], [ -51.233904345557278, -29.988582065156656 ], [ -51.234051184237757, -29.988197363383225 ], [ -51.233808109673063, -29.987319786039059 ], [ -51.233796405807951, -29.986903539694556 ], [ -51.233912260925322, -29.98655731624833 ], [ -51.233883179936782, -29.985814948187016 ], [ -51.233976049864815, -29.985137979677798 ], [ -51.233916289261579, -29.984993703373558 ], [ -51.23398181417901, -29.984471705097167 ], [ -51.234093432055957, -29.984339437962092 ], [ -51.234025723996076, -29.984193517750406 ], [ -51.234222276084665, -29.983619355927747 ], [ -51.234135481230794, -29.983519167535707 ], [ -51.234216022715614, -29.983442447496717 ], [ -51.234226178603492, -29.983114216359034 ], [ -51.234160891761576, -29.9825813365272 ], [ -51.234374793123436, -29.981841875474235 ], [ -51.234291854963793, -29.981482772122728 ], [ -51.23438367842752, -29.981314384506113 ], [ -51.234323927976988, -29.980982562785247 ], [ -51.234426804863269, -29.980274814856735 ], [ -51.234309140942401, -29.979752626897731 ], [ -51.234403443426807, -29.979456245259829 ], [ -51.234296256175909, -29.979089282500535 ], [ -51.234375029782356, -29.979115583004749 ], [ -51.234443835482409, -29.979012298676462 ], [ -51.234331680230646, -29.978821115163541 ], [ -51.234345972413003, -29.978249023346361 ], [ -51.234259603512214, -29.978219331788281 ], [ -51.234339821413208, -29.978182740486631 ], [ -51.234384186220701, -29.977915857124174 ], [ -51.234236926616397, -29.977468653924518 ], [ -51.234325986903904, -29.977083837493868 ], [ -51.234234044592959, -29.976889068994744 ], [ -51.234323435854407, -29.976477275426237 ], [ -51.234226080903902, -29.975713984363665 ], [ -51.234309408240009, -29.975586809972949 ], [ -51.234268952668494, -29.975135245274281 ], [ -51.234336301365289, -29.975066109989928 ], [ -51.234150940051407, -29.974688450728273 ], [ -51.234278166015756, -29.974546105189884 ], [ -51.234121618161986, -29.974298382426291 ], [ -51.234230207078177, -29.974262302761836 ], [ -51.234147808166028, -29.974061671502159 ], [ -51.234185281434748, -29.973633130553694 ], [ -51.234096842219913, -29.973622881982745 ], [ -51.234192109881207, -29.973534729491124 ], [ -51.234091968979975, -29.973406219588714 ], [ -51.234273911789998, -29.973180338431199 ], [ -51.234209621524556, -29.973116327561577 ], [ -51.234277826760831, -29.973082048085736 ], [ -51.234268148986537, -29.972917661260958 ], [ -51.234104763219072, -29.972642111620797 ], [ -51.234123825658131, -29.972460344263371 ], [ -51.234278083032642, -29.972315569083641 ], [ -51.234267989879143, -29.971842932917358 ], [ -51.234191389886782, -29.971712925186896 ], [ -51.234309200957696, -29.971662435075004 ], [ -51.234330291616793, -29.971517773034591 ], [ -51.234179254017555, -29.971361353253432 ], [ -51.234286029190876, -29.971242507750194 ], [ -51.234108819291727, -29.9708392833716 ], [ -51.234257695365187, -29.970790192283602 ], [ -51.234153358178666, -29.970721941408737 ], [ -51.234267465386232, -29.970660559585884 ], [ -51.234247477889703, -29.970437131129433 ], [ -51.234360957522163, -29.970299225685956 ], [ -51.234272839792169, -29.969951753593659 ], [ -51.234359585155957, -29.969819091809253 ], [ -51.234251386828113, -29.969684359123569 ], [ -51.234341391822589, -29.969591102712425 ], [ -51.234377384797767, -29.969338957166439 ], [ -51.234496636180104, -29.969263279348773 ], [ -51.234348591801627, -29.968950064 ], [ -51.234482988248757, -29.968852270304023 ], [ -51.234421258058234, -29.968699678132616 ], [ -51.234510620182661, -29.968559443811891 ], [ -51.234474404577341, -29.968491011434793 ], [ -51.234632549091458, -29.968447274555803 ], [ -51.234500231897613, -29.968305543164966 ], [ -51.234718650408759, -29.967940384351774 ], [ -51.234650108665349, -29.967724496461841 ], [ -51.234774751544101, -29.967627570514793 ], [ -51.234709928132403, -29.967309734514934 ], [ -51.234828335631732, -29.967235852174237 ], [ -51.234879182448338, -29.96674696027463 ], [ -51.235050650182323, -29.966551867355857 ], [ -51.235102086738095, -29.966384093127736 ], [ -51.235048973438545, -29.966214480224405 ], [ -51.235222865846026, -29.965961963732948 ], [ -51.235302481360414, -29.965497205665123 ], [ -51.235465133173619, -29.965172356436323 ], [ -51.235419239859489, -29.96507513644562 ], [ -51.235573070857981, -29.964910689082934 ], [ -51.235660338172103, -29.964261019673199 ], [ -51.23595436242919, -29.963636677403034 ], [ -51.23597935285688, -29.963346406277864 ], [ -51.23611839761984, -29.963137473026997 ], [ -51.236215107767357, -29.962809512303945 ], [ -51.236160507733707, -29.962773518733702 ], [ -51.236291692495719, -29.96249296134253 ], [ -51.236357396393345, -29.961936891848374 ], [ -51.236270119126075, -29.961776728822496 ], [ -51.236321321431589, -29.961391822025028 ], [ -51.236249352344558, -29.961130244713445 ], [ -51.236425414105447, -29.960159080477485 ], [ -51.23669242162503, -29.959801520388428 ], [ -51.236921020432121, -29.959266450995631 ], [ -51.23716531347533, -29.959041837180514 ], [ -51.23710887006547, -29.958947349306857 ], [ -51.237341664056771, -29.958893058194374 ], [ -51.237385197442151, -29.958736538291358 ], [ -51.237508487898261, -29.958702755949965 ], [ -51.237927795443163, -29.958070408610798 ], [ -51.238274641116206, -29.957807110103978 ], [ -51.238247821853335, -29.957699440772558 ], [ -51.238389098305895, -29.957661701824275 ], [ -51.238381779142905, -29.957547515601917 ], [ -51.238688391012268, -29.957287778126307 ], [ -51.239071740736293, -29.956763448187559 ], [ -51.239420128201068, -29.95647530975095 ], [ -51.239464061253528, -29.956314436630979 ], [ -51.239781028461003, -29.956052640812509 ], [ -51.239782555484055, -29.95593609216834 ], [ -51.240189539809151, -29.955486247957488 ], [ -51.240197789541845, -29.955335591020049 ], [ -51.240371689604757, -29.955127460994937 ], [ -51.240346992870577, -29.955050514839574 ], [ -51.240564812357093, -29.954670757103472 ], [ -51.240772108340217, -29.954504335816932 ], [ -51.240805205794793, -29.954274801007696 ], [ -51.24098554255567, -29.954235648263566 ], [ -51.241026501948099, -29.954009436809098 ], [ -51.241659204657317, -29.95350237647315 ], [ -51.241845151603208, -29.95323176229406 ], [ -51.242132774875301, -29.953115000338109 ], [ -51.242211776720758, -29.952981956752545 ], [ -51.24268618933452, -29.952629399300093 ], [ -51.242773943332757, -29.952645054302923 ], [ -51.242831244112537, -29.952530204320801 ], [ -51.242929809245851, -29.952526802133359 ], [ -51.243352366150297, -29.952137207132793 ], [ -51.243505569471452, -29.952100221902569 ], [ -51.244205182611381, -29.95157343547497 ], [ -51.244285459687283, -29.951439057658817 ], [ -51.244386883565653, -29.951443589432749 ], [ -51.244401458167253, -29.951339525094287 ], [ -51.244818757003351, -29.950956936367042 ], [ -51.244948817024628, -29.950917075038916 ], [ -51.24496648844223, -29.950805449728204 ], [ -51.245298022467829, -29.950590790059831 ], [ -51.245539183397291, -29.950293243662315 ], [ -51.245947872823962, -29.950018140824639 ], [ -51.246089688905954, -29.949818111640091 ], [ -51.246681421057012, -29.949408148662339 ], [ -51.246883732005699, -29.949165000102873 ], [ -51.247571605520861, -29.948760765386155 ], [ -51.247988435018208, -29.948428278605707 ], [ -51.2480241143912, -29.94828863559809 ], [ -51.248312887046005, -29.948180336891507 ], [ -51.248719232401335, -29.947786937399314 ], [ -51.249048547864533, -29.947601259873039 ], [ -51.249173103687475, -29.94741690790649 ], [ -51.249704835885524, -29.946988486574767 ], [ -51.249744947956643, -29.946870410390073 ], [ -51.250193536495011, -29.946583901787562 ], [ -51.250301179784742, -29.946352896775341 ], [ -51.25085134525721, -29.94573226429349 ], [ -51.251198387876059, -29.945546981550862 ], [ -51.251267544010624, -29.945346942656176 ], [ -51.251706830848519, -29.945099927358214 ], [ -51.251774725255402, -29.944953850174382 ], [ -51.252243669375602, -29.944655084748625 ], [ -51.252388168154845, -29.944481041411766 ], [ -51.252575094629364, -29.94444934861211 ], [ -51.252624053483466, -29.944297633010617 ], [ -51.252942436362396, -29.944226888002877 ], [ -51.25331258769738, -29.943860529355049 ], [ -51.253625575478893, -29.943764210191922 ], [ -51.253829601005805, -29.943566162888761 ], [ -51.254085044405791, -29.94352914164412 ], [ -51.2541562770908, -29.943324468481631 ], [ -51.254361938738107, -29.943306119794862 ], [ -51.254444195826792, -29.943213281164866 ], [ -51.254535294837083, -29.943264966548522 ], [ -51.254636415188642, -29.943103405775197 ], [ -51.255099529800226, -29.942920633568853 ], [ -51.25586991705984, -29.942420431554805 ], [ -51.256172356878494, -29.942323115563127 ], [ -51.256294266439106, -29.942188151448747 ], [ -51.256704783312721, -29.94208361826756 ], [ -51.257565883477056, -29.941674976723405 ], [ -51.259076819843109, -29.941318529023405 ], [ -51.259283487142532, -29.941188260589076 ], [ -51.259806943828828, -29.941082442783998 ], [ -51.259950830267059, -29.940980711634204 ], [ -51.260841074282858, -29.940804571822721 ], [ -51.261670782409787, -29.940696691434674 ], [ -51.262981380872951, -29.940837775356538 ], [ -51.263454509507028, -29.941018555660683 ], [ -51.264312092644396, -29.941047251526246 ], [ -51.264730774849092, -29.941170316700841 ], [ -51.265278414422177, -29.941160031295361 ], [ -51.26669060175859, -29.94138864164503 ], [ -51.267605532399322, -29.941457628875327 ], [ -51.267963608507245, -29.941445302095662 ], [ -51.268201589397407, -29.941340940371589 ], [ -51.268474608329697, -29.940918471497366 ], [ -51.268522582571862, -29.940437544033539 ], [ -51.268341665142188, -29.939907764459285 ], [ -51.268446975683375, -29.939552630118655 ], [ -51.268428193738075, -29.939317291274229 ], [ -51.26814618963823, -29.938937324541069 ], [ -51.267862115695387, -29.938860317222268 ], [ -51.267632928279468, -29.938644407635881 ], [ -51.267240490384417, -29.938513951631094 ], [ -51.267078854286439, -29.938339148474864 ], [ -51.266646197812364, -29.93819809030683 ], [ -51.266592405962712, -29.938094011932254 ], [ -51.266193214742081, -29.938024845749521 ], [ -51.26584185675835, -29.937785698679814 ], [ -51.265415856594515, -29.937668232095799 ], [ -51.265019547118392, -29.937434859299334 ], [ -51.264267829346103, -29.937375156819467 ], [ -51.264154301766311, -29.937293490070555 ], [ -51.263439613071164, -29.937197599958424 ], [ -51.263231913764734, -29.937102593461528 ], [ -51.263029361878289, -29.937133711870981 ], [ -51.262739251145064, -29.936952615715359 ], [ -51.262134797786679, -29.936876738450636 ], [ -51.261439127394915, -29.936658429524076 ], [ -51.261196414859626, -29.936503015486544 ], [ -51.260880515114295, -29.936519354877667 ], [ -51.260732238531148, -29.936389632741893 ], [ -51.259894439405841, -29.936092564726575 ], [ -51.259162923123725, -29.935986745100028 ], [ -51.258712005040344, -29.935838171262834 ], [ -51.258360580453548, -29.935837981838791 ], [ -51.257721349436494, -29.93565846585685 ], [ -51.257503074282781, -29.935705395224073 ], [ -51.256637350896646, -29.935499851940968 ], [ -51.256331339592521, -29.935532300801594 ], [ -51.255245615163219, -29.935261397788974 ], [ -51.254974854372911, -29.935298193771498 ], [ -51.252919598558883, -29.935167985068095 ], [ -51.252792460863205, -29.935068387111432 ], [ -51.25275867839968, -29.935168932406281 ], [ -51.252644872650023, -29.935079055129989 ], [ -51.252127992723722, -29.935109676306588 ], [ -51.251844946070605, -29.935042779290441 ] ] ], [ [ [ -51.224662562153704, -29.961396576235988 ], [ -51.224549291691112, -29.961637804942345 ], [ -51.224162557772139, -29.962013069468728 ], [ -51.224120246523519, -29.962208378006682 ], [ -51.224008676849287, -29.962269790995926 ], [ -51.223783995058035, -29.962651404734672 ], [ -51.22387669235551, -29.962982173198242 ], [ -51.223704301043945, -29.963238705678489 ], [ -51.22374128351786, -29.96341220991054 ], [ -51.223553446743011, -29.963521480638107 ], [ -51.223633256660079, -29.96362498906824 ], [ -51.223559578417955, -29.963799400111409 ], [ -51.223402496962905, -29.96388470089007 ], [ -51.223177903054719, -29.964185415207531 ], [ -51.223208464924028, -29.964257072745916 ], [ -51.223009272557377, -29.964447831126414 ], [ -51.222262089393936, -29.964965003699113 ], [ -51.222251310378674, -29.96507492996615 ], [ -51.222143876976553, -29.96513565329651 ], [ -51.222198752245937, -29.965198311247313 ], [ -51.221780122960837, -29.965748799686487 ], [ -51.221798387998454, -29.96601253206752 ], [ -51.221560765698641, -29.966212089817574 ], [ -51.221472347914265, -29.966460744285733 ], [ -51.221311680640063, -29.966567916532302 ], [ -51.221091179637249, -29.966914619611259 ], [ -51.220327137667809, -29.968720297695423 ], [ -51.220085640184095, -29.969444454301755 ], [ -51.220101308923425, -29.969641797064362 ], [ -51.219728039743877, -29.969977703910672 ], [ -51.219455790141694, -29.971056786123697 ], [ -51.21948278797209, -29.971158477865892 ], [ -51.219722537996063, -29.971303246758836 ], [ -51.21998064295358, -29.971112374362527 ], [ -51.220148542141189, -29.970862993750842 ], [ -51.220151458497817, -29.970574291736028 ], [ -51.220407718955144, -29.970368580136956 ], [ -51.220668178122452, -29.969933306766478 ], [ -51.221103700728442, -29.96946799131883 ], [ -51.221305555799525, -29.969050851691708 ], [ -51.221654184993334, -29.96882410140088 ], [ -51.221864789873251, -29.968575084201522 ], [ -51.222033527760253, -29.968233018287609 ], [ -51.222569226830515, -29.967580769728041 ], [ -51.222640505329792, -29.967306203490363 ], [ -51.222853128921621, -29.967225209268719 ], [ -51.222912444927623, -29.967051847793051 ], [ -51.223127893913585, -29.966960536376479 ], [ -51.223095864751507, -29.966803791117353 ], [ -51.223627865340468, -29.966249326376424 ], [ -51.223685439322757, -29.965920742144515 ], [ -51.223851763000759, -29.965859329341111 ], [ -51.22387831385489, -29.96561420011081 ], [ -51.224173737489416, -29.965265299053502 ], [ -51.224171424001412, -29.965146675162121 ], [ -51.22426700802437, -29.965114640182076 ], [ -51.224264687802865, -29.964866170781637 ], [ -51.224383486362385, -29.964857655596489 ], [ -51.224503594392651, -29.964540272328119 ], [ -51.224673732692054, -29.964383789858349 ], [ -51.224794229519411, -29.963877982753775 ], [ -51.224940877472257, -29.96369129599822 ], [ -51.224928678337292, -29.963549238724536 ], [ -51.22507362444302, -29.963479824906578 ], [ -51.225220387172214, -29.962908927016418 ], [ -51.225495582528744, -29.962358724501399 ], [ -51.225450687606816, -29.962240415221384 ], [ -51.225592137390976, -29.96210835101839 ], [ -51.22560413119129, -29.961899055353161 ], [ -51.225706776018235, -29.961777948592829 ], [ -51.22556666894932, -29.961179318006717 ], [ -51.225705978464333, -29.960951290346241 ], [ -51.225526771219158, -29.960784766160469 ], [ -51.225338220934312, -29.960795126504507 ], [ -51.224662562153704, -29.961396576235988 ] ] ], [ [ [ -51.250172351023643, -29.955381323647881 ], [ -51.249815340560168, -29.955444288704413 ], [ -51.249195278683011, -29.955420781149861 ], [ -51.249028105562445, -29.955501780685694 ], [ -51.248911609405354, -29.955429464223055 ], [ -51.248140960107158, -29.955501753813078 ], [ -51.248054662977445, -29.95544208408344 ], [ -51.247704182700801, -29.955551462551444 ], [ -51.246797083535625, -29.955557017507981 ], [ -51.244759591444051, -29.955916061080565 ], [ -51.244392644288091, -29.956035118388549 ], [ -51.2437133293556, -29.95611914664341 ], [ -51.241973739513092, -29.95687942386639 ], [ -51.241495082125191, -29.957206878964545 ], [ -51.241429142760062, -29.957332629846494 ], [ -51.241283472695777, -29.957364529033509 ], [ -51.240055072206438, -29.958614660061045 ], [ -51.240003172138252, -29.958818133564858 ], [ -51.239505612236933, -29.959456904716781 ], [ -51.23905599385423, -29.960385131461894 ], [ -51.238649418584053, -29.961003191408928 ], [ -51.238623577484752, -29.961209274711546 ], [ -51.238386095364554, -29.961604526614895 ], [ -51.23843544747794, -29.961760050583656 ], [ -51.238513039238349, -29.961778293256934 ], [ -51.239203726468723, -29.961401119132979 ], [ -51.239310696679283, -29.961235671703143 ], [ -51.239330467664828, -29.96130818495584 ], [ -51.239450234258648, -29.961224794983565 ], [ -51.239749612911538, -29.961184384690746 ], [ -51.239907758323007, -29.961058367612541 ], [ -51.240633263673139, -29.960859180265786 ], [ -51.242316322621363, -29.960721234431563 ], [ -51.242497794761647, -29.960638243297648 ], [ -51.243251338522363, -29.960572195807753 ], [ -51.243473931467015, -29.960480125292403 ], [ -51.244277090795521, -29.960398818553543 ], [ -51.244741466342816, -29.960286882292273 ], [ -51.244736182670977, -29.960235693085874 ], [ -51.245203675203179, -29.960232190656303 ], [ -51.246718528599516, -29.959875868986362 ], [ -51.247300961981814, -29.959834463784329 ], [ -51.247486562677395, -29.959732517425483 ], [ -51.247696367526771, -29.959756967172552 ], [ -51.247750532400346, -29.959672050243224 ], [ -51.248144824229442, -29.959567836711656 ], [ -51.248258912109897, -29.959619415305745 ], [ -51.249203396260718, -29.959394361140014 ], [ -51.249713188868853, -29.959413404669174 ], [ -51.249762917415204, -29.959302234119271 ], [ -51.251016903008967, -29.95916749685361 ], [ -51.251269842702413, -29.959047183506662 ], [ -51.252046017214852, -29.958893652009841 ], [ -51.253122384406673, -29.958434994078605 ], [ -51.253729575428927, -29.957792905259705 ], [ -51.253875338937554, -29.95757081287837 ], [ -51.253853103370268, -29.957434060369238 ], [ -51.254007161406001, -29.957290727357229 ], [ -51.254036985969407, -29.957067414861605 ], [ -51.254480059053208, -29.956675567298124 ], [ -51.254474137418512, -29.956546607335923 ], [ -51.253479451269598, -29.956065778688181 ], [ -51.253450358959356, -29.955989225987455 ], [ -51.253198028518831, -29.955955867673005 ], [ -51.252853414277496, -29.955707309029648 ], [ -51.252751589219571, -29.955751210528419 ], [ -51.252667440715975, -29.955668148998875 ], [ -51.251614133769635, -29.955473152594696 ], [ -51.251469755199615, -29.955521049495733 ], [ -51.251145617010195, -29.955431935162913 ], [ -51.250888893017809, -29.955466591489287 ], [ -51.250172351023643, -29.955381323647881 ] ] ] ] } },
{ "type": "Feature", "properties": { "bairro_oficial": "AUXILIADORA" }, "geometry": { "type": "Polygon", "coordinates": [ [ [ -51.184565283242286, -30.021947709302022 ], [ -51.183624439815411, -30.023792468709601 ], [ -51.18513100481757, -30.024347185576477 ], [ -51.185598866929183, -30.024386948663413 ], [ -51.185648640190188, -30.023834713622179 ], [ -51.186512525652368, -30.023865581472243 ], [ -51.196575127609769, -30.024825164658413 ], [ -51.197680534182851, -30.017922260219752 ], [ -51.189705042622336, -30.017628888317557 ], [ -51.18650940234815, -30.017374479278836 ], [ -51.186324976508772, -30.019316741050229 ], [ -51.186207393527368, -30.019729415943445 ], [ -51.184565283242286, -30.021947709302022 ] ] ] } },
{ "type": "Feature", "properties": { "bairro_oficial": "AZENHA" }, "geometry": { "type": "Polygon", "coordinates": [ [ [ -51.208477406991022, -30.051424732341967 ], [ -51.208652932120188, -30.051380212564496 ], [ -51.209036486684035, -30.052807180594712 ], [ -51.210789327321692, -30.052692527652976 ], [ -51.21086167316426, -30.05362140187145 ], [ -51.211796976670932, -30.053535435832714 ], [ -51.210005943286099, -30.057028184033705 ], [ -51.208334057117014, -30.05888464043284 ], [ -51.209155892678645, -30.059575665493981 ], [ -51.20981608819978, -30.059532499507927 ], [ -51.209894056539362, -30.059596745757016 ], [ -51.210144417246752, -30.059888349908586 ], [ -51.210768704747828, -30.060990250862741 ], [ -51.211683791176917, -30.06177357121658 ], [ -51.211554860268578, -30.060652130554431 ], [ -51.213447704519794, -30.058025938454048 ], [ -51.21628177999505, -30.059341669254636 ], [ -51.216419736126021, -30.059297463426283 ], [ -51.2167675531539, -30.059588571539461 ], [ -51.21769889508974, -30.058670729944762 ], [ -51.218003662693569, -30.057987412555725 ], [ -51.218129751798841, -30.057285712161296 ], [ -51.218422636976769, -30.054130645908995 ], [ -51.218136100132583, -30.048980787538902 ], [ -51.218490193793585, -30.046779915816884 ], [ -51.218781420349558, -30.04601574791263 ], [ -51.219144357759042, -30.045431481927867 ], [ -51.219709423135711, -30.044818010389957 ], [ -51.22034862321253, -30.044274674612147 ], [ -51.220918511450137, -30.043926078279014 ], [ -51.220837533445525, -30.043779697754516 ], [ -51.216380601802648, -30.041185612938921 ], [ -51.208477406991022, -30.051424732341967 ] ] ] } },
{ "type": "Feature", "properties": { "bairro_oficial": "BELA VISTA" }, "geometry": { "type": "Polygon", "coordinates": [ [ [ -51.180909661969466, -30.029486686511994 ], [ -51.182090745293578, -30.029822743327387 ], [ -51.182620519589086, -30.030106842082674 ], [ -51.183098356080421, -30.030527234102475 ], [ -51.183406888402374, -30.030988122000661 ], [ -51.185562754949601, -30.035313317822411 ], [ -51.187751936026871, -30.037490235207738 ], [ -51.188852874601693, -30.038051058184877 ], [ -51.189907076185385, -30.038382353891837 ], [ -51.194570316033321, -30.038522151797924 ], [ -51.195287660527839, -30.038680817706066 ], [ -51.195881911399042, -30.038962231809677 ], [ -51.195706607617083, -30.035029616384431 ], [ -51.195736610198928, -30.03459972694812 ], [ -51.195957689541764, -30.034010966116554 ], [ -51.195873929887952, -30.029283772742538 ], [ -51.195298445538178, -30.029204343279872 ], [ -51.195328055155869, -30.02884837656223 ], [ -51.195262689924498, -30.028764222136324 ], [ -51.194565624685474, -30.028687852026714 ], [ -51.194513248979312, -30.029479151511794 ], [ -51.192961574738973, -30.029499018157658 ], [ -51.192989609333942, -30.030685166335452 ], [ -51.190341732558657, -30.030685241093639 ], [ -51.189570112687029, -30.03055095291889 ], [ -51.189510597481949, -30.031073964063516 ], [ -51.189572556705699, -30.031294807590406 ], [ -51.186791068318975, -30.030575444944674 ], [ -51.186911763527796, -30.029312487762002 ], [ -51.185183706723713, -30.029201172132087 ], [ -51.185246461625049, -30.028515950069693 ], [ -51.18183670385811, -30.02733649016216 ], [ -51.180909661969466, -30.029486686511994 ] ] ] } },
{ "type": "Feature", "properties": { "bairro_oficial": "BELÉM NOVO" }, "geometry": { "type": "Polygon", "coordinates": [ [ [ -51.167666550665551, -30.182792020921671 ], [ -51.161786539449949, -30.187345702675504 ], [ -51.161201370542202, -30.187353050721789 ], [ -51.160760675018253, -30.188042660300802 ], [ -51.159316519840331, -30.189236306022494 ], [ -51.161182233632978, -30.191966190234787 ], [ -51.161490957246087, -30.192251333884752 ], [ -51.162263568604992, -30.192559555211762 ], [ -51.162463070018383, -30.194429566620158 ], [ -51.162836673144582, -30.195723247648534 ], [ -51.162828654906754, -30.196169280902296 ], [ -51.162704921889215, -30.196620526508077 ], [ -51.161596975099499, -30.199147645097138 ], [ -51.161250125346072, -30.199615240698986 ], [ -51.160301019970298, -30.200248271183614 ], [ -51.160044946885606, -30.200661662301719 ], [ -51.159901899508441, -30.201208383463911 ], [ -51.159970531734785, -30.20155295381705 ], [ -51.160590050459362, -30.20299702762069 ], [ -51.160732519113637, -30.20365964988849 ], [ -51.159935107665561, -30.205508072242758 ], [ -51.159989776371376, -30.206837626420146 ], [ -51.160348493157009, -30.207937884902773 ], [ -51.160258437510961, -30.208188925008869 ], [ -51.159870238658279, -30.208697044816368 ], [ -51.159790423930986, -30.209165440383245 ], [ -51.15991094065874, -30.209511752140692 ], [ -51.160318374688792, -30.210084135609925 ], [ -51.161555750328361, -30.211216093249138 ], [ -51.161708961313614, -30.212772306223648 ], [ -51.160503137971332, -30.212624093456633 ], [ -51.159585632976004, -30.212623793683935 ], [ -51.155603505304192, -30.213148025364106 ], [ -51.154239072943383, -30.213219021661253 ], [ -51.153168776114498, -30.21317507903003 ], [ -51.153207066094915, -30.213286526087224 ], [ -51.156818381382884, -30.219283030041876 ], [ -51.159550412868576, -30.221542504594765 ], [ -51.160861547624492, -30.223676950514808 ], [ -51.162439749972663, -30.225137460295894 ], [ -51.165890304125725, -30.229378489767445 ], [ -51.167097944117714, -30.235957349514983 ], [ -51.167169608047011, -30.237181285265056 ], [ -51.167268966945166, -30.23711479497495 ], [ -51.167425006150204, -30.237170447364424 ], [ -51.167504249699824, -30.237331269078304 ], [ -51.167575981414167, -30.237282139930741 ], [ -51.167578273544976, -30.237381544219282 ], [ -51.167636286366132, -30.237410046691775 ], [ -51.167721011868053, -30.237303549932605 ], [ -51.167787499737095, -30.237345945096276 ], [ -51.167752303294556, -30.237412915640128 ], [ -51.167994583354584, -30.23751060883993 ], [ -51.168080570652457, -30.237421721346522 ], [ -51.168274918703823, -30.237444101236029 ], [ -51.168372737676194, -30.237337502447687 ], [ -51.168542710918466, -30.23740128309306 ], [ -51.16867026210069, -30.236923044382195 ], [ -51.16898550656019, -30.236872436210536 ], [ -51.168783258787442, -30.237507460127365 ], [ -51.169165199442475, -30.237485973720741 ], [ -51.169228005100258, -30.237622348752677 ], [ -51.168838846930974, -30.237702953681929 ], [ -51.168774417959931, -30.237645637068127 ], [ -51.168541439684518, -30.237675533860333 ], [ -51.168474541451914, -30.237768699983892 ], [ -51.169120057640129, -30.237764256538256 ], [ -51.169371183477118, -30.237835520449948 ], [ -51.169685248994973, -30.238150692457754 ], [ -51.169735132053837, -30.23830961766981 ], [ -51.169618924485739, -30.23847106275565 ], [ -51.169712642487447, -30.238660813577848 ], [ -51.16987096137079, -30.238756713140944 ], [ -51.170015609342443, -30.23874268237245 ], [ -51.17009521122192, -30.238992575981563 ], [ -51.170237646216357, -30.239017501919786 ], [ -51.170228956185362, -30.23907929867493 ], [ -51.17029690082294, -30.238963806795311 ], [ -51.17041317956393, -30.239079402897456 ], [ -51.170498706966292, -30.239000823292027 ], [ -51.170653067832994, -30.239096721639608 ], [ -51.170840996677605, -30.239038330231384 ], [ -51.170884055098071, -30.238905857457542 ], [ -51.170933789668076, -30.239029866870641 ], [ -51.171021763856942, -30.238817209101146 ], [ -51.171496242355374, -30.238501382306975 ], [ -51.171831593399091, -30.238460966837117 ], [ -51.172086738275311, -30.238539345706073 ], [ -51.172180134868405, -30.238502003612265 ], [ -51.172237405332616, -30.238567176856666 ], [ -51.172322200193719, -30.238455675082985 ], [ -51.172471704411208, -30.238439933012128 ], [ -51.172517283198999, -30.2385105140965 ], [ -51.172761585544755, -30.238343515877506 ], [ -51.172915524668724, -30.238416230732778 ], [ -51.173324175981904, -30.238263736258421 ], [ -51.173687147428353, -30.238304543364048 ], [ -51.173813250171428, -30.238198118641453 ], [ -51.174059380552592, -30.238286686387127 ], [ -51.174040140804095, -30.238362664415121 ], [ -51.174178314007186, -30.238372719308046 ], [ -51.174217747114838, -30.238163694299015 ], [ -51.174307653763329, -30.238105674477314 ], [ -51.174462806233571, -30.238121428312173 ], [ -51.174542184484913, -30.23823279948278 ], [ -51.17461333118149, -30.238164066201524 ], [ -51.174861481649188, -30.238215554679449 ], [ -51.175278330347048, -30.237975284413906 ], [ -51.175425203251052, -30.237970303285572 ], [ -51.175433531223455, -30.237884357357824 ], [ -51.175554603662945, -30.237822014629192 ], [ -51.175996312367666, -30.237740545220433 ], [ -51.176095643721652, -30.237525835513519 ], [ -51.176821308733409, -30.237146762019393 ], [ -51.177204482722352, -30.2369812071009 ], [ -51.177512193043867, -30.236984969898632 ], [ -51.177516366018651, -30.236903295347823 ], [ -51.177779183315977, -30.236728656427928 ], [ -51.177995069406151, -30.236366393357628 ], [ -51.178615258129291, -30.235899971288191 ], [ -51.178872929179583, -30.235632263392898 ], [ -51.178847068263011, -30.235571997113283 ], [ -51.17899445803036, -30.235494847487029 ], [ -51.179286619791597, -30.23547901095348 ], [ -51.179214319450466, -30.235541182196584 ], [ -51.179346881670739, -30.235581756355728 ], [ -51.179359729591816, -30.235668775899455 ], [ -51.179375724351267, -30.235616198503756 ], [ -51.17950014598005, -30.235640150381048 ], [ -51.17945437909075, -30.235574400742806 ], [ -51.17959618267048, -30.235501443696034 ], [ -51.179792937371019, -30.235605893389888 ], [ -51.179936565524059, -30.235437952714271 ], [ -51.179943116684271, -30.235569133567083 ], [ -51.180100161596854, -30.235552179908474 ], [ -51.180124345720706, -30.235471263460695 ], [ -51.180258040115497, -30.235468298535864 ], [ -51.180190753479785, -30.235434468735093 ], [ -51.180223362208665, -30.235346955571664 ], [ -51.180295234826822, -30.23538499802811 ], [ -51.180386752289593, -30.2352981903637 ], [ -51.180302018178246, -30.235421138249411 ], [ -51.180343911562098, -30.23553127476783 ], [ -51.180352628305123, -30.235429694196643 ], [ -51.180505343290648, -30.235347009462608 ], [ -51.18043527056691, -30.235295079078732 ], [ -51.18048618987612, -30.2352579483093 ], [ -51.181048065278496, -30.235166116454742 ], [ -51.181814457869457, -30.23520514874776 ], [ -51.182611289495888, -30.235134766271571 ], [ -51.183270076180783, -30.235187613538301 ], [ -51.183367090991439, -30.23529522195949 ], [ -51.183672787000333, -30.235200604197072 ], [ -51.184331763340026, -30.235189197728282 ], [ -51.184471775671021, -30.235220176237505 ], [ -51.184463088285789, -30.235346331222381 ], [ -51.184632987284928, -30.235258297989123 ], [ -51.184557887133131, -30.235360270031212 ], [ -51.184632660238996, -30.235412393644907 ], [ -51.184725038195069, -30.23526888033863 ], [ -51.184830448260961, -30.235290673649704 ], [ -51.184913909270122, -30.235353719740317 ], [ -51.184798519401902, -30.235349569723958 ], [ -51.184766335403047, -30.235414268263501 ], [ -51.185044895807273, -30.235499846064805 ], [ -51.185345276434376, -30.235548377776343 ], [ -51.185331776994659, -30.235428086003182 ], [ -51.185606362616539, -30.235403326139132 ], [ -51.185433303772186, -30.235550482252673 ], [ -51.185555596654154, -30.235558730862767 ], [ -51.185681353324, -30.23567981707691 ], [ -51.186375021003307, -30.23544268124758 ], [ -51.186397177760682, -30.235504648994819 ], [ -51.186627325740183, -30.235496675472366 ], [ -51.186862986499165, -30.235599379459604 ], [ -51.186961334248636, -30.235538943926564 ], [ -51.186868989254677, -30.235466509541062 ], [ -51.187074326644726, -30.235469004854892 ], [ -51.187966053929784, -30.235650835410397 ], [ -51.188490640853772, -30.235836031832676 ], [ -51.188546809956456, -30.235891965046523 ], [ -51.188439545917745, -30.236179445694965 ], [ -51.188523537683373, -30.236201634870792 ], [ -51.188634062379009, -30.236073482942466 ], [ -51.188664133465807, -30.236319645146192 ], [ -51.188520414034315, -30.236485979852688 ], [ -51.188605356659117, -30.236534287033621 ], [ -51.188708066755943, -30.236439140396985 ], [ -51.188778267413717, -30.236580882519771 ], [ -51.188898641236122, -30.236590379233334 ], [ -51.188898638199419, -30.23675613904522 ], [ -51.18902795370461, -30.236632993253931 ], [ -51.189156017293527, -30.236755785800106 ], [ -51.189178394246959, -30.236906179016778 ], [ -51.189638613693461, -30.236933297522228 ], [ -51.189637095577737, -30.23720700206016 ], [ -51.189893841288416, -30.237356474812355 ], [ -51.189847634052548, -30.237476996914399 ], [ -51.189961553451035, -30.23764810053142 ], [ -51.190126394881617, -30.237732137294021 ], [ -51.19019211155279, -30.237899825940136 ], [ -51.190356390211875, -30.237957288259921 ], [ -51.190294568113515, -30.238117531461935 ], [ -51.190422146707519, -30.23818523947185 ], [ -51.190374937201469, -30.238256711373491 ], [ -51.190482009893998, -30.2382877186534 ], [ -51.190565359734791, -30.238485451942424 ], [ -51.190700963653335, -30.238469794991662 ], [ -51.190666679009574, -30.238674592072474 ], [ -51.190853406191508, -30.238872489517714 ], [ -51.190786549923423, -30.238994097417788 ], [ -51.190915235769928, -30.239015768021254 ], [ -51.190929065215158, -30.239123484708639 ], [ -51.191010903445779, -30.239107093005419 ], [ -51.190992634693579, -30.23922778492863 ], [ -51.191239150192338, -30.239401948698909 ], [ -51.191306580244728, -30.239279033542289 ], [ -51.191217151146837, -30.239252808324629 ], [ -51.191392156840074, -30.239188780126952 ], [ -51.191480046154545, -30.239063813454791 ], [ -51.191543831026749, -30.239108535027189 ], [ -51.191620907450762, -30.239010030932388 ], [ -51.191852956993138, -30.239060317301977 ], [ -51.19191071916179, -30.23897228276693 ], [ -51.191970858373516, -30.239026507358247 ], [ -51.192124376590684, -30.238975454356002 ], [ -51.192004301166065, -30.238839976286684 ], [ -51.192175204979677, -30.238799960724766 ], [ -51.192142892453298, -30.238702657697925 ], [ -51.192281237891706, -30.238533703751298 ], [ -51.192440544011724, -30.238558385936589 ], [ -51.192544773429923, -30.238498401266746 ], [ -51.192518353979452, -30.238375835336505 ], [ -51.192756622807892, -30.238373597011009 ], [ -51.192849358228393, -30.238276285140664 ], [ -51.192820816323049, -30.238183706274608 ], [ -51.192691925768898, -30.238203745014854 ], [ -51.192737665581795, -30.238126410091727 ], [ -51.192625951666116, -30.238026725211824 ], [ -51.192668885108276, -30.237929017591156 ], [ -51.193031423773384, -30.237954994030286 ], [ -51.193065405724653, -30.23785842705324 ], [ -51.193252148998859, -30.237854712179221 ], [ -51.193196775804033, -30.237533555196798 ], [ -51.193268285406887, -30.23743578900142 ], [ -51.193423386823596, -30.237414951464505 ], [ -51.193500586755334, -30.237140327830538 ], [ -51.193692455964772, -30.237099169782489 ], [ -51.193493695073663, -30.237108689802401 ], [ -51.193287627566576, -30.236996607802475 ], [ -51.193075410246863, -30.237085452475 ], [ -51.192984780867903, -30.237025823879879 ], [ -51.192893665135038, -30.237069817561888 ], [ -51.192903743900629, -30.236959367769103 ], [ -51.192768878785287, -30.236888134966012 ], [ -51.192905942412345, -30.23671952048517 ], [ -51.192927422870987, -30.236549434318313 ], [ -51.19238885909121, -30.236442099582273 ], [ -51.192751038598537, -30.236220263494907 ], [ -51.192812078668844, -30.236076633669327 ], [ -51.192537727787574, -30.235993691248343 ], [ -51.192574173426451, -30.235810060203168 ], [ -51.192474743722649, -30.235860087132359 ], [ -51.192117545098547, -30.235767132542097 ], [ -51.19217654593286, -30.235613603069314 ], [ -51.192085211095623, -30.235559381873646 ], [ -51.192294956304828, -30.235408457469866 ], [ -51.19209736894949, -30.235362665942908 ], [ -51.192153666940079, -30.235255342642642 ], [ -51.192088810993148, -30.235175284321489 ], [ -51.192277416727656, -30.235127585001766 ], [ -51.192259302559926, -30.235019584213667 ], [ -51.192437230855468, -30.234978542269005 ], [ -51.192501646258243, -30.234874006016256 ], [ -51.192730564712413, -30.234900334711959 ], [ -51.192812216302393, -30.234858390129656 ], [ -51.192748473795469, -30.234871541364903 ], [ -51.192710218661851, -30.234773727566253 ], [ -51.192648513190292, -30.234811799043857 ], [ -51.192618175210335, -30.234735722480753 ], [ -51.192421121767559, -30.234808233497326 ], [ -51.192237876222784, -30.234712819000912 ], [ -51.192253570639579, -30.234626950500463 ], [ -51.192143065430564, -30.234559415845311 ], [ -51.191866609420352, -30.234641263390557 ], [ -51.191737846940214, -30.234503395478335 ], [ -51.191306926386481, -30.234454431289244 ], [ -51.191405047149786, -30.234314215495118 ], [ -51.191364159214295, -30.234249233264684 ], [ -51.191233661504135, -30.234297894691917 ], [ -51.191310597622291, -30.23406162680196 ], [ -51.191243652976979, -30.23392415343811 ], [ -51.191408557563285, -30.233836452479345 ], [ -51.191398546474012, -30.233768569196794 ], [ -51.191035097890193, -30.233821001938164 ], [ -51.190952279895896, -30.233740998983894 ], [ -51.191033206984102, -30.233590940762546 ], [ -51.190735512391967, -30.233229453071527 ], [ -51.190277869908421, -30.23335728679853 ], [ -51.190224717639424, -30.233430069008357 ], [ -51.190353695621255, -30.233654657727065 ], [ -51.19011157277054, -30.233729386688672 ], [ -51.189652539939964, -30.233499294192413 ], [ -51.189506651402141, -30.233512617738171 ], [ -51.189452029257872, -30.233421632743937 ], [ -51.188851665106057, -30.233169296361549 ], [ -51.188467972151777, -30.233175460527434 ], [ -51.188236816225491, -30.233014604561632 ], [ -51.187828553229011, -30.233070161620311 ], [ -51.18759334721485, -30.232961370593166 ], [ -51.18743230204386, -30.232995917587175 ], [ -51.187406567261966, -30.233076834907529 ], [ -51.187370731587734, -30.23301145539234 ], [ -51.187233337592296, -30.23304804849683 ], [ -51.187137686281631, -30.232937373920816 ], [ -51.187224362304612, -30.232810874589333 ], [ -51.187084671845774, -30.232832219518187 ], [ -51.186967721195316, -30.232752215838911 ], [ -51.18678659226623, -30.232809979310236 ], [ -51.186793838137909, -30.233050054067384 ], [ -51.186716631940243, -30.232861193917355 ], [ -51.186647163731308, -30.232964533913442 ], [ -51.186500088108183, -30.232915088854877 ], [ -51.186251535823388, -30.233069248030429 ], [ -51.186163613905364, -30.232975814750052 ], [ -51.186148027542181, -30.233091385771353 ], [ -51.186016248107471, -30.23300774260921 ], [ -51.185618109608264, -30.233152343413838 ], [ -51.185350587821183, -30.233119288642985 ], [ -51.185216492620398, -30.233208686669858 ], [ -51.185131855975392, -30.233060681824995 ], [ -51.184724838046684, -30.233187585726139 ], [ -51.184477155338108, -30.233073209340056 ], [ -51.184593754906032, -30.232992851100651 ], [ -51.184698081591051, -30.233024373984257 ], [ -51.184652617912938, -30.232915274923236 ], [ -51.184227227746433, -30.233067775958144 ], [ -51.184246472180298, -30.233188475670158 ], [ -51.184133545399256, -30.233218609286702 ], [ -51.184013650892034, -30.233120422272549 ], [ -51.184038357105401, -30.233190215933821 ], [ -51.183944421952511, -30.233215514680008 ], [ -51.183815507913039, -30.233127735601879 ], [ -51.183854697939772, -30.233012843470995 ], [ -51.183717562646805, -30.232997640164932 ], [ -51.18367795504323, -30.232821480764656 ], [ -51.183555339823087, -30.232794392004124 ], [ -51.183586348555124, -30.232676428130031 ], [ -51.183480916885429, -30.232677155821349 ], [ -51.183458619707501, -30.232529834749887 ], [ -51.183203249264508, -30.232431573164714 ], [ -51.183129410882444, -30.232184310627208 ], [ -51.18286276427164, -30.232124952383238 ], [ -51.182668945530494, -30.23217480950472 ], [ -51.182544269259523, -30.232062799048553 ], [ -51.182589970625166, -30.231933766368371 ], [ -51.18250535588659, -30.231862955336911 ], [ -51.18257957479684, -30.231809449382343 ], [ -51.182367986978143, -30.231700496048369 ], [ -51.182324157853344, -30.231472810389953 ], [ -51.18221088610651, -30.231413152537129 ], [ -51.182206513171259, -30.231208391308105 ], [ -51.182051172494369, -30.231133730827622 ], [ -51.182098083486778, -30.23104652382904 ], [ -51.181960817374559, -30.231063019418439 ], [ -51.182066637464374, -30.230863568065192 ], [ -51.181816393551195, -30.230488324840486 ], [ -51.18161762150266, -30.230467112233381 ], [ -51.181724448829577, -30.230358909606153 ], [ -51.181578681014877, -30.230374387320627 ], [ -51.181409515521437, -30.230275490342052 ], [ -51.181470002826096, -30.230146281488974 ], [ -51.181280997238275, -30.229940302635605 ], [ -51.181329594304849, -30.229858727897682 ], [ -51.181150570958344, -30.229720980297227 ], [ -51.181211003230707, -30.229492643968481 ], [ -51.181053703332722, -30.229506246302467 ], [ -51.180951027150414, -30.229770376428593 ], [ -51.181246441527946, -30.230162722597317 ], [ -51.181225065387672, -30.230303639368852 ], [ -51.180977007169993, -30.230022877974584 ], [ -51.180895399058507, -30.229788386392233 ], [ -51.180680624183282, -30.229827773911857 ], [ -51.180617154830365, -30.229739415162467 ], [ -51.180585009804595, -30.229320010954375 ], [ -51.180478180788064, -30.229083797501168 ], [ -51.180201504774885, -30.228840853612631 ], [ -51.180271699758784, -30.228726630667872 ], [ -51.180189792998718, -30.228440208580196 ], [ -51.180042649985026, -30.228373969666318 ], [ -51.180152060179431, -30.22830901092615 ], [ -51.180658438495392, -30.22852103213922 ], [ -51.180742469254248, -30.228474764522687 ], [ -51.180758434611853, -30.228308885025285 ], [ -51.180530599590135, -30.228137691008243 ], [ -51.180409650355735, -30.228182492033305 ], [ -51.180485363862239, -30.227982414874592 ], [ -51.180248421012372, -30.227892200091183 ], [ -51.18009036179452, -30.22771695282611 ], [ -51.180218244563093, -30.22750807476756 ], [ -51.179965526287916, -30.227377021841498 ], [ -51.180125807607162, -30.227186838095122 ], [ -51.179939079218258, -30.227256432297523 ], [ -51.179982327687846, -30.227149951065734 ], [ -51.179845661392584, -30.227129088844418 ], [ -51.179749584475999, -30.22659620570608 ], [ -51.179644721684959, -30.226521169960606 ], [ -51.179234508846385, -30.226540011164342 ], [ -51.179381668144082, -30.226268471297178 ], [ -51.179268335939391, -30.226138564816793 ], [ -51.17950777962438, -30.226093443831793 ], [ -51.179204080679014, -30.225734484124594 ], [ -51.179047812185779, -30.225842368036886 ], [ -51.178972417617963, -30.22577413369261 ], [ -51.179084439598299, -30.225629123342802 ], [ -51.178987806029973, -30.22554695034982 ], [ -51.179016780331864, -30.225339173648464 ], [ -51.178926914894802, -30.225213490769065 ], [ -51.179054210687255, -30.225069782018782 ], [ -51.178816875019358, -30.22468435950805 ], [ -51.17884637695888, -30.224324928528056 ], [ -51.178736588041531, -30.224104967406738 ], [ -51.178798834807893, -30.223994728734954 ], [ -51.178588413673936, -30.22380184147918 ], [ -51.178524438851305, -30.223404540789307 ], [ -51.17800707885052, -30.22344362308332 ], [ -51.177899434700933, -30.222983563785846 ], [ -51.178177872412739, -30.223056662929213 ], [ -51.178532136802097, -30.222990888005096 ], [ -51.178516813485075, -30.22263215401416 ], [ -51.178607410246009, -30.222542726381995 ], [ -51.17847198507765, -30.222137211240341 ], [ -51.178685652805697, -30.222064699352828 ], [ -51.178496161712211, -30.221703435971854 ], [ -51.178527416106782, -30.221619961671596 ], [ -51.17829575469699, -30.221506753040892 ], [ -51.178117407569779, -30.221143783432886 ], [ -51.177897012328522, -30.220132180625779 ], [ -51.177887413694826, -30.219871933189573 ], [ -51.177998740061909, -30.21972413809355 ], [ -51.177858397575264, -30.219636613795618 ], [ -51.177838476056138, -30.219523429852632 ], [ -51.177934918584199, -30.219217025580253 ], [ -51.178051740464568, -30.219206201747831 ], [ -51.177959356673128, -30.218971981439012 ], [ -51.178046243372108, -30.218876160789907 ], [ -51.177990145688803, -30.218686774712566 ], [ -51.178044491384291, -30.218349737169671 ], [ -51.178474782609321, -30.217158676100922 ], [ -51.178803781721605, -30.216622670846359 ], [ -51.179108284877138, -30.216503874350039 ], [ -51.17930240390897, -30.216242036766072 ], [ -51.17929970874151, -30.215846357076607 ], [ -51.179626793893071, -30.215493754516849 ], [ -51.180004364165818, -30.215312272685132 ], [ -51.180128090829413, -30.215155708566012 ], [ -51.180045590090188, -30.214989476061561 ], [ -51.179918338279194, -30.214948540605338 ], [ -51.180008056825194, -30.214682495376117 ], [ -51.180242346492612, -30.214416199061972 ], [ -51.180517473186868, -30.214464170702648 ], [ -51.181080001207704, -30.214063820779501 ], [ -51.181091752733138, -30.213952187450872 ], [ -51.18136707396863, -30.213859807121214 ], [ -51.181338047835503, -30.213795850609692 ], [ -51.181441876970496, -30.213703120880641 ], [ -51.181783720584562, -30.213624800211498 ], [ -51.181767473525902, -30.213500230220184 ], [ -51.181928986465621, -30.213622612332632 ], [ -51.1819657679209, -30.213299594788378 ], [ -51.182596981450949, -30.212927950667158 ], [ -51.182572644896347, -30.21271075002705 ], [ -51.182714631142332, -30.212804513950807 ], [ -51.183264716736431, -30.212673232386432 ], [ -51.183347944555777, -30.212770957566331 ], [ -51.183486981579243, -30.212670883705147 ], [ -51.183557468177646, -30.21274096721924 ], [ -51.183770659095373, -30.212713202223458 ], [ -51.183855963006323, -30.212599949122783 ], [ -51.183945540313161, -30.212675206104798 ], [ -51.183956263970089, -30.212477385373468 ], [ -51.184075485008314, -30.21260339008963 ], [ -51.184061447898479, -30.212311605387924 ], [ -51.184151006263839, -30.212358899797469 ], [ -51.184186196466548, -30.212288140458629 ], [ -51.184244918209153, -30.212356880710864 ], [ -51.184301455692989, -30.21224835491337 ], [ -51.184376882187216, -30.212384656743069 ], [ -51.184380927155814, -30.212251237147207 ], [ -51.184613043993558, -30.212302550563273 ], [ -51.184635831365149, -30.211964704713857 ], [ -51.184739507102421, -30.212139478759859 ], [ -51.185025318286115, -30.212165288135083 ], [ -51.18513790886125, -30.212047878620744 ], [ -51.185456208249775, -30.211957869108609 ], [ -51.185615149097181, -30.212028589515988 ], [ -51.185778275847234, -30.211860455582443 ], [ -51.185878295452326, -30.211948492359415 ], [ -51.18616407442844, -30.211941333037082 ], [ -51.186371643655463, -30.21181370147815 ], [ -51.186401934591451, -30.211708599367217 ], [ -51.186634967794085, -30.211881269214906 ], [ -51.186757735226713, -30.212673780257866 ], [ -51.186769335292347, -30.211486188126148 ], [ -51.187103491457279, -30.211242043647225 ], [ -51.187159209806168, -30.211292649804101 ], [ -51.187324268246918, -30.211179650405192 ], [ -51.18763404921026, -30.211375382163443 ], [ -51.187710758652123, -30.211214264921676 ], [ -51.187617813397985, -30.211078113652139 ], [ -51.187763658544142, -30.21088526531608 ], [ -51.188002593576975, -30.210991799628964 ], [ -51.188095703006638, -30.211200382356299 ], [ -51.188731060688227, -30.211287093024275 ], [ -51.188889703574063, -30.211399096879187 ], [ -51.188903681589224, -30.211534573532965 ], [ -51.189067503490222, -30.21152913422079 ], [ -51.189238782187914, -30.211603742927373 ], [ -51.189299150868003, -30.211723325689675 ], [ -51.189393043499607, -30.211696413846884 ], [ -51.189312751548776, -30.211940247403042 ], [ -51.189989625997597, -30.212549666727814 ], [ -51.190148057555817, -30.212719580611704 ], [ -51.190116393153723, -30.212785833273756 ], [ -51.190246257169704, -30.212677046128675 ], [ -51.190379400275596, -30.21267959875626 ], [ -51.190713477617976, -30.212838218094443 ], [ -51.190697650610709, -30.212632923013103 ], [ -51.191003982543187, -30.212578871375573 ], [ -51.191746128512968, -30.213103467344506 ], [ -51.192364603731605, -30.213347635513674 ], [ -51.192687231098937, -30.213428362687189 ], [ -51.192755151352543, -30.213366498819976 ], [ -51.192846694839417, -30.213503453986441 ], [ -51.194221776966913, -30.213577739322055 ], [ -51.194499332556276, -30.213416247407103 ], [ -51.194813654046655, -30.213398555610784 ], [ -51.194983431289202, -30.213246736949973 ], [ -51.195113023113969, -30.213307204018545 ], [ -51.195567540263049, -30.21324147649657 ], [ -51.195595440044812, -30.213057513975269 ], [ -51.195859951676674, -30.212912236256404 ], [ -51.196341990506141, -30.212961057033382 ], [ -51.196832643800512, -30.212902124049556 ], [ -51.19691368458713, -30.212735021471275 ], [ -51.197493540977554, -30.212525722610874 ], [ -51.197755458504936, -30.212189551043295 ], [ -51.19800953059395, -30.212053650050969 ], [ -51.198014498773468, -30.211934542777374 ], [ -51.19817676486911, -30.211848225408673 ], [ -51.198216328034121, -30.211735576986065 ], [ -51.198506110258528, -30.211595905392642 ], [ -51.1985579582581, -30.211240850379614 ], [ -51.19869166422739, -30.211046762574217 ], [ -51.198951470343324, -30.211008885633284 ], [ -51.19963275883088, -30.210345399192253 ], [ -51.199789101625754, -30.210323756646492 ], [ -51.199851558151188, -30.210155369814665 ], [ -51.199990901354781, -30.210126927856951 ], [ -51.199841226299903, -30.209962760500279 ], [ -51.199647304947916, -30.209901536372044 ], [ -51.199665265537391, -30.209791383942303 ], [ -51.19958358993356, -30.209788650536634 ], [ -51.199628099493523, -30.209558602849132 ], [ -51.199512339956662, -30.209520794565549 ], [ -51.199494538909534, -30.209427422808147 ], [ -51.199591377102173, -30.20938191377201 ], [ -51.199619709777245, -30.209237069858169 ], [ -51.199485451821708, -30.209254764503711 ], [ -51.199428736768873, -30.209348010585021 ], [ -51.199257617867211, -30.209200939670957 ], [ -51.198844187904605, -30.209122386079873 ], [ -51.1987157096274, -30.209011801777461 ], [ -51.198599870655592, -30.209059629316943 ], [ -51.198430234258957, -30.208984379938567 ], [ -51.198322257307773, -30.209040448401577 ], [ -51.198259414430886, -30.208954882575867 ], [ -51.197967284274512, -30.20890425223034 ], [ -51.197855285169787, -30.208800678364643 ], [ -51.197945995478385, -30.208710393653828 ], [ -51.197829839912409, -30.208387060237868 ], [ -51.197427199290004, -30.208288759335314 ], [ -51.197398499863695, -30.208217496357943 ], [ -51.197300814448354, -30.208278699328812 ], [ -51.197295578271913, -30.208179983400363 ], [ -51.197208488453541, -30.208153099133288 ], [ -51.197277091948905, -30.208110009423688 ], [ -51.197225168519587, -30.207954265192289 ], [ -51.197060255691106, -30.20803082766847 ], [ -51.197038261200809, -30.207949383653251 ], [ -51.196750906739126, -30.207916396076048 ], [ -51.1967082811816, -30.20800636066949 ], [ -51.196467948284514, -30.20790928176698 ], [ -51.196424325717331, -30.20795441832351 ], [ -51.196341204110603, -30.207852898999864 ], [ -51.196284444874237, -30.207975740841778 ], [ -51.196039345095294, -30.207892165110572 ], [ -51.195822041934015, -30.20793260775978 ], [ -51.195840416821291, -30.207829343423338 ], [ -51.195757467960313, -30.207846760046348 ], [ -51.195706427854205, -30.207757712289638 ], [ -51.195754401168521, -30.2076904632621 ], [ -51.195651386159554, -30.207680215219181 ], [ -51.195678803089677, -30.20739581999586 ], [ -51.195542243437167, -30.207233903084035 ], [ -51.195396429457546, -30.207211846473129 ], [ -51.195398991158214, -30.206870927410598 ], [ -51.195207631682024, -30.206417771625247 ], [ -51.195006544325899, -30.206321100646825 ], [ -51.195202633778578, -30.206133442741812 ], [ -51.194976200811674, -30.205754426089676 ], [ -51.195168964496681, -30.205657173586655 ], [ -51.195107186920701, -30.205509494120797 ], [ -51.19520577412154, -30.20532546324937 ], [ -51.195131324906512, -30.205306093784316 ], [ -51.195045456610053, -30.204480790592694 ], [ -51.19489052605774, -30.204371675175061 ], [ -51.194772371036095, -30.204124386600036 ], [ -51.194964525706304, -30.204080064477171 ], [ -51.19477032013701, -30.203778483059388 ], [ -51.194887793948233, -30.203751902997087 ], [ -51.194887146417273, -30.203604561894092 ], [ -51.194754227824546, -30.203247252098187 ], [ -51.194772945630312, -30.203059025477472 ], [ -51.194686481961234, -30.203000430663383 ], [ -51.194705881550668, -30.202764926228252 ], [ -51.194398781839809, -30.202251094046126 ], [ -51.194423599638696, -30.202094153161813 ], [ -51.194576984131828, -30.202119440813593 ], [ -51.19455921026973, -30.201940715759484 ], [ -51.194369279704638, -30.201979103758127 ], [ -51.194327642694518, -30.201918665153006 ], [ -51.194475101426335, -30.201805726941604 ], [ -51.194435043880638, -30.201639002728811 ], [ -51.194536187483791, -30.20153368888829 ], [ -51.194399073380865, -30.201037463571126 ], [ -51.194495383339806, -30.200818139223191 ], [ -51.194300278816101, -30.200627494486024 ], [ -51.194450930662498, -30.200581933810319 ], [ -51.194397552359469, -30.200392323830549 ], [ -51.194482758556148, -30.200272098895283 ], [ -51.194413623832268, -30.200126741896998 ], [ -51.194228954878312, -30.200068960746624 ], [ -51.194246081425881, -30.199885667205237 ], [ -51.193877284726717, -30.199622178464285 ], [ -51.19405366046891, -30.199593797202748 ], [ -51.194073256427728, -30.199511956349181 ], [ -51.194384153250191, -30.199563909097854 ], [ -51.194307299071262, -30.199315496029111 ], [ -51.194586768357539, -30.199135676114604 ], [ -51.194589347837578, -30.19901731738419 ], [ -51.194718031985687, -30.19889530749413 ], [ -51.194646091421738, -30.198827847099146 ], [ -51.194853930649806, -30.198784052115933 ], [ -51.194697197852129, -30.198487966898433 ], [ -51.194751457257112, -30.198214804842387 ], [ -51.194892925152637, -30.198062298284288 ], [ -51.194821454722437, -30.197939055676493 ], [ -51.195138676303905, -30.197803417122064 ], [ -51.195153999190751, -30.197699185732667 ], [ -51.195295468052734, -30.197636776163069 ], [ -51.195271230378637, -30.197562840314774 ], [ -51.195471967169254, -30.197440494130067 ], [ -51.195461725492919, -30.197345249386824 ], [ -51.195559300936942, -30.197337306377708 ], [ -51.195594953418507, -30.197249790731032 ], [ -51.195835364963202, -30.197279993325402 ], [ -51.195930984939778, -30.19711947511097 ], [ -51.195848389353948, -30.197114085910076 ], [ -51.195802943022507, -30.197010979858181 ], [ -51.1959831980693, -30.197001261359691 ], [ -51.196171939418598, -30.196676682312898 ], [ -51.196621387166346, -30.196907079310616 ], [ -51.196812270149557, -30.196631832416283 ], [ -51.196375441672124, -30.196151309652649 ], [ -51.196493262201699, -30.19607871007647 ], [ -51.196338248757584, -30.195879041515436 ], [ -51.196431572568152, -30.195822606865708 ], [ -51.196539272494242, -30.195872702809442 ], [ -51.197185884959765, -30.195577827972418 ], [ -51.197054359192514, -30.195267286956344 ], [ -51.1964732686438, -30.194741839442951 ], [ -51.194306446294377, -30.193670937787701 ], [ -51.19424133105133, -30.193421853045681 ], [ -51.194651838957469, -30.193015109277567 ], [ -51.192647923452711, -30.191626070757128 ], [ -51.19251760700498, -30.191256142227381 ], [ -51.192367748830058, -30.191230392256202 ], [ -51.192168076200495, -30.191310175892664 ], [ -51.191663276079147, -30.190887165340779 ], [ -51.191092088690894, -30.190547549045299 ], [ -51.190818018591145, -30.189935778568511 ], [ -51.190706677465222, -30.189919877242453 ], [ -51.189338149681156, -30.191017468271838 ], [ -51.189202135254455, -30.190954510221431 ], [ -51.181945034658071, -30.18576155815914 ], [ -51.182160378450398, -30.184554854098945 ], [ -51.179403164385839, -30.184107759038177 ], [ -51.179202907211135, -30.185228896880091 ], [ -51.174664486559138, -30.185520355663385 ], [ -51.175174802955468, -30.183357051551699 ], [ -51.175042141104527, -30.183331691740015 ], [ -51.170223565032984, -30.185630970320972 ], [ -51.167666550665551, -30.182792020921671 ] ] ] } },
{ "type": "Feature", "properties": { "bairro_oficial": "BELÉM VELHO" }, "geometry": { "type": "Polygon", "coordinates": [ [ [ -51.153975322957479, -30.100806991349696 ], [ -51.152064719417112, -30.101244567445139 ], [ -51.149932086577763, -30.102513767069638 ], [ -51.148994938985261, -30.103225418577708 ], [ -51.147341922714403, -30.11770714941564 ], [ -51.148381086179661, -30.118199648435553 ], [ -51.149057892002325, -30.118313207164213 ], [ -51.149895450969119, -30.118689428184862 ], [ -51.150730311629296, -30.11950470694304 ], [ -51.151446286780725, -30.119989845479431 ], [ -51.152156918393942, -30.120606121660011 ], [ -51.152431948111897, -30.120743029035729 ], [ -51.153148156239304, -30.120654437259248 ], [ -51.154067760871271, -30.120308921655607 ], [ -51.154480916594736, -30.120241980538676 ], [ -51.154867109453356, -30.120305100268926 ], [ -51.155840175486027, -30.120712045939857 ], [ -51.156151031283351, -30.120727606662143 ], [ -51.157587042971578, -30.119959491517545 ], [ -51.159822131843534, -30.122507586523923 ], [ -51.161954756683862, -30.124335214151607 ], [ -51.162384721690529, -30.12460656733019 ], [ -51.164266210852979, -30.125280681542293 ], [ -51.164683760235981, -30.125337387799085 ], [ -51.1655484015659, -30.125296000903578 ], [ -51.168098910861083, -30.124846438811776 ], [ -51.17001092580113, -30.125133753494541 ], [ -51.17070230337815, -30.125170035177572 ], [ -51.171303731180025, -30.125081711862098 ], [ -51.172587845510613, -30.124614508465775 ], [ -51.173185704990985, -30.124511475429323 ], [ -51.173580933516568, -30.124560316647678 ], [ -51.173297176428946, -30.125210219048466 ], [ -51.173452814605987, -30.125735775058754 ], [ -51.174145445970098, -30.126347431999498 ], [ -51.175669993179554, -30.12704560260903 ], [ -51.175889405934875, -30.127302891171997 ], [ -51.176268349330556, -30.128153382937786 ], [ -51.176283597783872, -30.128598886841516 ], [ -51.175974454782931, -30.1298747969864 ], [ -51.176084776207659, -30.131096263743462 ], [ -51.175709646107578, -30.133669549510621 ], [ -51.176511500970676, -30.132222946300413 ], [ -51.176835410541528, -30.131806842644142 ], [ -51.178215991440133, -30.130481990829036 ], [ -51.180013316040061, -30.128962226616334 ], [ -51.18142924166461, -30.127901264777009 ], [ -51.181970482906358, -30.127627535998922 ], [ -51.182669953460106, -30.12742132433295 ], [ -51.183243281451936, -30.127354129409483 ], [ -51.18480955393548, -30.127367527920399 ], [ -51.185864791399865, -30.127086225444643 ], [ -51.186735404102251, -30.126544388042653 ], [ -51.187640703186403, -30.12554117898566 ], [ -51.188309793455836, -30.124987033882075 ], [ -51.190386660601988, -30.123818340748858 ], [ -51.191782270363042, -30.122825523830151 ], [ -51.192880775445509, -30.122317054147281 ], [ -51.193986157729242, -30.12216392446777 ], [ -51.193736317257745, -30.121447071390048 ], [ -51.193206471372079, -30.120554239770726 ], [ -51.192682627723102, -30.119439642756749 ], [ -51.19201298658075, -30.118345170200843 ], [ -51.191268535416974, -30.118438415318099 ], [ -51.190345158303913, -30.118352700953899 ], [ -51.189625476955165, -30.11849515114373 ], [ -51.189151227765088, -30.118471864760032 ], [ -51.187621861807493, -30.118066137796262 ], [ -51.18424678220547, -30.117537630343989 ], [ -51.185222271653302, -30.113888238193372 ], [ -51.178000140915906, -30.096681446871131 ], [ -51.177982149547638, -30.096961555487628 ], [ -51.177840477739565, -30.097242975392838 ], [ -51.176911665989245, -30.097970891721442 ], [ -51.17654594485029, -30.09798742727402 ], [ -51.175994161262295, -30.097754204394164 ], [ -51.175655649002607, -30.097813796521717 ], [ -51.173211197828792, -30.099028081726729 ], [ -51.172984426677509, -30.099271230939028 ], [ -51.172624337997895, -30.099956673243017 ], [ -51.172409765967892, -30.100082675491315 ], [ -51.172188314535283, -30.100045604079096 ], [ -51.17107436283581, -30.099474576442482 ], [ -51.170219880427723, -30.100622208714221 ], [ -51.169539572731068, -30.100734944627952 ], [ -51.16900337827861, -30.101164655319941 ], [ -51.168278507728381, -30.101499536271145 ], [ -51.166887115580316, -30.101651189422647 ], [ -51.166066099155465, -30.101372344943691 ], [ -51.165116684935036, -30.101653623858965 ], [ -51.164906546489298, -30.101568498758855 ], [ -51.164549056830282, -30.101231131839665 ], [ -51.163991553825994, -30.101018384719847 ], [ -51.162031722839501, -30.101054464181683 ], [ -51.160796310602713, -30.100952450076274 ], [ -51.158888958449353, -30.101158714785267 ], [ -51.157489008467067, -30.100924170252853 ], [ -51.154748291462759, -30.100739230303155 ], [ -51.153975322957479, -30.100806991349696 ] ] ] } },
{ "type": "Feature", "properties": { "bairro_oficial": "BOA VISTA" }, "geometry": { "type": "Polygon", "coordinates": [ [ [ -51.164022050687819, -30.019805037767785 ], [ -51.163385898703439, -30.023206283550071 ], [ -51.163237435202255, -30.02623220745825 ], [ -51.163240295461762, -30.028060194871959 ], [ -51.169650524652631, -30.028224656631266 ], [ -51.170990364851555, -30.028057577516268 ], [ -51.172666657516942, -30.027520912088701 ], [ -51.173647413606922, -30.027480047265065 ], [ -51.174479780012334, -30.027655191890592 ], [ -51.180909661969466, -30.029486686511994 ], [ -51.181753023641406, -30.027506638727605 ], [ -51.184567312353714, -30.02194792115575 ], [ -51.184027514234572, -30.021825978104079 ], [ -51.178873665640182, -30.019953608822586 ], [ -51.176764483961406, -30.01894514806478 ], [ -51.175315535366856, -30.018477647896837 ], [ -51.175139912377546, -30.018829084574939 ], [ -51.171597591758797, -30.018617890272857 ], [ -51.171201331399828, -30.021882829531638 ], [ -51.167277736301209, -30.021295836485191 ], [ -51.164886887591067, -30.020094363766137 ], [ -51.164022050687819, -30.019805037767785 ] ] ] } },
{ "type": "Feature", "properties": { "bairro_oficial": "BOA VISTA DO SUL" }, "geometry": { "type": "MultiPolygon", "coordinates": [ [ [ [ -51.163969565738832, -30.262322419362945 ], [ -51.163644414564097, -30.262374470258894 ], [ -51.163521508411662, -30.262540653657624 ], [ -51.163652112414745, -30.262409395879867 ], [ -51.16371360269607, -30.262446227991877 ], [ -51.163523353372078, -30.26257729510715 ], [ -51.16355311523408, -30.262658265336238 ], [ -51.163254098442891, -30.26271384398385 ], [ -51.162678720843665, -30.262548244995841 ], [ -51.162372181499897, -30.262183886434006 ], [ -51.162594798456929, -30.262625605811184 ], [ -51.162521262544672, -30.262729544805719 ], [ -51.16265381828223, -30.263257579961945 ], [ -51.162580462154779, -30.263748439466493 ], [ -51.162663976864103, -30.264011376560291 ], [ -51.162509054067982, -30.264334762172656 ], [ -51.162556106867477, -30.264447407961487 ], [ -51.162490177343159, -30.264573998282501 ], [ -51.162750604170398, -30.264948397799945 ], [ -51.16270539659039, -30.265079716356237 ], [ -51.16304385183394, -30.265203939348023 ], [ -51.163132379598245, -30.26532391668351 ], [ -51.163387818009475, -30.265327696335682 ], [ -51.163744224674176, -30.265721013051088 ], [ -51.164325668566647, -30.266003260230626 ], [ -51.164808543516855, -30.265992767697636 ], [ -51.165115978620285, -30.266191229201102 ], [ -51.165358581287087, -30.266074248960759 ], [ -51.165500438112481, -30.266129623510711 ], [ -51.165727924905731, -30.26594021134181 ], [ -51.165969602716203, -30.265918582240008 ], [ -51.166283877425435, -30.265738746374616 ], [ -51.166451821715576, -30.26533106249919 ], [ -51.16682783640546, -30.265075055740247 ], [ -51.167458672770778, -30.264919299094213 ], [ -51.167963799425749, -30.265074255951671 ], [ -51.168218605285105, -30.26499560249524 ], [ -51.168266489647998, -30.264914829504313 ], [ -51.16837161672607, -30.264966249281152 ], [ -51.168509824788138, -30.264751887615347 ], [ -51.16882799215329, -30.264659462574745 ], [ -51.16892977539468, -30.264718922724459 ], [ -51.168978770988986, -30.264572009440204 ], [ -51.169201412857518, -30.264427236220534 ], [ -51.169309004542605, -30.26452632717012 ], [ -51.169392021654005, -30.264501267764537 ], [ -51.169362623143876, -30.264430469226053 ], [ -51.169483897070513, -30.264333599104244 ], [ -51.169505247302283, -30.264186083629479 ], [ -51.169947725221093, -30.26397423543149 ], [ -51.170091885216173, -30.26371957536152 ], [ -51.170247839451605, -30.263637390224467 ], [ -51.170130758185572, -30.263376835255411 ], [ -51.17004258458978, -30.263389117740399 ], [ -51.169854382294467, -30.263215570741043 ], [ -51.169874781562825, -30.26298452686418 ], [ -51.169723290211628, -30.262870915855988 ], [ -51.169370308546782, -30.262822035187146 ], [ -51.168899454115007, -30.262898702799983 ], [ -51.167578529282011, -30.26272317873277 ], [ -51.167274967416773, -30.262780117351685 ], [ -51.166871570517515, -30.26263508170593 ], [ -51.166327536745918, -30.262604426029313 ], [ -51.166263972628087, -30.262480224508838 ], [ -51.165880778417872, -30.262395586888957 ], [ -51.165573470540359, -30.26237767552583 ], [ -51.16516958259438, -30.262486895362091 ], [ -51.165079845125952, -30.262412145989217 ], [ -51.164877251982134, -30.262399902154108 ], [ -51.164717767332114, -30.262263604805923 ], [ -51.164614783682019, -30.262391642832874 ], [ -51.164555187871997, -30.26221418468354 ], [ -51.164324751205854, -30.262136005931136 ], [ -51.164032622648364, -30.261664951135579 ], [ -51.164177207522286, -30.26205457467475 ], [ -51.163969565738832, -30.262322419362945 ] ] ], [ [ [ -51.116408822581981, -30.203955912157461 ], [ -51.113357319034861, -30.207205588438864 ], [ -51.10871839001733, -30.212429336046291 ], [ -51.107069003901579, -30.214488513940076 ], [ -51.10111758582633, -30.218668669315932 ], [ -51.102816087212659, -30.219366909911955 ], [ -51.106415125973953, -30.219802365028663 ], [ -51.109259925532456, -30.220024080777886 ], [ -51.112933427986306, -30.219880891500534 ], [ -51.113575601182504, -30.222993728075021 ], [ -51.113830610551503, -30.224676965343082 ], [ -51.113922289668956, -30.226067102478009 ], [ -51.113649154875368, -30.227580079197175 ], [ -51.113645364348045, -30.228258550984343 ], [ -51.114241670536366, -30.231242877407581 ], [ -51.114728889483459, -30.231439574331993 ], [ -51.119902532486336, -30.234430015479901 ], [ -51.119447102837142, -30.240171561373266 ], [ -51.119127506736142, -30.245686314211042 ], [ -51.119195421631588, -30.24585958786869 ], [ -51.119503691691897, -30.245970549390368 ], [ -51.120040028313745, -30.245996437393959 ], [ -51.120118288638089, -30.245867663754964 ], [ -51.120318183477366, -30.245849864709736 ], [ -51.120334644584268, -30.245727378275927 ], [ -51.120428743292877, -30.245711593993352 ], [ -51.120534336686845, -30.245783795981154 ], [ -51.120467950366354, -30.245882589485852 ], [ -51.120541339622598, -30.246032466732434 ], [ -51.120697524294719, -30.246159201758708 ], [ -51.120864051261997, -30.246166862866293 ], [ -51.120879536393957, -30.246274627875394 ], [ -51.121175809759933, -30.246295427430585 ], [ -51.121163520491699, -30.246066760502327 ], [ -51.121270619969756, -30.246234298447561 ], [ -51.121379792987661, -30.246242374608379 ], [ -51.121387467080915, -30.24632949751328 ], [ -51.122113588516328, -30.24656400672561 ], [ -51.122274001544568, -30.2464959682443 ], [ -51.122351965599755, -30.246275180645416 ], [ -51.122756757248332, -30.246179827571176 ], [ -51.122877247685715, -30.24627191245828 ], [ -51.122842725184448, -30.246382337418954 ], [ -51.123240205743969, -30.246584503118864 ], [ -51.123277412585836, -30.24672456043486 ], [ -51.123440548972361, -30.24682663657472 ], [ -51.123408435815442, -30.247022264390129 ], [ -51.123577235625774, -30.24715025508678 ], [ -51.123518418127134, -30.247706431925828 ], [ -51.123653968558521, -30.247947088053078 ], [ -51.12358734587761, -30.24797689215038 ], [ -51.123841132659898, -30.248207541679285 ], [ -51.123904216438881, -30.248191740918742 ], [ -51.123830180061248, -30.247877510974579 ], [ -51.123945055881002, -30.247790993104768 ], [ -51.124293614281378, -30.24772998336352 ], [ -51.124452400880671, -30.24787321926966 ], [ -51.124778753674157, -30.247619120607997 ], [ -51.124925138721224, -30.247664276717227 ], [ -51.125282196885742, -30.247528461147891 ], [ -51.125196679481277, -30.247668021788705 ], [ -51.125342447406247, -30.247852167983471 ], [ -51.12584319323652, -30.247334489996263 ], [ -51.126084929565124, -30.247438608969709 ], [ -51.12625117136465, -30.24722040333069 ], [ -51.126843747572096, -30.247291661827703 ], [ -51.127576828052405, -30.247515358730226 ], [ -51.128318339510571, -30.247858383435407 ], [ -51.128716306192317, -30.248203542436478 ], [ -51.128909197323246, -30.248484415930868 ], [ -51.129253554919195, -30.248597703986665 ], [ -51.129698656509952, -30.248933841458406 ], [ -51.129922924330231, -30.248953402514218 ], [ -51.129900080314094, -30.249070267488598 ], [ -51.130068479137812, -30.2491419520174 ], [ -51.130144632300826, -30.249309747854571 ], [ -51.130105354221108, -30.249414051632964 ], [ -51.130323426866489, -30.24935914512568 ], [ -51.130404427008102, -30.249564177005777 ], [ -51.130484871119783, -30.249492861405898 ], [ -51.130686829548907, -30.249623320294788 ], [ -51.130688525121492, -30.249798289341793 ], [ -51.130744301152191, -30.249747853127683 ], [ -51.130850353741934, -30.249789900930331 ], [ -51.130909133961538, -30.249886347361088 ], [ -51.130770977955045, -30.24990371396402 ], [ -51.130840478551292, -30.250039083023147 ], [ -51.130976034178545, -30.250000679087794 ], [ -51.130997846200515, -30.250106862379592 ], [ -51.131062083169418, -30.249969578990502 ], [ -51.131362842738064, -30.250084866170326 ], [ -51.131499119502465, -30.250062987778296 ], [ -51.131717926662454, -30.250675819467801 ], [ -51.131678399620128, -30.250755432512808 ], [ -51.132065329531365, -30.251054313394331 ], [ -51.132071558147196, -30.251186019998919 ], [ -51.132176297259086, -30.251063405285226 ], [ -51.132736751924433, -30.250858979139231 ], [ -51.133153122319776, -30.250561240076067 ], [ -51.132403283814526, -30.251177070378105 ], [ -51.132353009043641, -30.251413133069018 ], [ -51.132410844313618, -30.251458611960281 ], [ -51.132450036739513, -30.251400112865376 ], [ -51.132633173096636, -30.251586314838292 ], [ -51.132880590642031, -30.251565203756211 ], [ -51.132859701758392, -30.2514688334768 ], [ -51.13297128546764, -30.251382498715657 ], [ -51.133248252844261, -30.251419027104429 ], [ -51.133174869618777, -30.251564370891742 ], [ -51.133305008260052, -30.251625604462472 ], [ -51.133326461074581, -30.251835304603475 ], [ -51.133598483233087, -30.252037165734947 ], [ -51.1334441768198, -30.252186832790304 ], [ -51.133409675904034, -30.252421338141346 ], [ -51.133292457206046, -30.252322652980794 ], [ -51.133211800027873, -30.252345604273348 ], [ -51.133311919162708, -30.25251916237287 ], [ -51.133215272493416, -30.252685159241011 ], [ -51.133224485431157, -30.252796491303577 ], [ -51.133321388080994, -30.252646090035924 ], [ -51.133408848350811, -30.252822396909735 ], [ -51.133923796296138, -30.252686088477809 ], [ -51.133707041861719, -30.252909616991129 ], [ -51.133322510578587, -30.252911013826392 ], [ -51.133301893118585, -30.253207059447753 ], [ -51.133524644808809, -30.253315633778296 ], [ -51.133578070721896, -30.253442399323742 ], [ -51.133882077392336, -30.253457304154313 ], [ -51.133841567698518, -30.253738250592225 ], [ -51.13356077499796, -30.253849957085698 ], [ -51.133570322610623, -30.254127641914447 ], [ -51.133722487560966, -30.254338024026303 ], [ -51.133631380393815, -30.254470387294209 ], [ -51.133865389631424, -30.254841817668844 ], [ -51.134249777626081, -30.255220080082875 ], [ -51.134447315515679, -30.25585614049054 ], [ -51.134928015422034, -30.25631333484618 ], [ -51.13525590807221, -30.256497701433975 ], [ -51.135661177778559, -30.256522465357378 ], [ -51.136085269832797, -30.256366954520402 ], [ -51.136264748735911, -30.256399363258872 ], [ -51.136256691670084, -30.256508615694113 ], [ -51.136007470907153, -30.256753604873182 ], [ -51.135434024641413, -30.256770927908313 ], [ -51.135213401526464, -30.257137241210593 ], [ -51.135034230763587, -30.257187254478183 ], [ -51.135275496101109, -30.257264982090533 ], [ -51.135448595779948, -30.257487896340752 ], [ -51.13545190639541, -30.257878638075514 ], [ -51.135679969326347, -30.25811940299641 ], [ -51.135843578036891, -30.258088645196239 ], [ -51.136857323375352, -30.259596354126767 ], [ -51.136983537000802, -30.259948405620538 ], [ -51.136836353198092, -30.260033785014382 ], [ -51.136836962774602, -30.260173659877598 ], [ -51.137131939465299, -30.260391810476985 ], [ -51.137175876829566, -30.260569953471382 ], [ -51.137072495404126, -30.260619401191121 ], [ -51.137047065817328, -30.260730452464951 ], [ -51.136939750320053, -30.260752459694586 ], [ -51.136988510823166, -30.261041111786842 ], [ -51.13670732013064, -30.261119447052955 ], [ -51.136910772253117, -30.26136120329458 ], [ -51.136976419383238, -30.26185957017216 ], [ -51.137442999217399, -30.263001445791502 ], [ -51.13742995116764, -30.263127407002216 ], [ -51.137245159091172, -30.263198309315044 ], [ -51.137232932503608, -30.263267297788552 ], [ -51.13738388118702, -30.263359325378836 ], [ -51.137537322636447, -30.263971447765883 ], [ -51.137806526213375, -30.263832589239744 ], [ -51.137855417621957, -30.263918177323642 ], [ -51.137949445003393, -30.263814235065198 ], [ -51.13800624757824, -30.263864730666473 ], [ -51.13798622614933, -30.26373871766166 ], [ -51.138108430513036, -30.263755792170571 ], [ -51.138049728590694, -30.264196514700838 ], [ -51.137898748275376, -30.264232689688129 ], [ -51.137845077133207, -30.264167693628828 ], [ -51.137589860217815, -30.264167234938359 ], [ -51.13729880335999, -30.264523391385534 ], [ -51.13730067166594, -30.264907933342467 ], [ -51.13739270305755, -30.265014337548966 ], [ -51.13730528081674, -30.265169577520577 ], [ -51.137379401132321, -30.265712087574382 ], [ -51.137278990488092, -30.265936922959661 ], [ -51.137334316762541, -30.266123719058555 ], [ -51.137190317584015, -30.266162777027823 ], [ -51.137271767293548, -30.2661014855478 ], [ -51.137161830129529, -30.266095684081517 ], [ -51.137077684030764, -30.266167744482182 ], [ -51.137094661722394, -30.266332445897884 ], [ -51.136872231266508, -30.26640308396442 ], [ -51.136958292663941, -30.266531459111178 ], [ -51.136818421116317, -30.266911991491956 ], [ -51.136681806177016, -30.266953232305081 ], [ -51.136729496872768, -30.267004347740428 ], [ -51.136596132352857, -30.26701175125736 ], [ -51.136571637305899, -30.267108797678016 ], [ -51.135637051935376, -30.267352436639875 ], [ -51.135239392124767, -30.267557049623655 ], [ -51.135230092421352, -30.267664164297145 ], [ -51.13517408565373, -30.267577652595332 ], [ -51.135011028558921, -30.267603950062981 ], [ -51.134932545283483, -30.267706296435541 ], [ -51.134983584402029, -30.267829249631703 ], [ -51.134712163132789, -30.267669968880721 ], [ -51.134699352047321, -30.26779208308232 ], [ -51.134628506212515, -30.267807325085389 ], [ -51.134606934171138, -30.267692395114587 ], [ -51.134534191802281, -30.267680951376668 ], [ -51.134568064187498, -30.267847842187248 ], [ -51.134416933756327, -30.267927621009289 ], [ -51.134669513177911, -30.267903480200449 ], [ -51.134926781304713, -30.268000068462239 ], [ -51.134941893580773, -30.268116999499696 ], [ -51.134856449993478, -30.268128765669726 ], [ -51.13489729789076, -30.268185084713412 ], [ -51.134794665764851, -30.268258708814333 ], [ -51.134873018442747, -30.268333330972158 ], [ -51.134768141903749, -30.268478074478356 ], [ -51.134854828495207, -30.268541417649125 ], [ -51.134792291937181, -30.268565865791786 ], [ -51.134806176350182, -30.268795032300911 ], [ -51.13461897817416, -30.268755305727844 ], [ -51.134314724103376, -30.268959801780095 ], [ -51.133923467570156, -30.269087384838329 ], [ -51.13373022288004, -30.269221678100937 ], [ -51.133748893593015, -30.269290511052592 ], [ -51.133823791325504, -30.26935783242175 ], [ -51.134415942231477, -30.269249541774375 ], [ -51.134587084515132, -30.269355926188883 ], [ -51.134805039444686, -30.269272716408832 ], [ -51.134896837276081, -30.26914417845364 ], [ -51.135176229133137, -30.269193812504184 ], [ -51.135406220978084, -30.269069174528717 ], [ -51.135457630388174, -30.269122531807923 ], [ -51.135860541901394, -30.269103439837281 ], [ -51.13687998400993, -30.268783248791323 ], [ -51.137865405942229, -30.268612112407521 ], [ -51.137896337025914, -30.268553699907887 ], [ -51.138577633889831, -30.268565174853098 ], [ -51.139601420310136, -30.268117337279897 ], [ -51.140198566905333, -30.267985248422189 ], [ -51.140416208180895, -30.267955107225923 ], [ -51.140538574558086, -30.268056432273809 ], [ -51.140466080729119, -30.267912181229793 ], [ -51.140512568790811, -30.26781546772223 ], [ -51.141628732920395, -30.267176902167144 ], [ -51.141945475198717, -30.266774385497779 ], [ -51.142029123480171, -30.266250284321469 ], [ -51.142218087385238, -30.265933706434744 ], [ -51.142845116594096, -30.265499016267718 ], [ -51.143138593746379, -30.265442719885783 ], [ -51.143338147446983, -30.265300922253257 ], [ -51.143883055957787, -30.265124197088994 ], [ -51.144891269151714, -30.265080940067417 ], [ -51.145204044451027, -30.264980614891012 ], [ -51.145240648227265, -30.265038015205377 ], [ -51.145306125675518, -30.264949788101166 ], [ -51.145640288055624, -30.264934888228129 ], [ -51.146428089575416, -30.264581662495612 ], [ -51.146676311119755, -30.264586596870878 ], [ -51.146825281477923, -30.264469011519786 ], [ -51.147438063289968, -30.2642807689741 ], [ -51.147884187607445, -30.264282291114476 ], [ -51.149037604639567, -30.263857633740326 ], [ -51.149536278515171, -30.263846886383991 ], [ -51.149718137357006, -30.263724428713147 ], [ -51.1496333956391, -30.263582693592426 ], [ -51.149681091501115, -30.263474241324456 ], [ -51.14994350106948, -30.263370897155923 ], [ -51.150052317984304, -30.263400079777149 ], [ -51.15048323090145, -30.263235907131783 ], [ -51.150678538527309, -30.263302004335419 ], [ -51.151416824031308, -30.263175273031635 ], [ -51.152052788103845, -30.263217444838045 ], [ -51.152264160585126, -30.263302590715512 ], [ -51.152342182368209, -30.263192557881425 ], [ -51.152961205151428, -30.263166926694229 ], [ -51.154266476010143, -30.262557330501611 ], [ -51.155003860417565, -30.262399974721649 ], [ -51.155389247974121, -30.262413031006382 ], [ -51.155526661737916, -30.262509829263717 ], [ -51.155746306097519, -30.262429498089123 ], [ -51.156239883716403, -30.262462425598656 ], [ -51.15674744099497, -30.262326850077205 ], [ -51.156959790444944, -30.262365677807438 ], [ -51.157449224446175, -30.262196344294306 ], [ -51.1575684306721, -30.26223978068548 ], [ -51.157973412765152, -30.262149853802899 ], [ -51.158665108776191, -30.261881988734526 ], [ -51.158984012511048, -30.261915719982834 ], [ -51.159103356178647, -30.262014555247713 ], [ -51.159404801465371, -30.261903477136144 ], [ -51.159605387967034, -30.261918024038774 ], [ -51.159703539470847, -30.261839529213574 ], [ -51.159630633979162, -30.26174561189907 ], [ -51.159258576956525, -30.261712080373638 ], [ -51.159233487017886, -30.261590026948785 ], [ -51.159412266505036, -30.261586772209853 ], [ -51.159455788700832, -30.261482736171519 ], [ -51.159208396495266, -30.261557113967154 ], [ -51.158986434356784, -30.261449702962803 ], [ -51.158900017145314, -30.261505169488078 ], [ -51.158855198823254, -30.261444113330757 ], [ -51.158968177553461, -30.261358156307434 ], [ -51.158833674291408, -30.261314002746687 ], [ -51.15879942753881, -30.2612265546028 ], [ -51.158398530723844, -30.261207690725033 ], [ -51.15833689804824, -30.261139329936686 ], [ -51.157171682163145, -30.261095121300343 ], [ -51.15722544737536, -30.260908268453207 ], [ -51.156948503470211, -30.260862998418155 ], [ -51.157228363051331, -30.260782914616062 ], [ -51.156952154470716, -30.260009217276952 ], [ -51.157346782521699, -30.260044566679291 ], [ -51.157508054685707, -30.260343274589921 ], [ -51.157522128308457, -30.260117659693037 ], [ -51.157322053551411, -30.259964681351686 ], [ -51.15684306830881, -30.259880793454666 ], [ -51.156721849986084, -30.259683979395799 ], [ -51.156579017459336, -30.259620352422626 ], [ -51.156646745533287, -30.259391400736966 ], [ -51.156452372911673, -30.258993027557434 ], [ -51.156347600734328, -30.258610612958062 ], [ -51.15639403213207, -30.258523500805371 ], [ -51.15628246546018, -30.258455190509761 ], [ -51.156119224595002, -30.258097258095443 ], [ -51.15598014784689, -30.257430490998903 ], [ -51.155861456788372, -30.257355142763789 ], [ -51.155752804257148, -30.25738945405535 ], [ -51.15573974148365, -30.257143071630267 ], [ -51.155615667514738, -30.257183188809773 ], [ -51.155593772748055, -30.256781914699818 ], [ -51.155399326242765, -30.256525337691755 ], [ -51.155252154810924, -30.256458504819005 ], [ -51.155372444400541, -30.256353531095147 ], [ -51.155367955588694, -30.256193827131689 ], [ -51.155081482944219, -30.256029008834595 ], [ -51.155093432957358, -30.255926080479043 ], [ -51.155313752224707, -30.255742222469962 ], [ -51.155237373170237, -30.255554309449035 ], [ -51.15529357347971, -30.255230604339257 ], [ -51.154917874228076, -30.255110836037019 ], [ -51.154768875040858, -30.254833005661808 ], [ -51.154962778225304, -30.254734717117664 ], [ -51.154785179024415, -30.254710871654208 ], [ -51.15493673790516, -30.25467391245818 ], [ -51.154887854732593, -30.254382829631563 ], [ -51.155085593271735, -30.254404311151525 ], [ -51.1551463798897, -30.254308693028545 ], [ -51.15511722465974, -30.254241433283276 ], [ -51.15493435131841, -30.254333716577523 ], [ -51.155021099939468, -30.254143798084158 ], [ -51.154887053738371, -30.253983549108312 ], [ -51.15499082493232, -30.253850979319996 ], [ -51.154729705085749, -30.253692308441732 ], [ -51.154857837043139, -30.253573534169483 ], [ -51.154713835155334, -30.253346750299986 ], [ -51.154874790576237, -30.253171498437627 ], [ -51.15463839311068, -30.25306986205635 ], [ -51.154632438433573, -30.25300564724273 ], [ -51.154475460519414, -30.252987060415016 ], [ -51.154435315392661, -30.25279522701549 ], [ -51.154835599778345, -30.252522021373423 ], [ -51.154779405168128, -30.252343651462052 ], [ -51.154653591304701, -30.252347346089124 ], [ -51.154589990826011, -30.252229429725162 ], [ -51.154743121525499, -30.252140976127418 ], [ -51.154659806820845, -30.251904165214789 ], [ -51.154679632379832, -30.251775754025349 ], [ -51.154753862986823, -30.251768883701619 ], [ -51.154691767792983, -30.251538532695566 ], [ -51.15477513177742, -30.251504679729077 ], [ -51.154667015824991, -30.251426622449408 ], [ -51.154558354207182, -30.251056955859887 ], [ -51.154668616031856, -30.251086397329892 ], [ -51.154499287505978, -30.250671099885984 ], [ -51.154581424302698, -30.250437187726494 ], [ -51.154507479556216, -30.250307385206455 ], [ -51.154395799907242, -30.250221169971702 ], [ -51.154285630924932, -30.25023917064977 ], [ -51.154261486369201, -30.25016372571077 ], [ -51.154571389476672, -30.250106784476824 ], [ -51.154537124437716, -30.250023972607277 ], [ -51.154386569657277, -30.24998960179828 ], [ -51.154572269330394, -30.249957974592622 ], [ -51.154544699693645, -30.249783436994086 ], [ -51.154483823597474, -30.249791247643127 ], [ -51.15461311712545, -30.249640955705871 ], [ -51.154639934968365, -30.249332746719503 ], [ -51.154451684529882, -30.24920155813599 ], [ -51.154748378254382, -30.249241921970924 ], [ -51.154885502791387, -30.249122737365042 ], [ -51.155097762827715, -30.248821550692938 ], [ -51.154895724714599, -30.248812745590946 ], [ -51.154869082463804, -30.248697693860645 ], [ -51.155004283836, -30.248653254110238 ], [ -51.155041559541175, -30.248557184777226 ], [ -51.15473679540753, -30.248492814450049 ], [ -51.154435864519755, -30.248597133881756 ], [ -51.154264307981919, -30.248544679546502 ], [ -51.154142211459202, -30.248374716535093 ], [ -51.153795603767662, -30.248498891351566 ], [ -51.153400961851098, -30.2485270998862 ], [ -51.15337070688085, -30.248613537267069 ], [ -51.153044340682285, -30.248582220246192 ], [ -51.153015964289402, -30.248729904921706 ], [ -51.152968181241071, -30.248502845049053 ], [ -51.152738177927411, -30.248419599874772 ], [ -51.152633286908362, -30.248506919709111 ], [ -51.152450881895142, -30.248393794363672 ], [ -51.152144788602342, -30.247748567437014 ], [ -51.1520806418905, -30.247296370677805 ], [ -51.151973864239764, -30.247215321001558 ], [ -51.15190349005028, -30.246971963945175 ], [ -51.151802825223562, -30.246958426908275 ], [ -51.151881102374468, -30.246800860176911 ], [ -51.151719633056366, -30.246739803092069 ], [ -51.151920457980317, -30.246579552324445 ], [ -51.151830326409822, -30.246399441434999 ], [ -51.151820210157993, -30.245879338999622 ], [ -51.151552202428306, -30.245830594774151 ], [ -51.151487185527131, -30.245687004613398 ], [ -51.151835547192739, -30.245580284364397 ], [ -51.151974219738463, -30.245127835048159 ], [ -51.15195832600083, -30.244927016762922 ], [ -51.151851448370941, -30.244810289321347 ], [ -51.151975986309715, -30.244748581388258 ], [ -51.152198813952864, -30.244275211666661 ], [ -51.152445755448426, -30.244109757453526 ], [ -51.152540776374934, -30.243620466292995 ], [ -51.152723477968479, -30.243480197231893 ], [ -51.152560177900646, -30.243208053581579 ], [ -51.152689275704631, -30.242893807969008 ], [ -51.152537252640968, -30.242753608577342 ], [ -51.152555217132154, -30.242682220420285 ], [ -51.152774070448928, -30.242765552088951 ], [ -51.153109377099135, -30.242262561736059 ], [ -51.153474944825852, -30.242058414213385 ], [ -51.15404719061943, -30.241324313925336 ], [ -51.154197306544447, -30.241332353397073 ], [ -51.154268370025264, -30.241423340909293 ], [ -51.15436450146985, -30.241312336246605 ], [ -51.154696747959598, -30.241184189656618 ], [ -51.154741912634478, -30.241029545008242 ], [ -51.154631072106547, -30.240937843350363 ], [ -51.154747477684005, -30.240839528244898 ], [ -51.154710788771787, -30.24092850393318 ], [ -51.154871067099279, -30.240911396262387 ], [ -51.154792941039702, -30.2407509905082 ], [ -51.154938929453976, -30.240827889002446 ], [ -51.155062775316225, -30.24077580943003 ], [ -51.155125921842988, -30.240661310727575 ], [ -51.155463163740841, -30.240487789374921 ], [ -51.155392728210394, -30.240446217143958 ], [ -51.155439543057703, -30.240355418793431 ], [ -51.15581678952276, -30.240282696872054 ], [ -51.156065205429009, -30.240080808435462 ], [ -51.156305994007077, -30.240105724344964 ], [ -51.156520197267014, -30.239965255398499 ], [ -51.156646821146673, -30.239970023966787 ], [ -51.156749867604617, -30.239811779594337 ], [ -51.15690890357947, -30.239878577858807 ], [ -51.156863342611302, -30.239758959299177 ], [ -51.157195041037411, -30.239661255489796 ], [ -51.157315562219779, -30.239418320509284 ], [ -51.157445044223046, -30.239432661251779 ], [ -51.157386791917865, -30.239557928628528 ], [ -51.157494490577015, -30.239585698440866 ], [ -51.157643624963221, -30.239459969898878 ], [ -51.157758312062647, -30.239540855792551 ], [ -51.157814659838188, -30.239436584420456 ], [ -51.1581259092683, -30.239376560696609 ], [ -51.158167521611553, -30.239321646574499 ], [ -51.15803335529629, -30.239322331661096 ], [ -51.158546671471179, -30.23914007433827 ], [ -51.158504660627408, -30.238993073316138 ], [ -51.158582973924602, -30.238907415410033 ], [ -51.158819595139626, -30.238891558187351 ], [ -51.158803936020611, -30.239029511794879 ], [ -51.159016250681191, -30.239119977290439 ], [ -51.15924553157118, -30.239000511933014 ], [ -51.159223458665679, -30.239086211053486 ], [ -51.15932436395024, -30.239189423222946 ], [ -51.15928774960998, -30.239026623353947 ], [ -51.159420164627996, -30.238945922797047 ], [ -51.15942422524666, -30.239078861328228 ], [ -51.159638241635555, -30.239145753556148 ], [ -51.159762682336485, -30.238960045182985 ], [ -51.15997294937052, -30.23902445352789 ], [ -51.160128227068938, -30.238974381191404 ], [ -51.160092590088816, -30.238773082707503 ], [ -51.160200875039465, -30.238925409215948 ], [ -51.160502560225908, -30.238965766676689 ], [ -51.160664385193897, -30.238753673909514 ], [ -51.16078818103918, -30.238831343638282 ], [ -51.160884879981893, -30.238717610125168 ], [ -51.160989820681792, -30.238753854500054 ], [ -51.161132222302911, -30.238621069754799 ], [ -51.161681397454508, -30.238429874270995 ], [ -51.162503636453856, -30.238012464282733 ], [ -51.162723126376598, -30.238060925326156 ], [ -51.162919789465072, -30.237898897387197 ], [ -51.162675572690844, -30.237895164945659 ], [ -51.162665537471995, -30.237826138370075 ], [ -51.162381994430483, -30.237846601710061 ], [ -51.162595475570932, -30.237634154750801 ], [ -51.162587406389505, -30.237493377772562 ], [ -51.16277174382094, -30.237343794060028 ], [ -51.162801059783099, -30.237398165100686 ], [ -51.163076539035892, -30.237410102427248 ], [ -51.163254453842342, -30.23722702584859 ], [ -51.16330656824961, -30.237258498184968 ], [ -51.163510677636651, -30.23712154663723 ], [ -51.163764957762702, -30.237151208489237 ], [ -51.163886126243021, -30.237080213818711 ], [ -51.163989330669104, -30.23724248168724 ], [ -51.163900627266038, -30.236871738081962 ], [ -51.163943951177373, -30.236695117168207 ], [ -51.164031100384001, -30.236724847684798 ], [ -51.164028851661342, -30.236934128084993 ], [ -51.164241329187568, -30.237436109346355 ], [ -51.164307353994282, -30.237376452056495 ], [ -51.164232732115536, -30.237316027523889 ], [ -51.164213035915971, -30.237003089787393 ], [ -51.164338172629023, -30.236914699616118 ], [ -51.164265479198782, -30.236927334050861 ], [ -51.16426055357762, -30.236851601508761 ], [ -51.164453486176562, -30.236912324124862 ], [ -51.164523538264248, -30.236842037085143 ], [ -51.164621034371649, -30.236860061582348 ], [ -51.164744271283631, -30.23721951246614 ], [ -51.164921472648508, -30.237237185727725 ], [ -51.165050361549021, -30.237071702850084 ], [ -51.164946592578971, -30.236987894983894 ], [ -51.164972173968785, -30.23690490299299 ], [ -51.165263549613307, -30.237000876022336 ], [ -51.165190625671578, -30.236881210942023 ], [ -51.165262597385059, -30.236803647696188 ], [ -51.165144516955166, -30.23674484627885 ], [ -51.16538940693242, -30.236502622027071 ], [ -51.166010819108429, -30.236610160428018 ], [ -51.166021860434562, -30.236896371505484 ], [ -51.166230360978339, -30.236866304574814 ], [ -51.166318572363075, -30.236932818640778 ], [ -51.166362126247506, -30.236787354151762 ], [ -51.166474294083351, -30.236717318396479 ], [ -51.166387364610415, -30.236643300287373 ], [ -51.166492344050944, -30.236635458754165 ], [ -51.166644819531442, -30.23679263648728 ], [ -51.166678569250834, -30.236707147670675 ], [ -51.166793302419848, -30.236715629077956 ], [ -51.166808907436248, -30.236565371228451 ], [ -51.16687336941159, -30.23654983127761 ], [ -51.166958056258181, -30.236639255672507 ], [ -51.166854859148565, -30.236654830561033 ], [ -51.167037012425297, -30.236709459690726 ], [ -51.166936454225493, -30.237078044704312 ], [ -51.166976258371427, -30.237200247942397 ], [ -51.167145171123877, -30.237207112035257 ], [ -51.167097944117714, -30.235957349514983 ], [ -51.165890304125725, -30.229378489767445 ], [ -51.162439749972663, -30.225137460295894 ], [ -51.160861547624492, -30.223676950514808 ], [ -51.159550412868576, -30.221542504594765 ], [ -51.156818381382884, -30.219283030041876 ], [ -51.153168776114498, -30.21317507903003 ], [ -51.151611722061944, -30.212829347935266 ], [ -51.149873176761353, -30.211628498196447 ], [ -51.148759585873307, -30.211071444017641 ], [ -51.147296354385368, -30.210623285003365 ], [ -51.146025611783195, -30.210462399938006 ], [ -51.145758589094342, -30.209733015504042 ], [ -51.143885303867485, -30.205661208286315 ], [ -51.143946373631884, -30.20449993075907 ], [ -51.135930178374259, -30.205702345638709 ], [ -51.126864373368115, -30.198781755579464 ], [ -51.126039746270045, -30.199472669702406 ], [ -51.124169611950556, -30.200088691932919 ], [ -51.120556117907988, -30.202088094577647 ], [ -51.11885529408184, -30.202676750708395 ], [ -51.116676073697143, -30.20367389053456 ], [ -51.116426137205359, -30.203717570195021 ], [ -51.116408822581981, -30.203955912157461 ] ] ] ] } },
{ "type": "Feature", "properties": { "bairro_oficial": "BOM FIM" }, "geometry": { "type": "Polygon", "coordinates": [ [ [ -51.208322849956062, -30.036947196047009 ], [ -51.209292191159264, -30.036667983153613 ], [ -51.215373316804303, -30.0335143831803 ], [ -51.220523354595286, -30.032333160202693 ], [ -51.219438043495686, -30.030563441313053 ], [ -51.21079655312419, -30.030235993464444 ], [ -51.208475359349968, -30.030219831251912 ], [ -51.208322849956062, -30.036947196047009 ] ] ] } },
{ "type": "Feature", "properties": { "bairro_oficial": "BOM JESUS" }, "geometry": { "type": "Polygon", "coordinates": [ [ [ -51.169877600876696, -30.041019684689395 ], [ -51.16321758169466, -30.039978560124055 ], [ -51.162442207753372, -30.039946651966666 ], [ -51.16174726415408, -30.04004590274489 ], [ -51.158500740949513, -30.040942527631191 ], [ -51.153056499534678, -30.041644115681844 ], [ -51.15109946319658, -30.041514584506185 ], [ -51.14994788263872, -30.041690260521992 ], [ -51.15046523351451, -30.044500769539908 ], [ -51.150150023800698, -30.048032903307242 ], [ -51.150081000684985, -30.048181791015377 ], [ -51.150169932597699, -30.048415723993223 ], [ -51.150098288505795, -30.050282814022498 ], [ -51.149948155443845, -30.050217938730079 ], [ -51.149545707473322, -30.051275889937259 ], [ -51.14969866101216, -30.051313649969195 ], [ -51.150865741380478, -30.051178854880678 ], [ -51.153091074522976, -30.051314798389299 ], [ -51.153732765217839, -30.051616053548962 ], [ -51.153785147944873, -30.0507877274915 ], [ -51.159243095959368, -30.050930954040467 ], [ -51.159480625945257, -30.051122538405629 ], [ -51.159566537189548, -30.051316452461421 ], [ -51.159565942411099, -30.05211748986299 ], [ -51.164504416450818, -30.0521130093042 ], [ -51.165004539549606, -30.051182533258494 ], [ -51.165013414148461, -30.050854372170825 ], [ -51.164871919742765, -30.050394474454659 ], [ -51.164774622546453, -30.050236807197589 ], [ -51.164637049320255, -30.050204838709782 ], [ -51.16512686353196, -30.048985347814654 ], [ -51.16435881306549, -30.04873983555964 ], [ -51.164894143453495, -30.047428556022798 ], [ -51.166382776154435, -30.047908535997092 ], [ -51.166056021873338, -30.046475312340299 ], [ -51.17230277257125, -30.046032577228093 ], [ -51.171706700628128, -30.039720387505312 ], [ -51.171346101511865, -30.039942689688807 ], [ -51.170319546289434, -30.040888157601156 ], [ -51.169877600876696, -30.041019684689395 ] ] ] } },
{ "type": "Feature", "properties": { "bairro_oficial": "CAMAQUÃ" }, "geometry": { "type": "Polygon", "coordinates": [ [ [ -51.234751978497428, -30.113683718061399 ], [ -51.241342347283968, -30.116142770841794 ], [ -51.24219351817348, -30.114202277548021 ], [ -51.243452129615953, -30.111691194632648 ], [ -51.244351431195604, -30.10967998187742 ], [ -51.244250491608298, -30.109640106176965 ], [ -51.247088559735261, -30.103448774185647 ], [ -51.244642379997408, -30.102845115726424 ], [ -51.24493544383521, -30.101948222340287 ], [ -51.244817414486974, -30.101562009206312 ], [ -51.245076407327026, -30.100421426891451 ], [ -51.235868443387027, -30.098132713534827 ], [ -51.234806622556029, -30.100820159491711 ], [ -51.232702986488995, -30.105493573903161 ], [ -51.23361122641321, -30.105825186403166 ], [ -51.231452073278732, -30.110303197236266 ], [ -51.231584032350781, -30.11043143070313 ], [ -51.232848715884558, -30.110963582504922 ], [ -51.232635779733364, -30.111473296265814 ], [ -51.231966501190087, -30.111233262141283 ], [ -51.231398442898985, -30.112299324011097 ], [ -51.234751978497428, -30.113683718061399 ] ] ] } },
{ "type": "Feature", "properties": { "bairro_oficial": "CAMPO NOVO" }, "geometry": { "type": "Polygon", "coordinates": [ [ [ -51.186708134572676, -30.135794733861339 ], [ -51.191437619506075, -30.145534407165712 ], [ -51.203975342911519, -30.147293841120359 ], [ -51.204206898374828, -30.147238490212839 ], [ -51.204443146061649, -30.147521358932391 ], [ -51.204410235353706, -30.147748322465105 ], [ -51.204534397457387, -30.147777665008981 ], [ -51.205068855373092, -30.14761400454136 ], [ -51.207564700961179, -30.147474851590399 ], [ -51.209425866599297, -30.146976724919718 ], [ -51.209519738225765, -30.146791706162688 ], [ -51.209231970128208, -30.146081087690927 ], [ -51.208121774177684, -30.145055169554258 ], [ -51.207867839516759, -30.144248817609878 ], [ -51.207751408023753, -30.144114364401879 ], [ -51.207432448803516, -30.14393141600376 ], [ -51.206112235656462, -30.143950831682126 ], [ -51.206151761938933, -30.14379516769927 ], [ -51.206362659649557, -30.143572221459049 ], [ -51.207459517702056, -30.143194164801354 ], [ -51.208003565650557, -30.143084543491895 ], [ -51.208416367442538, -30.142855295787164 ], [ -51.209289703446252, -30.142562431056579 ], [ -51.206744428660244, -30.136072361961794 ], [ -51.207296349011351, -30.134680052038227 ], [ -51.21086912833443, -30.134562770530604 ], [ -51.212773256113607, -30.134982491446504 ], [ -51.213140522177817, -30.135374827758611 ], [ -51.213130774589445, -30.134124091983601 ], [ -51.213383859719613, -30.132602802974574 ], [ -51.213313247140363, -30.131939336192591 ], [ -51.213069270835959, -30.131611574219651 ], [ -51.212203980341492, -30.13102280446731 ], [ -51.212052896403719, -30.130839669389761 ], [ -51.211756866571193, -30.130651353652123 ], [ -51.211169100978438, -30.130462697551923 ], [ -51.210764152932072, -30.130564019782419 ], [ -51.210480827022415, -30.130517729165817 ], [ -51.210079783099815, -30.130312183934706 ], [ -51.209830203878006, -30.130489785602652 ], [ -51.209048473347252, -30.130591883607917 ], [ -51.208876485531142, -30.13049050239373 ], [ -51.208147072214608, -30.130521168709414 ], [ -51.208044104005644, -30.13047179666782 ], [ -51.206792045370676, -30.130941171960853 ], [ -51.206415568572623, -30.130715707545086 ], [ -51.206472848602722, -30.130570939494625 ], [ -51.206112721616776, -30.130337775357038 ], [ -51.203100536382145, -30.129389327893474 ], [ -51.202439770621879, -30.128627674020667 ], [ -51.202202045809962, -30.128516140358165 ], [ -51.201833049403042, -30.128466860658534 ], [ -51.201961727237943, -30.127437445135836 ], [ -51.200141320244398, -30.127666865572611 ], [ -51.199572035303397, -30.127815283212264 ], [ -51.196326614261267, -30.130011732275015 ], [ -51.19065974831878, -30.132049204484776 ], [ -51.189782203232447, -30.132430328895225 ], [ -51.189013473339955, -30.133031471483577 ], [ -51.188588787868127, -30.133793780991443 ], [ -51.187166851960605, -30.135032088918095 ], [ -51.186708134572676, -30.135794733861339 ] ] ] } },
{ "type": "Feature", "properties": { "bairro_oficial": "CASCATA" }, "geometry": { "type": "Polygon", "coordinates": [ [ [ -51.163407280031855, -30.087532712676992 ], [ -51.152263059676692, -30.092675434502773 ], [ -51.152441284868978, -30.093171297230917 ], [ -51.152211223456376, -30.095079441173951 ], [ -51.153625510185392, -30.096380109060842 ], [ -51.153844312583246, -30.09677627549609 ], [ -51.153688194126765, -30.098033684252695 ], [ -51.15350087499997, -30.098734811415056 ], [ -51.153793042644921, -30.09952444747616 ], [ -51.153838977148425, -30.100453671030298 ], [ -51.153975322957479, -30.100806991349696 ], [ -51.154748291462759, -30.100739230303155 ], [ -51.157489008467067, -30.100924170252853 ], [ -51.158888958449353, -30.101158714785267 ], [ -51.160796310602713, -30.100952450076274 ], [ -51.162031722839501, -30.101054464181683 ], [ -51.163991553825994, -30.101018384719847 ], [ -51.164549056830282, -30.101231131839665 ], [ -51.164906546489298, -30.101568498758855 ], [ -51.165116684935036, -30.101653623858965 ], [ -51.166066099155465, -30.101372344943691 ], [ -51.166887115580316, -30.101651189422647 ], [ -51.168278507728381, -30.101499536271145 ], [ -51.16900337827861, -30.101164655319941 ], [ -51.169539572731068, -30.100734944627952 ], [ -51.170219880427723, -30.100622208714221 ], [ -51.17107436283581, -30.099474576442482 ], [ -51.172188314535283, -30.100045604079096 ], [ -51.172409765967892, -30.100082675491315 ], [ -51.172624337997895, -30.099956673243017 ], [ -51.172984426677509, -30.099271230939028 ], [ -51.173211197828792, -30.099028081726729 ], [ -51.175655649002607, -30.097813796521717 ], [ -51.175994161262295, -30.097754204394164 ], [ -51.17654594485029, -30.09798742727402 ], [ -51.176911665989245, -30.097970891721442 ], [ -51.177840477739565, -30.097242975392838 ], [ -51.177982149547638, -30.096961555487628 ], [ -51.178000140915906, -30.096681446871131 ], [ -51.180006648440781, -30.097543847503346 ], [ -51.180945214218212, -30.097718134646342 ], [ -51.183436487087384, -30.098972824460208 ], [ -51.184201279066897, -30.099131842782104 ], [ -51.18514195142005, -30.099912923760016 ], [ -51.186530081088392, -30.100892411891468 ], [ -51.186856715577257, -30.1015390454853 ], [ -51.186993645580927, -30.101641911550793 ], [ -51.18756359847562, -30.101680260590459 ], [ -51.190273398690543, -30.101470080084308 ], [ -51.190732150350158, -30.101490841319503 ], [ -51.192884409390892, -30.094238092049114 ], [ -51.184958245429833, -30.088610905391775 ], [ -51.184531025816796, -30.087679767691604 ], [ -51.185529580582262, -30.087337434861013 ], [ -51.185941075615254, -30.085004230646028 ], [ -51.182724829969359, -30.079555056415263 ], [ -51.169714486650051, -30.088085340478866 ], [ -51.163407280031855, -30.087532712676992 ] ] ] } },
{ "type": "Feature", "properties": { "bairro_oficial": "CAVALHADA" }, "geometry": { "type": "Polygon", "coordinates": [ [ [ -51.235263679201644, -30.092239486112259 ], [ -51.225875695855116, -30.095072179233522 ], [ -51.225497253861313, -30.095450363881977 ], [ -51.224723507225704, -30.096827710912414 ], [ -51.224642463947589, -30.097217458515885 ], [ -51.224710784402149, -30.09763734293325 ], [ -51.225444698480409, -30.098774937122801 ], [ -51.225250207097211, -30.099977281508284 ], [ -51.224782842940606, -30.100793339748847 ], [ -51.223812151053728, -30.101587863913256 ], [ -51.223560510716005, -30.101994235183529 ], [ -51.222089366754602, -30.107300043795114 ], [ -51.220526033860928, -30.108626264628082 ], [ -51.219022471936348, -30.11042911151754 ], [ -51.219224299643258, -30.110458634807088 ], [ -51.219560890467591, -30.110324557593881 ], [ -51.220246264021085, -30.109762694254353 ], [ -51.221615812801787, -30.10990930460358 ], [ -51.22444937495905, -30.109337656202985 ], [ -51.224730977430525, -30.109370707105331 ], [ -51.225390622323211, -30.110076043867455 ], [ -51.226685378333151, -30.110578496072659 ], [ -51.226922434445413, -30.110595009914764 ], [ -51.226327709990727, -30.113949491625462 ], [ -51.224697394484807, -30.116777744464343 ], [ -51.22448285130406, -30.11746984277401 ], [ -51.224125491363807, -30.119987782201463 ], [ -51.224032283900804, -30.120197000250755 ], [ -51.221184366653809, -30.123036663175082 ], [ -51.220207279990163, -30.125033510728425 ], [ -51.220078321080337, -30.125688508238213 ], [ -51.220017910469487, -30.126878608839867 ], [ -51.217777082367022, -30.12680857706691 ], [ -51.216014199671385, -30.127059410284392 ], [ -51.213290417692882, -30.126660791515135 ], [ -51.213115401145551, -30.129310614306355 ], [ -51.212701072002403, -30.130379559738266 ], [ -51.212203980341492, -30.13102280446731 ], [ -51.212816503558216, -30.131408420886437 ], [ -51.213283631484167, -30.131875071168803 ], [ -51.21402620319364, -30.1319349727335 ], [ -51.216576543425894, -30.131935110164129 ], [ -51.218080917148207, -30.132199179518594 ], [ -51.218018180480271, -30.131703877631768 ], [ -51.22330293045006, -30.131183545302537 ], [ -51.223345587299626, -30.130146607446012 ], [ -51.223548846040771, -30.129048599288367 ], [ -51.222913621033271, -30.127509576204744 ], [ -51.222586522870422, -30.125958724607973 ], [ -51.223660072990171, -30.124259580836274 ], [ -51.223978121420394, -30.124010695030254 ], [ -51.224171330783122, -30.124137990428718 ], [ -51.225763358278947, -30.124538919684976 ], [ -51.226940033298185, -30.12506051522903 ], [ -51.228834220236337, -30.126227267884154 ], [ -51.229084472044157, -30.126319982534035 ], [ -51.229263015206072, -30.126295677330749 ], [ -51.229436441396125, -30.126165527621335 ], [ -51.229603266413804, -30.125852065067928 ], [ -51.231073070375722, -30.121658164147703 ], [ -51.23153591102345, -30.121173570225814 ], [ -51.232251091667649, -30.120651927494229 ], [ -51.232680426412237, -30.120067957396266 ], [ -51.232927491168645, -30.119188835971674 ], [ -51.232948920171559, -30.118523506990666 ], [ -51.232825689877352, -30.117976839380741 ], [ -51.232299737527775, -30.117062482975594 ], [ -51.232227393924717, -30.116651514594007 ], [ -51.232301203364351, -30.116350642496851 ], [ -51.232529903977891, -30.11593230276144 ], [ -51.232767070588423, -30.115689606110653 ], [ -51.233534436239935, -30.115213942133998 ], [ -51.234115428754279, -30.114720658096417 ], [ -51.234751978497428, -30.113683718061399 ], [ -51.231398442898985, -30.112299324011097 ], [ -51.231966501190087, -30.111233262141283 ], [ -51.232635779733364, -30.111473296265814 ], [ -51.232848715884558, -30.110963582504922 ], [ -51.231584032350781, -30.11043143070313 ], [ -51.231452073278732, -30.110303197236266 ], [ -51.23361122641321, -30.105825186403166 ], [ -51.232702986488995, -30.105493573903161 ], [ -51.234806622556029, -30.100820159491711 ], [ -51.235868443387027, -30.098132713534827 ], [ -51.236601955548721, -30.098306393369658 ], [ -51.237680380235751, -30.095075719966225 ], [ -51.237589847859844, -30.094832391276395 ], [ -51.237275463409546, -30.094685200974411 ], [ -51.237241558415796, -30.094521166114912 ], [ -51.236739977445872, -30.094638643020147 ], [ -51.236616425338447, -30.094536936853675 ], [ -51.235263679201644, -30.092239486112259 ] ] ] } },
{ "type": "Feature", "properties": { "bairro_oficial": "CEL. APARICIO BORGES" }, "geometry": { "type": "Polygon", "coordinates": [ [ [ -51.179532009296395, -30.071446305576586 ], [ -51.1769106007049, -30.073001061559378 ], [ -51.176070949008583, -30.073592165380202 ], [ -51.175270385567238, -30.073982746037757 ], [ -51.174771575136297, -30.074440133172615 ], [ -51.174462616755221, -30.074034034603599 ], [ -51.174259650754614, -30.074368862795247 ], [ -51.174212319793114, -30.074664481635981 ], [ -51.174236460147021, -30.074982718614134 ], [ -51.174543198200702, -30.075376019910969 ], [ -51.174475097402372, -30.075560428492583 ], [ -51.173940275733962, -30.075733700267211 ], [ -51.172326998209698, -30.075526041719634 ], [ -51.172051866163827, -30.075543003312237 ], [ -51.171861007297984, -30.075656737077406 ], [ -51.171366222937117, -30.076303008576598 ], [ -51.170783370279949, -30.077325632644705 ], [ -51.170792730629017, -30.077527565499715 ], [ -51.17107211113462, -30.078208374510613 ], [ -51.170814468393679, -30.078170305711744 ], [ -51.170388421070086, -30.077767497286391 ], [ -51.170016890529517, -30.077555697169533 ], [ -51.169370463048182, -30.077788582204192 ], [ -51.169194408444483, -30.077723713974727 ], [ -51.169293269158665, -30.07761244083801 ], [ -51.169158369634111, -30.077511988849889 ], [ -51.168564936757157, -30.077467205458358 ], [ -51.168245038383553, -30.077744175053851 ], [ -51.168098647215466, -30.077980518296304 ], [ -51.167562520853416, -30.078090686107206 ], [ -51.167236917132385, -30.077905835429235 ], [ -51.166612460459952, -30.077858103086378 ], [ -51.165744232812571, -30.078445821210366 ], [ -51.165400405214513, -30.078880855131377 ], [ -51.165346932199981, -30.079272458246464 ], [ -51.165000140237247, -30.079519063162195 ], [ -51.164969435898847, -30.079903040992246 ], [ -51.164686849671725, -30.08039179864878 ], [ -51.164397189970252, -30.080691310194762 ], [ -51.164037263530105, -30.080801123153336 ], [ -51.16384925445719, -30.081204986833729 ], [ -51.163880166751881, -30.081602484724655 ], [ -51.163769131642681, -30.081904356503117 ], [ -51.163759719029137, -30.082302699361222 ], [ -51.163613441343571, -30.082528403492848 ], [ -51.163804758839667, -30.083006603809977 ], [ -51.163832255989654, -30.08374221238218 ], [ -51.16376401203852, -30.083906859625433 ], [ -51.163916401481295, -30.084355754122999 ], [ -51.163658513613449, -30.085021077245191 ], [ -51.163407280031855, -30.087532712676992 ], [ -51.169714486650051, -30.088085340478866 ], [ -51.182724829969359, -30.079555056415263 ], [ -51.185796291677399, -30.075669234717878 ], [ -51.186183710991592, -30.074273085393937 ], [ -51.186952052467397, -30.07442298169212 ], [ -51.187224064808404, -30.073451707172122 ], [ -51.191462726195624, -30.074251855873566 ], [ -51.191610200065462, -30.074188710168301 ], [ -51.193003697774678, -30.072147237377713 ], [ -51.190425084086876, -30.071579396066241 ], [ -51.190084489958473, -30.071374939912296 ], [ -51.189203737786841, -30.070416336290712 ], [ -51.187061936849886, -30.067278093265038 ], [ -51.186268888064596, -30.064445761658035 ], [ -51.179911508383192, -30.067148926272846 ], [ -51.180346780333011, -30.06841400259076 ], [ -51.179079516882545, -30.068989641879224 ], [ -51.179294439886441, -30.069299234105682 ], [ -51.18022795108616, -30.070133436373879 ], [ -51.180882532433856, -30.070549757070907 ], [ -51.179532009296395, -30.071446305576586 ] ] ] } },
{ "type": "Feature", "properties": { "bairro_oficial": "CENTRO HISTÓRICO" }, "geometry": { "type": "Polygon", "coordinates": [ [ [ -51.219534892634037, -30.026993289980162 ], [ -51.219372089785672, -30.030406816432979 ], [ -51.219454114805664, -30.030651367170091 ], [ -51.221590107477972, -30.033976425051623 ], [ -51.22147710337812, -30.034150267116633 ], [ -51.22067767833304, -30.034247934532242 ], [ -51.221081355401139, -30.034618656251421 ], [ -51.221613768569583, -30.03487895529766 ], [ -51.223510015301969, -30.035125472042207 ], [ -51.224215839445947, -30.035388310089942 ], [ -51.22459802693303, -30.035689986714836 ], [ -51.226867263239527, -30.038139292632078 ], [ -51.227160346746693, -30.038370142871369 ], [ -51.22767833621738, -30.038608171970697 ], [ -51.22837628812286, -30.038723152085552 ], [ -51.229067802870333, -30.038610015939383 ], [ -51.229587116836981, -30.038366786087046 ], [ -51.230450834886405, -30.037704064057269 ], [ -51.231196154023557, -30.037472294307069 ], [ -51.232759354125982, -30.037344235814054 ], [ -51.232903324673096, -30.037395515933468 ], [ -51.235354962851055, -30.03740174241441 ], [ -51.237087372181499, -30.037280642974171 ], [ -51.239563240339024, -30.036976829733248 ], [ -51.240152719545691, -30.036721536313681 ], [ -51.240759107568536, -30.036266653129449 ], [ -51.240998091539105, -30.035847496127936 ], [ -51.240973324601946, -30.03538208987402 ], [ -51.242136740949157, -30.035457631393637 ], [ -51.242428444727203, -30.035062297406544 ], [ -51.242600048916685, -30.035087062044379 ], [ -51.242440917743075, -30.034851253475367 ], [ -51.241681155406589, -30.034817602246886 ], [ -51.241587346622239, -30.033952482383665 ], [ -51.241239912905129, -30.033852521780414 ], [ -51.241421084202202, -30.033605708871196 ], [ -51.241654667333577, -30.03353202803973 ], [ -51.24180081973735, -30.033391737974078 ], [ -51.241870853090084, -30.033124851332776 ], [ -51.241829647815216, -30.032955231987675 ], [ -51.241642708603933, -30.032772332690406 ], [ -51.241455002934678, -30.032805015648787 ], [ -51.241249695931089, -30.032698514635484 ], [ -51.240770597847728, -30.032900943094951 ], [ -51.240759787989354, -30.03269480595052 ], [ -51.241203260419148, -30.032377328160326 ], [ -51.241227795527621, -30.031839328939789 ], [ -51.241023112096926, -30.031758669659027 ], [ -51.241006986761171, -30.031561225816695 ], [ -51.227790082815737, -30.025111082535872 ], [ -51.227773084447151, -30.025691574744997 ], [ -51.227171057165172, -30.025679094836484 ], [ -51.227194043104568, -30.024820965495593 ], [ -51.226358728232412, -30.024411746743251 ], [ -51.226290600676286, -30.025295206072894 ], [ -51.225693472866645, -30.025042290219442 ], [ -51.22571945264442, -30.023909016047295 ], [ -51.224549695966132, -30.02334235830865 ], [ -51.224499398834617, -30.024424840672289 ], [ -51.223587997349128, -30.02401876870055 ], [ -51.223610665115856, -30.022656903259996 ], [ -51.222265036167016, -30.022016567932003 ], [ -51.222202232152, -30.022033860768261 ], [ -51.221867142181956, -30.023180635621429 ], [ -51.220982174023881, -30.022764465038247 ], [ -51.221410190138847, -30.021269582278741 ], [ -51.220929247002985, -30.020851747485082 ], [ -51.220749684064053, -30.020897071644864 ], [ -51.220079285072458, -30.021719625409514 ], [ -51.219887277309468, -30.021712788231643 ], [ -51.218965560411256, -30.020850581265723 ], [ -51.217910865674703, -30.021128604106902 ], [ -51.218176724449684, -30.021747715753516 ], [ -51.218104908831705, -30.023032686128193 ], [ -51.218985011751258, -30.023818693860051 ], [ -51.219314297115851, -30.024575061597332 ], [ -51.218983402796155, -30.024997939729406 ], [ -51.218910806211888, -30.025319701707559 ], [ -51.218952015930192, -30.025618124678662 ], [ -51.219534892634037, -30.026993289980162 ] ] ] } },
{ "type": "Feature", "properties": { "bairro_oficial": "CHAPÉU DO SOL" }, "geometry": { "type": "Polygon", "coordinates": [ [ [ -51.145908346384331, -30.17557074387144 ], [ -51.143673761416025, -30.177564438364776 ], [ -51.142945778502735, -30.178446710694079 ], [ -51.141920267902705, -30.180287857873878 ], [ -51.141763691867382, -30.181485150141988 ], [ -51.141443275614492, -30.182331497481652 ], [ -51.141018165647147, -30.182987258125419 ], [ -51.14085436668843, -30.183171022342997 ], [ -51.140634422571139, -30.183262874286562 ], [ -51.141102471938744, -30.183385831853347 ], [ -51.141936568657442, -30.183412831438982 ], [ -51.143171326450386, -30.183857893668598 ], [ -51.145334001393223, -30.183846746235023 ], [ -51.146192103496503, -30.183970945164898 ], [ -51.147513603833112, -30.184496262891805 ], [ -51.149580695602133, -30.185888395977873 ], [ -51.150413109139706, -30.186339525614684 ], [ -51.151003393744624, -30.186549693551168 ], [ -51.152125038713855, -30.18668220350866 ], [ -51.154578463283627, -30.186565362121897 ], [ -51.156680347409413, -30.186713124515169 ], [ -51.157396194670007, -30.186827152411979 ], [ -51.15767162071144, -30.186980565343205 ], [ -51.157999893061046, -30.187345098428761 ], [ -51.159316519840331, -30.189236306022494 ], [ -51.160760675018253, -30.188042660300802 ], [ -51.161201370542202, -30.187353050721789 ], [ -51.161786539449949, -30.187345702675504 ], [ -51.167666550665551, -30.182792020921671 ], [ -51.170223565032984, -30.185630970320972 ], [ -51.175042141104527, -30.183331691740015 ], [ -51.175174802955468, -30.183357051551699 ], [ -51.175725746611505, -30.181409314891074 ], [ -51.176256840955517, -30.175709163791591 ], [ -51.17637269398039, -30.175106067920858 ], [ -51.176724970014376, -30.174529939711725 ], [ -51.179872082161417, -30.171346762852462 ], [ -51.180075772711128, -30.171030055829647 ], [ -51.180639300779369, -30.169521430907931 ], [ -51.179659766619771, -30.169269437702443 ], [ -51.179497514512242, -30.169300801342889 ], [ -51.179217056661741, -30.169202011033438 ], [ -51.179084250167975, -30.169242336690889 ], [ -51.177630245212825, -30.168913436812229 ], [ -51.177298182400982, -30.168984650439757 ], [ -51.172262443640577, -30.170831242760787 ], [ -51.171857346952358, -30.171033223593724 ], [ -51.170971564784885, -30.171890618936448 ], [ -51.170521757188709, -30.172100781618255 ], [ -51.170219903411223, -30.172195743034763 ], [ -51.169541360636401, -30.172178397810661 ], [ -51.168082850256248, -30.171599138836548 ], [ -51.167698521440265, -30.171244156422429 ], [ -51.167416177928729, -30.170813529712891 ], [ -51.167257549149248, -30.170370353751998 ], [ -51.167068660033308, -30.168783739303915 ], [ -51.166798486808915, -30.167694773206829 ], [ -51.166825937639516, -30.167178483505307 ], [ -51.16646068866406, -30.16635303557441 ], [ -51.166024074409556, -30.166111898073645 ], [ -51.165138892602492, -30.165806389070493 ], [ -51.159853441000209, -30.164236111704248 ], [ -51.159099130408187, -30.163649982489328 ], [ -51.15859928666633, -30.163121474977146 ], [ -51.158223329708441, -30.162024033623666 ], [ -51.156823857710457, -30.162654789361 ], [ -51.156202881580626, -30.163057554828239 ], [ -51.155772905706385, -30.163485118074512 ], [ -51.15555876763851, -30.16387478580214 ], [ -51.155424207017596, -30.164379557303121 ], [ -51.155230509927719, -30.165842108332011 ], [ -51.153964147018954, -30.167905086903446 ], [ -51.149495825867866, -30.171678644260115 ], [ -51.145908346384331, -30.17557074387144 ] ] ] } },
{ "type": "Feature", "properties": { "bairro_oficial": "CHÁCARA DAS PEDRAS" }, "geometry": { "type": "Polygon", "coordinates": [ [ [ -51.158693537991404, -30.028440802987451 ], [ -51.158485396401154, -30.029641088955803 ], [ -51.158477153939316, -30.030124352298383 ], [ -51.158567319060502, -30.03047503377471 ], [ -51.158821508019969, -30.0309001460929 ], [ -51.159621614562255, -30.031927835402197 ], [ -51.159652345578358, -30.032192159871979 ], [ -51.159618350267941, -30.033205907098829 ], [ -51.15951436350948, -30.033710076113213 ], [ -51.158857412755566, -30.035165493426678 ], [ -51.158389348094239, -30.036831535355756 ], [ -51.158026429573717, -30.037809610333014 ], [ -51.158349446496743, -30.039407031596902 ], [ -51.158756452728333, -30.039946645719045 ], [ -51.159430949165113, -30.040731351979204 ], [ -51.16174726415408, -30.04004590274489 ], [ -51.162934521503537, -30.039946937991143 ], [ -51.169310555889147, -30.04096606260152 ], [ -51.169332460031306, -30.040261679726523 ], [ -51.169146939999443, -30.039740655998948 ], [ -51.168626272222546, -30.039243306337838 ], [ -51.167845643735212, -30.038819016299694 ], [ -51.168388517024376, -30.038206313508834 ], [ -51.16772462236603, -30.037749570884145 ], [ -51.166914859783063, -30.035391551335263 ], [ -51.166920866424363, -30.034327189965797 ], [ -51.166714806695857, -30.033729862720701 ], [ -51.16652406133344, -30.031735881786595 ], [ -51.166061592681913, -30.030595632033815 ], [ -51.165845430843341, -30.028130828907688 ], [ -51.161874149691755, -30.028021705872288 ], [ -51.160066701959948, -30.0280445047573 ], [ -51.159291312594519, -30.028184800187454 ], [ -51.158693537991404, -30.028440802987451 ] ] ] } },
{ "type": "Feature", "properties": { "bairro_oficial": "CIDADE BAIXA" }, "geometry": { "type": "Polygon", "coordinates": [ [ [ -51.216380601802648, -30.041185612938921 ], [ -51.220669205436636, -30.043628639338834 ], [ -51.220918511450137, -30.043926078279014 ], [ -51.221645213412437, -30.043684257048518 ], [ -51.227782402494292, -30.043132008496126 ], [ -51.228070650935351, -30.041163608106814 ], [ -51.228565446164588, -30.04030259681085 ], [ -51.228376292334261, -30.038723180043213 ], [ -51.22767833621738, -30.038608171970697 ], [ -51.227009042194048, -30.038260168848872 ], [ -51.22459802693303, -30.035689986714836 ], [ -51.22416250974026, -30.035357665645758 ], [ -51.223588182374904, -30.035141099744752 ], [ -51.221917763135338, -30.034952504985263 ], [ -51.221296214975673, -30.034747800889292 ], [ -51.216380601802648, -30.041185612938921 ] ] ] } },
{ "type": "Feature", "properties": { "bairro_oficial": "COSTA E SILVA" }, "geometry": { "type": "Polygon", "coordinates": [ [ [ -51.10982483461332, -30.00214841521781 ], [ -51.110269087571723, -30.007373251562566 ], [ -51.111737324583004, -30.008416378600501 ], [ -51.112300658988978, -30.015229672277918 ], [ -51.116083285223297, -30.015514803945244 ], [ -51.120676920674306, -30.01474846942725 ], [ -51.122904254350317, -30.013880223911389 ], [ -51.124042380341365, -30.012771768603137 ], [ -51.124530769931638, -30.012506900481142 ], [ -51.127136695155748, -30.011596129684563 ], [ -51.128580855720209, -30.011611044942185 ], [ -51.127730187868018, -30.006126914587885 ], [ -51.127658555919858, -30.004719374526388 ], [ -51.119790059306588, -30.005448975393808 ], [ -51.119948475392356, -30.007455610997237 ], [ -51.11749411700405, -30.007746942174897 ], [ -51.116901245560221, -30.006119407365617 ], [ -51.116879068750528, -30.004935171613987 ], [ -51.115274523993961, -30.000606167589687 ], [ -51.10982483461332, -30.00214841521781 ] ] ] } },
{ "type": "Feature", "properties": { "bairro_oficial": "CRISTAL" }, "geometry": { "type": "Polygon", "coordinates": [ [ [ -51.242305244241535, -30.073048671775574 ], [ -51.241394758104619, -30.074108472807975 ], [ -51.241236826186608, -30.074081024343283 ], [ -51.240987555921627, -30.074225841268252 ], [ -51.24089722261153, -30.074500170153492 ], [ -51.240971261265109, -30.074738009503925 ], [ -51.240791318889528, -30.075157616385312 ], [ -51.240379527179584, -30.075515648308645 ], [ -51.240336633673415, -30.075756409829875 ], [ -51.239656138660038, -30.076262209323719 ], [ -51.239144999053515, -30.076388670572467 ], [ -51.238682599135551, -30.076676399118117 ], [ -51.23830149452543, -30.07681254751499 ], [ -51.237849573174238, -30.077145286470461 ], [ -51.2350501529829, -30.077662213097383 ], [ -51.234702318590728, -30.07838213781897 ], [ -51.2341716081539, -30.080371120989479 ], [ -51.233831927386049, -30.080560906575574 ], [ -51.234125046848327, -30.081150275707902 ], [ -51.231073324269886, -30.082836457745938 ], [ -51.232348920192578, -30.083819199534201 ], [ -51.232147062234461, -30.084280596963538 ], [ -51.232182075179701, -30.084605699522534 ], [ -51.229547365585212, -30.085081030537481 ], [ -51.227525308454105, -30.087086973614284 ], [ -51.226011875408105, -30.089069887779971 ], [ -51.227888160705511, -30.089629077378309 ], [ -51.230322835069266, -30.09057060874629 ], [ -51.231006398704139, -30.091347885103708 ], [ -51.231777708034073, -30.093266310590529 ], [ -51.235263679201644, -30.092239486112259 ], [ -51.236631492571846, -30.094553926705565 ], [ -51.236739977445872, -30.094638643020147 ], [ -51.237241558415796, -30.094521166114912 ], [ -51.237265348820301, -30.094675684170426 ], [ -51.237642760153072, -30.094900253470595 ], [ -51.237680380235751, -30.095075719966225 ], [ -51.236601955548721, -30.098306393369658 ], [ -51.245076407327026, -30.100421426891451 ], [ -51.245989444197214, -30.097614167378833 ], [ -51.246374424568764, -30.097674837618698 ], [ -51.248063866602038, -30.097449869153472 ], [ -51.248299326056014, -30.097363821774533 ], [ -51.248164210785006, -30.098209731228529 ], [ -51.248512963902044, -30.099883520125172 ], [ -51.248777701044823, -30.100615832785177 ], [ -51.249262352392563, -30.101024933288819 ], [ -51.251864406521989, -30.095363884261193 ], [ -51.251581544012609, -30.09517331264842 ], [ -51.251206917872288, -30.094691041034991 ], [ -51.251041817162331, -30.094614649369014 ], [ -51.251002598031768, -30.094536572858832 ], [ -51.251080775390264, -30.094425242146208 ], [ -51.250614377569441, -30.094340851856092 ], [ -51.250337812481739, -30.094056928328175 ], [ -51.250249624880006, -30.093243182489545 ], [ -51.250160929921499, -30.093257880389594 ], [ -51.249970686714079, -30.092674090211212 ], [ -51.250449897960173, -30.09253447277916 ], [ -51.25085725585074, -30.092667708100556 ], [ -51.251655692447841, -30.093717077287607 ], [ -51.252113278755914, -30.094051728854197 ], [ -51.252280031050148, -30.094042384337548 ], [ -51.251670630594269, -30.093632579921245 ], [ -51.250990517102224, -30.092671063794491 ], [ -51.250259288733638, -30.092341351655975 ], [ -51.250160250052907, -30.091750799998682 ], [ -51.250318829804201, -30.09138293245476 ], [ -51.250240972885067, -30.091290941491632 ], [ -51.250034449369366, -30.091288807851154 ], [ -51.249972334891034, -30.091101578622037 ], [ -51.250181034742354, -30.090938199461334 ], [ -51.250244962664489, -30.090773562179745 ], [ -51.250001627193647, -30.090741266907081 ], [ -51.249868543677593, -30.090518345280632 ], [ -51.249921246305291, -30.090181994499446 ], [ -51.24983484624822, -30.089498376992271 ], [ -51.249476378700464, -30.089447076958674 ], [ -51.249293349063294, -30.089004233819892 ], [ -51.248988854234526, -30.087091628013031 ], [ -51.248747021465434, -30.084587529950728 ], [ -51.248585668586081, -30.083927967200754 ], [ -51.248382299128401, -30.083603652017377 ], [ -51.248311111913296, -30.083229001057354 ], [ -51.248236906090767, -30.083183477486937 ], [ -51.248251532198559, -30.082931938436314 ], [ -51.248109064335225, -30.0826852984715 ], [ -51.24814979669658, -30.082076337615874 ], [ -51.248461193644701, -30.081456585119909 ], [ -51.248752078604575, -30.08134196575465 ], [ -51.248976628675251, -30.081423572975922 ], [ -51.249098408196673, -30.081116601245107 ], [ -51.250532340351057, -30.081270901650925 ], [ -51.250548151604249, -30.081162757932866 ], [ -51.249102080948013, -30.081008480696429 ], [ -51.249161751996688, -30.080389560521994 ], [ -51.249308517849016, -30.080405527052946 ], [ -51.24932341760281, -30.080305688022356 ], [ -51.249034282018563, -30.080247216051966 ], [ -51.248963623074381, -30.080083916575756 ], [ -51.249238810508409, -30.080001001824026 ], [ -51.249288055441703, -30.079776560615425 ], [ -51.248972200745278, -30.079241287476655 ], [ -51.248323438257529, -30.079107688417626 ], [ -51.248270314278251, -30.078901399705529 ], [ -51.248352707123459, -30.078694945198837 ], [ -51.24832685441271, -30.078398179505744 ], [ -51.24777549377815, -30.078290565079978 ], [ -51.247395102354112, -30.078335592206106 ], [ -51.247137933332858, -30.078235181752738 ], [ -51.246742622580193, -30.077996957226105 ], [ -51.246608322620524, -30.077775929348643 ], [ -51.246460497969494, -30.077791368020137 ], [ -51.246197662828983, -30.077664976225066 ], [ -51.246040743053641, -30.07748559269217 ], [ -51.245894719651695, -30.077515827040703 ], [ -51.245425841989217, -30.077312685770075 ], [ -51.244781859436763, -30.076884477328264 ], [ -51.244378489325229, -30.076190975780229 ], [ -51.244194708524972, -30.076099087625096 ], [ -51.244178713861814, -30.075923861983451 ], [ -51.244039461733415, -30.075837756273852 ], [ -51.243809415265737, -30.075073269325376 ], [ -51.243665702880492, -30.074902612242802 ], [ -51.243633056282192, -30.074409937510847 ], [ -51.243266254548637, -30.074448158194308 ], [ -51.243105661181623, -30.073992629023842 ], [ -51.242762973242385, -30.073792468712 ], [ -51.242305244241535, -30.073048671775574 ] ] ] } },
{ "type": "Feature", "properties": { "bairro_oficial": "CRISTO REDENTOR" }, "geometry": { "type": "Polygon", "coordinates": [ [ [ -51.150040674426997, -30.010505170200855 ], [ -51.150271692424916, -30.016993881834104 ], [ -51.152448986064485, -30.016919197986816 ], [ -51.152400877229091, -30.01728976268512 ], [ -51.161062775999063, -30.018090799908506 ], [ -51.162046905834607, -30.010979304536093 ], [ -51.162266438867888, -30.011013251682421 ], [ -51.162740761311696, -30.007923366324199 ], [ -51.163147838961947, -30.007413875872803 ], [ -51.16335357508023, -30.006903798797826 ], [ -51.163564387569764, -30.005682023387468 ], [ -51.163445603485634, -30.005297881783545 ], [ -51.162896744751805, -30.004622346379296 ], [ -51.162264286898669, -30.004280313318688 ], [ -51.16160699819774, -30.004257733060353 ], [ -51.160250611558986, -30.004849053026245 ], [ -51.159925162872845, -30.004414025718152 ], [ -51.159587047449989, -30.004220007748689 ], [ -51.159170926675991, -30.004104912550172 ], [ -51.158579277820046, -30.004120732296453 ], [ -51.158374692730035, -30.004227906576027 ], [ -51.157771090231414, -30.004321514528861 ], [ -51.156834440993087, -30.004198243771871 ], [ -51.15533500475879, -30.004179068484387 ], [ -51.154860421411733, -30.004085502264271 ], [ -51.154875696685643, -30.005068460997535 ], [ -51.153961455240093, -30.005056419577446 ], [ -51.153903171711988, -30.006072105976202 ], [ -51.154457426435343, -30.006121961893818 ], [ -51.154644118106198, -30.006297880848187 ], [ -51.154698652767564, -30.006610532258861 ], [ -51.154184620306012, -30.010413446636452 ], [ -51.150040674426997, -30.010505170200855 ] ] ] } },
{ "type": "Feature", "properties": { "bairro_oficial": "ESPÍRITO SANTO" }, "geometry": { "type": "Polygon", "coordinates": [ [ [ -51.225414859121209, -30.147666791172323 ], [ -51.225433931782732, -30.14710399796456 ], [ -51.220440673549575, -30.143587119195288 ], [ -51.219421561340063, -30.143027742593674 ], [ -51.21896959681218, -30.14292081845656 ], [ -51.218695752313948, -30.142771353467843 ], [ -51.218110704386312, -30.142305852185629 ], [ -51.216180568343908, -30.143559915553393 ], [ -51.215786156995883, -30.143624615869186 ], [ -51.212621597526571, -30.145560965810539 ], [ -51.210068578043689, -30.146693308586212 ], [ -51.209519738225765, -30.146791706162688 ], [ -51.209425866599297, -30.146976724919718 ], [ -51.207885470701697, -30.147425652334665 ], [ -51.205068855373092, -30.14761400454136 ], [ -51.204616074075425, -30.147781972349811 ], [ -51.204410235353706, -30.147748322465105 ], [ -51.206597364476444, -30.149319244031442 ], [ -51.208321674680995, -30.150736705515204 ], [ -51.208781712009028, -30.15083320987808 ], [ -51.209990010062661, -30.150727276051288 ], [ -51.210594612714516, -30.154789982004882 ], [ -51.210713249640705, -30.155028807687291 ], [ -51.219675721763963, -30.153083404963059 ], [ -51.219822290601527, -30.153016973037328 ], [ -51.219387898933306, -30.15240805139803 ], [ -51.220437957531381, -30.152163179581724 ], [ -51.22074173646579, -30.15219554085019 ], [ -51.222504292582592, -30.152923747731137 ], [ -51.222822283957896, -30.152980622070011 ], [ -51.223980977222652, -30.152735290298065 ], [ -51.225191235929174, -30.152381137532618 ], [ -51.225236584973942, -30.152289108879508 ], [ -51.225115011117985, -30.152025624961183 ], [ -51.225257039358588, -30.151922503547993 ], [ -51.225297775762989, -30.151707383104061 ], [ -51.225147911896464, -30.151332407316641 ], [ -51.225247477816268, -30.151096338866655 ], [ -51.225126953155602, -30.150973814897547 ], [ -51.225101343226562, -30.150808080796168 ], [ -51.225138075638675, -30.150704779201533 ], [ -51.225243189671936, -30.150671388773009 ], [ -51.225268283490394, -30.150564226362004 ], [ -51.225184141561073, -30.15055029287354 ], [ -51.225337932172373, -30.150415204899552 ], [ -51.225302338906424, -30.150288383869135 ], [ -51.225418649198936, -30.150018987114041 ], [ -51.225548575981314, -30.149892331921649 ], [ -51.225658314754106, -30.149974987677478 ], [ -51.225944496473929, -30.149793105017569 ], [ -51.225805004863638, -30.149731798807327 ], [ -51.225871649713518, -30.149404370521488 ], [ -51.225755126983252, -30.149260542083436 ], [ -51.225838567536762, -30.149012588880286 ], [ -51.225711173951069, -30.148882586342612 ], [ -51.22588704805537, -30.148779315804216 ], [ -51.225824461557771, -30.148746033878343 ], [ -51.225898188008351, -30.148746718891548 ], [ -51.225927449168694, -30.148646407674846 ], [ -51.225674119927866, -30.148661643893067 ], [ -51.225522150967038, -30.14840976359201 ], [ -51.225708046616717, -30.148147647612468 ], [ -51.225484971824606, -30.147676687459036 ], [ -51.225414859121209, -30.147666791172323 ] ] ] } },
{ "type": "Feature", "properties": { "bairro_oficial": "EXTREMA" }, "geometry": { "type": "Polygon", "coordinates": [ [ [ -51.052118049483184, -30.229716166719758 ], [ -51.052724949829191, -30.229430746252078 ], [ -51.053808288389682, -30.229164227805821 ], [ -51.055293384960905, -30.228870693937733 ], [ -51.055827579118592, -30.228888700167602 ], [ -51.056359078131344, -30.22916421832964 ], [ -51.059423419706754, -30.231705987161863 ], [ -51.059802140897148, -30.231861147261128 ], [ -51.060179754955918, -30.231864708978303 ], [ -51.064489727951297, -30.229429009472465 ], [ -51.067601289771133, -30.228513792260618 ], [ -51.070602751681989, -30.226970373941814 ], [ -51.075911075529909, -30.224913777745325 ], [ -51.079022948670165, -30.223413406957697 ], [ -51.082932314558043, -30.222393292193832 ], [ -51.0876099006693, -30.22186076352407 ], [ -51.085567244686658, -30.209068150845219 ], [ -51.08594859344759, -30.209064435629472 ], [ -51.086483305147283, -30.209203756842452 ], [ -51.088570695586803, -30.210017534443757 ], [ -51.090497031841736, -30.210910736458061 ], [ -51.091305994485559, -30.210903712186109 ], [ -51.091782832183654, -30.210688824279913 ], [ -51.091741576473986, -30.210066783050767 ], [ -51.090961622065166, -30.208102168067665 ], [ -51.090795913707304, -30.20722025965291 ], [ -51.090858304833304, -30.204796267657287 ], [ -51.091270043580288, -30.202126678123786 ], [ -51.091252334721176, -30.20125541371257 ], [ -51.090335658360871, -30.198150289758409 ], [ -51.089369008658544, -30.196190115494666 ], [ -51.05580669151901, -30.191234945155969 ], [ -51.053636730176542, -30.18940488874949 ], [ -51.053390833181631, -30.189407022362495 ], [ -51.053235214614226, -30.189297172777245 ], [ -51.052481011079877, -30.189082937219489 ], [ -51.051617457466811, -30.18902183664283 ], [ -51.05139160223144, -30.188923633961309 ], [ -51.051028204168077, -30.188304150740134 ], [ -51.050724360221778, -30.188151662161946 ], [ -51.050395050104434, -30.187863133871698 ], [ -51.05007201131572, -30.187300927007765 ], [ -51.049395839932558, -30.186805979148421 ], [ -51.049162059597343, -30.186780467788484 ], [ -51.048516940508186, -30.186912938315583 ], [ -51.04820609028701, -30.186900749476287 ], [ -51.047804079414377, -30.186727520673557 ], [ -51.046391212594848, -30.186836749237198 ], [ -51.046096893547649, -30.186482937713198 ], [ -51.045796741433634, -30.186345551604067 ], [ -51.045430765579184, -30.18599668078782 ], [ -51.043644876018973, -30.185206064690998 ], [ -51.043512424588933, -30.184899258385077 ], [ -51.043230955724631, -30.184598090410262 ], [ -51.043205274528979, -30.184425064758226 ], [ -51.042929460202743, -30.184276019981368 ], [ -51.041899196386645, -30.184264516034446 ], [ -51.011420614625223, -30.196079598940972 ], [ -51.011668313292546, -30.197213936990227 ], [ -51.012184460815256, -30.198271632668067 ], [ -51.012293625969797, -30.198914064803105 ], [ -51.012405847964267, -30.199068912033301 ], [ -51.012853672961384, -30.19948886162193 ], [ -51.013272477903122, -30.199625448511171 ], [ -51.01362254596539, -30.20003953908779 ], [ -51.014810073151438, -30.200304003988368 ], [ -51.015005668182198, -30.200764674300927 ], [ -51.015183035353203, -30.200904170014944 ], [ -51.015407139831716, -30.200951702275766 ], [ -51.015594297650118, -30.201246775686482 ], [ -51.01573544275481, -30.201608273366041 ], [ -51.01565173992271, -30.201834072324012 ], [ -51.015713847173586, -30.202350889065382 ], [ -51.016071395602133, -30.202641248597772 ], [ -51.016093124468604, -30.202734105712658 ], [ -51.016282540787834, -30.202830191387232 ], [ -51.016411022947295, -30.203238165714993 ], [ -51.016310756099323, -30.203820608510078 ], [ -51.016526052905085, -30.203963797934957 ], [ -51.016490872573279, -30.204210527517095 ], [ -51.016692342034432, -30.204291720483646 ], [ -51.016849255026187, -30.204466682508592 ], [ -51.017569390272705, -30.204615489246141 ], [ -51.017912247021577, -30.204594416355931 ], [ -51.0187641230021, -30.204726413528132 ], [ -51.018853039296637, -30.205173014300843 ], [ -51.018724143100094, -30.205387541121731 ], [ -51.018688688142987, -30.205797972871711 ], [ -51.018883317075129, -30.205942694854656 ], [ -51.01909007522589, -30.205943026646793 ], [ -51.020191002739026, -30.20655651533357 ], [ -51.021188621888825, -30.206950089801044 ], [ -51.021837914079399, -30.207532593623913 ], [ -51.022184246412138, -30.207685588018371 ], [ -51.022588838731679, -30.20816182228327 ], [ -51.022802062689372, -30.208247967907177 ], [ -51.023023441426815, -30.208549882901725 ], [ -51.023686254439077, -30.209100790665357 ], [ -51.023954656828494, -30.209201814084611 ], [ -51.02423902977764, -30.209172973872402 ], [ -51.024822044864266, -30.209265364545043 ], [ -51.025023103571229, -30.209707879290978 ], [ -51.025554958972883, -30.210031749079771 ], [ -51.025830542073329, -30.21055609872122 ], [ -51.026032089842253, -30.211255082637845 ], [ -51.025868317442253, -30.211575297737401 ], [ -51.026223363497429, -30.211594990772188 ], [ -51.02632625217251, -30.211683498937141 ], [ -51.026307289838911, -30.211878698342183 ], [ -51.026507115471908, -30.21194255029118 ], [ -51.026676210985038, -30.21210179545071 ], [ -51.026855219001249, -30.212411021921358 ], [ -51.026859322049688, -30.212596109805094 ], [ -51.027030894434063, -30.212687310441055 ], [ -51.027375304689841, -30.213306759025961 ], [ -51.027725512742222, -30.213466325682656 ], [ -51.027767138385116, -30.213690480757659 ], [ -51.028087234819083, -30.213916381497139 ], [ -51.028313230787468, -30.213912181532525 ], [ -51.028737462132341, -30.214202762188222 ], [ -51.029211337711672, -30.214405073182455 ], [ -51.029609080116437, -30.214704500837186 ], [ -51.02973197429597, -30.214954446131184 ], [ -51.03008589546068, -30.214989741156831 ], [ -51.030534248808138, -30.215298629745806 ], [ -51.030754374420319, -30.216120152026757 ], [ -51.031131720288975, -30.216617302828489 ], [ -51.031411257337012, -30.216682300992925 ], [ -51.031910815217543, -30.217203243957691 ], [ -51.032225508997513, -30.21736713889149 ], [ -51.032393733144417, -30.217346612214513 ], [ -51.032517258108207, -30.217588162635497 ], [ -51.033186243828851, -30.217617504546052 ], [ -51.033449817856642, -30.217785831430177 ], [ -51.033827198542973, -30.217716337086486 ], [ -51.033802217861457, -30.217898544558231 ], [ -51.034698382929143, -30.21800461718713 ], [ -51.035016813371335, -30.218137821243452 ], [ -51.035404419302786, -30.21818446263099 ], [ -51.035543231503148, -30.218147245161358 ], [ -51.03561610711877, -30.217955007725873 ], [ -51.035845122764542, -30.217943935481287 ], [ -51.03587895249553, -30.217818939282726 ], [ -51.035985140289462, -30.217792289052028 ], [ -51.036225667937735, -30.218006640516418 ], [ -51.036825044522324, -30.218333243691934 ], [ -51.036844203646119, -30.218439814802736 ], [ -51.037018866326818, -30.218404841778778 ], [ -51.037170420146296, -30.218542058545953 ], [ -51.037856163077159, -30.218620915596553 ], [ -51.038167006006063, -30.218464163085351 ], [ -51.038666531173412, -30.218787448270763 ], [ -51.039241542306783, -30.218693514873433 ], [ -51.039455610382078, -30.218198827839338 ], [ -51.040171402865376, -30.217813543679764 ], [ -51.040770120150853, -30.21777455429174 ], [ -51.041020905437001, -30.21789007690721 ], [ -51.041130278026245, -30.21803172426673 ], [ -51.041593367117486, -30.218178132779958 ], [ -51.041721386929659, -30.218672534450821 ], [ -51.042150703083799, -30.219050154294571 ], [ -51.042185873812727, -30.219407957090034 ], [ -51.041912222094481, -30.219779575906536 ], [ -51.042091260757111, -30.220260152719742 ], [ -51.042439170132738, -30.220275652737538 ], [ -51.042651618786309, -30.220633397822692 ], [ -51.042898604061222, -30.220831671601371 ], [ -51.043359838834064, -30.22145094795567 ], [ -51.043532599501731, -30.221576418805231 ], [ -51.043914620387334, -30.221645056474589 ], [ -51.043893536349351, -30.221902978220378 ], [ -51.044119976646606, -30.222156755731636 ], [ -51.044416181502704, -30.222258359116964 ], [ -51.044582531893283, -30.222218415637965 ], [ -51.044809499654974, -30.222023954837539 ], [ -51.045234543748755, -30.22209266414573 ], [ -51.045535824359007, -30.222382600948507 ], [ -51.045908138960478, -30.222575229831811 ], [ -51.046038559066226, -30.222809725997212 ], [ -51.046472251756747, -30.222917955313566 ], [ -51.046755728613263, -30.222903866941767 ], [ -51.046956243737753, -30.223032481503225 ], [ -51.047214932755864, -30.22355480565313 ], [ -51.047517934186317, -30.223513545353931 ], [ -51.047727296079344, -30.223664806585692 ], [ -51.047847621224001, -30.22385679977355 ], [ -51.04794771899109, -30.224551994956606 ], [ -51.047871760684401, -30.225207367427295 ], [ -51.048296256068774, -30.225608883360071 ], [ -51.048240653465406, -30.225809243521486 ], [ -51.049249088828631, -30.226650835770702 ], [ -51.04941885337842, -30.226983677498428 ], [ -51.049959307447168, -30.227324230755407 ], [ -51.050273316870218, -30.227891221521901 ], [ -51.050303340370085, -30.228305523150087 ], [ -51.050564704833469, -30.228334758888824 ], [ -51.050958709099341, -30.228588454143527 ], [ -51.051415997904598, -30.228648623320844 ], [ -51.051563585530154, -30.22907378900517 ], [ -51.052118049483184, -30.229716166719758 ] ] ] } },
{ "type": "Feature", "properties": { "bairro_oficial": "FARRAPOS" }, "geometry": { "type": "Polygon", "coordinates": [ [ [ -51.199972903261248, -29.971928055024648 ], [ -51.199753393998797, -29.971886361677019 ], [ -51.197629607811443, -29.970435886457576 ], [ -51.1974112532424, -29.970433685260041 ], [ -51.196577677179356, -29.969991969792439 ], [ -51.195678754290626, -29.969784000587378 ], [ -51.195534811596673, -29.969661913993995 ], [ -51.195367410652615, -29.969676892855951 ], [ -51.195291591293831, -29.969585575017444 ], [ -51.193726422432626, -29.969288965937608 ], [ -51.190965142158049, -29.969050647739099 ], [ -51.190475213252427, -29.968900311958443 ], [ -51.190405204013217, -29.968980079080534 ], [ -51.190343126675202, -29.968907453605027 ], [ -51.1901198662298, -29.968955704914414 ], [ -51.189370122729237, -29.968871532147332 ], [ -51.189224882491402, -29.971319907416287 ], [ -51.190974696728937, -29.976665146636488 ], [ -51.190937749307047, -29.977062565841795 ], [ -51.195605709998283, -29.991524045496792 ], [ -51.195887153195876, -29.992090736014323 ], [ -51.196616072160488, -29.991338248263009 ], [ -51.196908112539568, -29.990883384624919 ], [ -51.197358216682701, -29.989777646931579 ], [ -51.197530190322105, -29.989617269338108 ], [ -51.200383903984402, -29.98853736359569 ], [ -51.202117212155436, -29.98868552281759 ], [ -51.204821396553527, -29.988015610256301 ], [ -51.204668173757597, -29.987684424728272 ], [ -51.204229262919313, -29.987361744477575 ], [ -51.203951070872648, -29.986748883261143 ], [ -51.203850100873709, -29.986725059882556 ], [ -51.203824435629613, -29.986564887819679 ], [ -51.20365340855394, -29.9864218974677 ], [ -51.203414657072045, -29.985878233925309 ], [ -51.203398937891251, -29.985551824761302 ], [ -51.202903530858315, -29.984605227538175 ], [ -51.20262439926686, -29.983812169391289 ], [ -51.202752155964227, -29.983354841477283 ], [ -51.202866400129231, -29.983272828469318 ], [ -51.202774273864911, -29.983241743114277 ], [ -51.202804657668878, -29.983118875761512 ], [ -51.202701176266714, -29.983109657702784 ], [ -51.20272393806669, -29.982994199350742 ], [ -51.202628099228008, -29.982923800496238 ], [ -51.202692085039381, -29.982612018741161 ], [ -51.202605435401381, -29.982581680797178 ], [ -51.202600452822402, -29.982451331703601 ], [ -51.202789703055359, -29.982271951102177 ], [ -51.202659910856433, -29.982201171527613 ], [ -51.203147441377681, -29.981869277800602 ], [ -51.203557552445169, -29.98176719933921 ], [ -51.203213925265132, -29.981698960790155 ], [ -51.203110629265439, -29.981560669680778 ], [ -51.203459603502132, -29.98127490730187 ], [ -51.20339761789257, -29.981173343104981 ], [ -51.203465320380737, -29.980928225185611 ], [ -51.203553002108414, -29.980899188079473 ], [ -51.203524284501185, -29.980508980296953 ], [ -51.203535856550388, -29.98040866463996 ], [ -51.203622451816159, -29.980382151449785 ], [ -51.2036310238148, -29.97975910064357 ], [ -51.203295850990941, -29.977584016189812 ], [ -51.203069596002017, -29.977280072620957 ], [ -51.203133435091026, -29.977160337031997 ], [ -51.20304409083063, -29.977148859289382 ], [ -51.203121043627803, -29.977061141743665 ], [ -51.203029450234169, -29.97696065947386 ], [ -51.203075973579018, -29.97675380906465 ], [ -51.202404264339549, -29.975036484362018 ], [ -51.202226194905428, -29.974893123775786 ], [ -51.202230353029876, -29.974784685245261 ], [ -51.201758837056119, -29.97397024882946 ], [ -51.201212599911706, -29.973192629629569 ], [ -51.200299918607506, -29.972431205569471 ], [ -51.20022866786465, -29.9721795407212 ], [ -51.200093803399646, -29.972228280738872 ], [ -51.200165560346996, -29.972133561585299 ], [ -51.199980123377991, -29.972056549920289 ], [ -51.199972903261248, -29.971928055024648 ] ] ] } },
{ "type": "Feature", "properties": { "bairro_oficial": "FARROUPILHA" }, "geometry": { "type": "Polygon", "coordinates": [ [ [ -51.208968381600158, -30.036793809037324 ], [ -51.216380601802648, -30.041185612938921 ], [ -51.221296214975673, -30.034747800889292 ], [ -51.22067767833304, -30.034247934532242 ], [ -51.22147710337812, -30.034150267116633 ], [ -51.221590107477972, -30.033976425051623 ], [ -51.220523354595286, -30.032333160202693 ], [ -51.215373316804303, -30.0335143831803 ], [ -51.208968381600158, -30.036793809037324 ] ] ] } },
{ "type": "Feature", "properties": { "bairro_oficial": "FLORESTA" }, "geometry": { "type": "Polygon", "coordinates": [ [ [ -51.196753383952533, -30.016217100878855 ], [ -51.197714666499728, -30.017825596800364 ], [ -51.197680534182851, -30.017922260219752 ], [ -51.203618143907192, -30.01824501052598 ], [ -51.205387872920674, -30.018404567100383 ], [ -51.208545188284155, -30.022035528269416 ], [ -51.210431181352114, -30.023918333765632 ], [ -51.211493382788603, -30.024784372638514 ], [ -51.214495049906759, -30.026750861314888 ], [ -51.215601976710808, -30.027666055265232 ], [ -51.219503176456911, -30.027934179184456 ], [ -51.219534892634037, -30.026993289980162 ], [ -51.218952015930192, -30.025618124678662 ], [ -51.218910806211888, -30.025319701707559 ], [ -51.218983402796155, -30.024997939729406 ], [ -51.219314297115851, -30.024575061597332 ], [ -51.218985011751258, -30.023818693860051 ], [ -51.218104908831705, -30.023032686128193 ], [ -51.218176724449684, -30.021747715753516 ], [ -51.217910865674703, -30.021128604106902 ], [ -51.218965560411256, -30.020850581265723 ], [ -51.219701931810015, -30.01988468050968 ], [ -51.219723159034629, -30.019728225689981 ], [ -51.215869300106299, -30.016141863932425 ], [ -51.212828991916915, -30.010353058829136 ], [ -51.210631484403748, -30.011266668324023 ], [ -51.211129700990242, -30.012375535987537 ], [ -51.205586639398291, -30.013455528289025 ], [ -51.205426195824465, -30.014165324501896 ], [ -51.204801746594136, -30.014067860536272 ], [ -51.204720294895779, -30.014130201468213 ], [ -51.20459134343762, -30.014021811719189 ], [ -51.202626769083899, -30.01370068311854 ], [ -51.202507762899394, -30.014170288376938 ], [ -51.196753383952533, -30.016217100878855 ] ] ] } },
{ "type": "Feature", "properties": { "bairro_oficial": "GLÓRIA" }, "geometry": { "type": "Polygon", "coordinates": [ [ [ -51.200696349735367, -30.071025165723999 ], [ -51.199705899513667, -30.073431256949586 ], [ -51.193003697774678, -30.072147237377713 ], [ -51.191610200065462, -30.074188710168301 ], [ -51.191462726195624, -30.074251855873566 ], [ -51.187224064808404, -30.073451707172122 ], [ -51.186952052467397, -30.07442298169212 ], [ -51.186183710991592, -30.074273085393937 ], [ -51.185796291677399, -30.075669234717878 ], [ -51.182724829969359, -30.079555056415263 ], [ -51.185941075615254, -30.085004230646028 ], [ -51.185529580582262, -30.087337434861013 ], [ -51.184531025816796, -30.087679767691604 ], [ -51.184958245429833, -30.088610905391775 ], [ -51.192884409390892, -30.094238092049114 ], [ -51.193109839728848, -30.094205571710205 ], [ -51.193053384333929, -30.093819496461244 ], [ -51.193345276217364, -30.093343254950636 ], [ -51.19389176350159, -30.092949286779877 ], [ -51.194499344800164, -30.092771881601713 ], [ -51.194609948795808, -30.09252348633137 ], [ -51.195312418694805, -30.091658975942355 ], [ -51.195563192011129, -30.091498558796104 ], [ -51.195712026531936, -30.091170235565084 ], [ -51.19654624163293, -30.090385950690976 ], [ -51.196670062771553, -30.090176673713877 ], [ -51.196649788966745, -30.089776318799956 ], [ -51.196858820920106, -30.089480414520519 ], [ -51.197310190040525, -30.08830852564526 ], [ -51.197531671132097, -30.088169159244654 ], [ -51.197986983322586, -30.087395897277958 ], [ -51.198144611111978, -30.086936159457217 ], [ -51.198666687194034, -30.086234070288921 ], [ -51.198848445146972, -30.08606624120511 ], [ -51.199162529407126, -30.085986403344304 ], [ -51.199392169793128, -30.085814607516394 ], [ -51.199444180394565, -30.08555031903397 ], [ -51.199623755000729, -30.085350801754359 ], [ -51.200280474933287, -30.085359281800518 ], [ -51.200622838253764, -30.085268278191766 ], [ -51.200757824155268, -30.085161522594657 ], [ -51.20001082147305, -30.085120018813257 ], [ -51.199554750744888, -30.084472715403752 ], [ -51.198942603050796, -30.084267728674867 ], [ -51.198006887591795, -30.084111253334733 ], [ -51.19763946276413, -30.083591374161834 ], [ -51.197937097806935, -30.083102437053611 ], [ -51.197949660573578, -30.082925438798476 ], [ -51.197634260807568, -30.082648625227616 ], [ -51.198863228434384, -30.081648371921204 ], [ -51.202485883048794, -30.079527807194602 ], [ -51.206606795340257, -30.077670315662914 ], [ -51.205549228718866, -30.075845810064678 ], [ -51.203753953620428, -30.074656621998979 ], [ -51.204377132126552, -30.07370942732603 ], [ -51.205345134017641, -30.074193297308749 ], [ -51.207117317723636, -30.07030522239933 ], [ -51.20463658154388, -30.069934285220896 ], [ -51.205020801729027, -30.069002908792349 ], [ -51.201874848124532, -30.068904863655757 ], [ -51.200696349735367, -30.071025165723999 ] ] ] } },
{ "type": "Feature", "properties": { "bairro_oficial": "GUARUJÁ" }, "geometry": { "type": "Polygon", "coordinates": [ [ [ -51.210713249640705, -30.155028807687291 ], [ -51.208108674192161, -30.156889421063536 ], [ -51.206507467834022, -30.163928868034557 ], [ -51.218370197388737, -30.163094089360204 ], [ -51.219871043572837, -30.162193923575519 ], [ -51.220327037527191, -30.161652713292924 ], [ -51.220563968472376, -30.161110834179777 ], [ -51.221464285415323, -30.161043761104231 ], [ -51.222185704735665, -30.160672974273368 ], [ -51.222487482164077, -30.16036145586477 ], [ -51.222591726463016, -30.159566177424107 ], [ -51.225847445354873, -30.159192966209567 ], [ -51.227145390457643, -30.15894564472703 ], [ -51.227211433071879, -30.158852010945456 ], [ -51.227189161587724, -30.158786081348154 ], [ -51.226944862472521, -30.158810689683374 ], [ -51.226880853041393, -30.158748261005762 ], [ -51.226918776044272, -30.158574657033913 ], [ -51.227007043783644, -30.158618814518224 ], [ -51.227259524044619, -30.158539233622594 ], [ -51.227069336932409, -30.158430548344665 ], [ -51.227123087552634, -30.158366382443738 ], [ -51.22692762088527, -30.158355892016271 ], [ -51.227002134963207, -30.158288982217496 ], [ -51.226937360132347, -30.158209951212825 ], [ -51.22711608036181, -30.158254402323276 ], [ -51.227182308621082, -30.158061708186196 ], [ -51.226935875235334, -30.158060149069133 ], [ -51.226924903468152, -30.157894480414107 ], [ -51.22701475675008, -30.157814911360916 ], [ -51.226752841064851, -30.157746122342893 ], [ -51.226658356562737, -30.15740798682053 ], [ -51.226722165458497, -30.157247062895291 ], [ -51.226547262912703, -30.157145299142055 ], [ -51.226695806806077, -30.157118962622377 ], [ -51.22679092240331, -30.156979462188659 ], [ -51.226647383491077, -30.15687836602569 ], [ -51.226691123029276, -30.156750867235676 ], [ -51.226538511324229, -30.156723967329036 ], [ -51.226292780860014, -30.156438228154698 ], [ -51.226300484954571, -30.156082565462597 ], [ -51.226224876511054, -30.155987849349472 ], [ -51.226285013438776, -30.155946865231087 ], [ -51.226019585795619, -30.155628853280128 ], [ -51.226151910694284, -30.155549030328867 ], [ -51.226064421473353, -30.155526710247912 ], [ -51.226128217182357, -30.155359649740245 ], [ -51.225988589107779, -30.155196458637569 ], [ -51.22597143327112, -30.154868543373098 ], [ -51.225826566728962, -30.154821324369735 ], [ -51.225793822782585, -30.154533232940114 ], [ -51.225559800110808, -30.154505930656772 ], [ -51.225726642347986, -30.154444729070086 ], [ -51.225722020785582, -30.154376242090695 ], [ -51.225505587624745, -30.154046774016027 ], [ -51.225549219297704, -30.153643670449412 ], [ -51.22547136818568, -30.153566284865512 ], [ -51.225547128579883, -30.153500818844169 ], [ -51.225323221721908, -30.153445612741617 ], [ -51.225265783410663, -30.153348519425197 ], [ -51.225191372821001, -30.15295680877723 ], [ -51.225246966234685, -30.152790303953758 ], [ -51.225126003898005, -30.152704960909631 ], [ -51.225112623690649, -30.152483165048828 ], [ -51.225191235929174, -30.152381137532618 ], [ -51.223980977222652, -30.152735290298065 ], [ -51.222822283957896, -30.152980622070011 ], [ -51.222504292582592, -30.152923747731137 ], [ -51.22074173646579, -30.15219554085019 ], [ -51.220437957531381, -30.152163179581724 ], [ -51.219387898933306, -30.15240805139803 ], [ -51.219822290601527, -30.153016973037328 ], [ -51.219675721763963, -30.153083404963059 ], [ -51.210713249640705, -30.155028807687291 ] ] ] } },
{ "type": "Feature", "properties": { "bairro_oficial": "HIGIENÓPOLIS" }, "geometry": { "type": "Polygon", "coordinates": [ [ [ -51.178099148314104, -30.019612814911476 ], [ -51.178766988160305, -30.019913576062137 ], [ -51.183377842465312, -30.021595347703173 ], [ -51.184565283242286, -30.021947709302022 ], [ -51.186207393527368, -30.019729415943445 ], [ -51.186324976508772, -30.019316741050229 ], [ -51.18650940234815, -30.017374479278836 ], [ -51.189705042622336, -30.017628888317557 ], [ -51.191844347583903, -30.01769905665029 ], [ -51.192019275390891, -30.015791055381822 ], [ -51.19184609197471, -30.014627493415468 ], [ -51.191955660931356, -30.014170094303271 ], [ -51.185512858651663, -30.011783976801127 ], [ -51.184693977675927, -30.011607424510029 ], [ -51.180629485408311, -30.011508248201263 ], [ -51.180651022337528, -30.010913755853661 ], [ -51.179178157613727, -30.01092570482281 ], [ -51.178821113589322, -30.010769744428305 ], [ -51.178512727809434, -30.01382088726114 ], [ -51.178554780802493, -30.014331088920287 ], [ -51.178099148314104, -30.019612814911476 ] ] ] } },
{ "type": "Feature", "properties": { "bairro_oficial": "HUMAITÁ" }, "geometry": { "type": "Polygon", "coordinates": [ [ [ -51.182847246741787, -29.969127322811143 ], [ -51.177769860749549, -29.968026488899778 ], [ -51.176374790290438, -29.96790716329291 ], [ -51.176398177478973, -29.969800411334354 ], [ -51.176482160649876, -29.970415149417409 ], [ -51.177523513576595, -29.973700976690104 ], [ -51.178387840528039, -29.975965356749402 ], [ -51.180940260557833, -29.984320188088738 ], [ -51.18161085482317, -29.987276497261853 ], [ -51.182110271021422, -29.988222755150922 ], [ -51.188252090371194, -29.99483619438033 ], [ -51.189652709580201, -29.996086897476381 ], [ -51.190464911590354, -29.996591976006865 ], [ -51.191685761185092, -29.997075769935531 ], [ -51.192684854501721, -29.997285635366968 ], [ -51.19718826263253, -29.997522178886978 ], [ -51.197606846173478, -29.997713085650517 ], [ -51.197799463746783, -29.997938567333151 ], [ -51.197498430196646, -29.997124342434567 ], [ -51.199548928356016, -29.997238076450476 ], [ -51.198344330706405, -29.993271664861453 ], [ -51.196404231181724, -29.993735783968475 ], [ -51.195887153195876, -29.992090736014323 ], [ -51.195645652182947, -29.991645032156676 ], [ -51.190937749307047, -29.977062565841795 ], [ -51.190974696728937, -29.976665146636488 ], [ -51.189224882491402, -29.971319907416287 ], [ -51.189370005640448, -29.968871526902998 ], [ -51.188883250562476, -29.968881213402199 ], [ -51.186314958104695, -29.96859856566169 ], [ -51.185857215084987, -29.968715388238351 ], [ -51.185727106020863, -29.968837140510978 ], [ -51.185416257918817, -29.968944436516228 ], [ -51.183583530217938, -29.969196426750187 ], [ -51.182847246741787, -29.969127322811143 ] ] ] } },
{ "type": "Feature", "properties": { "bairro_oficial": "HÍPICA" }, "geometry": { "type": "Polygon", "coordinates": [ [ [ -51.174022349031212, -30.13643431066011 ], [ -51.172324423959189, -30.137359854550322 ], [ -51.171317479356986, -30.137210878855495 ], [ -51.17050159372284, -30.137281939919045 ], [ -51.169722467742282, -30.137518053183424 ], [ -51.168775585545824, -30.138034937347282 ], [ -51.167891382372694, -30.138712350520837 ], [ -51.167353826536463, -30.139344481828143 ], [ -51.167110406037246, -30.139813925844493 ], [ -51.166596752239542, -30.141291347824868 ], [ -51.164319696169983, -30.142592175641827 ], [ -51.162681201865084, -30.144217843188528 ], [ -51.16207483360607, -30.145945322396216 ], [ -51.161445917118975, -30.147175995133395 ], [ -51.161314179978064, -30.148208908997983 ], [ -51.161458612929316, -30.150693960939858 ], [ -51.161047598979856, -30.15336191590179 ], [ -51.161032105801162, -30.156795727219013 ], [ -51.161127394627023, -30.157335585284066 ], [ -51.161431398318292, -30.158165455626396 ], [ -51.160452857231085, -30.159496369989675 ], [ -51.159986442744149, -30.160630491533574 ], [ -51.159614105935638, -30.161237697975064 ], [ -51.159121218810078, -30.161642185133253 ], [ -51.158223329708441, -30.162024033623666 ], [ -51.15859928666633, -30.163121474977146 ], [ -51.159099130408187, -30.163649982489328 ], [ -51.159924503182779, -30.16426818337904 ], [ -51.165138892602492, -30.165806389070493 ], [ -51.166024074409556, -30.166111898073645 ], [ -51.16646068866406, -30.16635303557441 ], [ -51.166797202767967, -30.167047426197588 ], [ -51.166850347204019, -30.167311161026653 ], [ -51.166798486808915, -30.167694773206829 ], [ -51.167068660033308, -30.168783739303915 ], [ -51.167257549149248, -30.170370353751998 ], [ -51.167492529425658, -30.170955373530454 ], [ -51.167789750448897, -30.171343265787758 ], [ -51.168116909022615, -30.171620094699559 ], [ -51.169627961970555, -30.172201768795052 ], [ -51.17025957333194, -30.172187691925323 ], [ -51.170949425056484, -30.171903353567647 ], [ -51.171857346952358, -30.171033223593724 ], [ -51.172262443640577, -30.170831242760787 ], [ -51.173073848472335, -30.170498384833678 ], [ -51.173558093799571, -30.170399594455798 ], [ -51.174042586564255, -30.170143193399856 ], [ -51.174963882352465, -30.169885952619616 ], [ -51.176491858779315, -30.169253197687254 ], [ -51.177619342363315, -30.168913514717339 ], [ -51.179084250167975, -30.169242336690889 ], [ -51.179217056661741, -30.169202011033438 ], [ -51.179497514512242, -30.169300801342889 ], [ -51.179659766619771, -30.169269437702443 ], [ -51.180746627129182, -30.169572347095794 ], [ -51.183071564416736, -30.169365228670344 ], [ -51.183877229616179, -30.169488891186788 ], [ -51.190276569310434, -30.171938403276531 ], [ -51.191262575176196, -30.172254537324289 ], [ -51.19210707589265, -30.172408503403361 ], [ -51.193012913641489, -30.172439674920657 ], [ -51.198468920823863, -30.171669834591238 ], [ -51.191189365058563, -30.158575678195668 ], [ -51.190759810141834, -30.15840250216106 ], [ -51.190326870386698, -30.156349746518387 ], [ -51.191437619506075, -30.145534407165712 ], [ -51.186708134572676, -30.135794733861339 ], [ -51.186403785362295, -30.136675668375929 ], [ -51.183841386982607, -30.138073299689264 ], [ -51.18305194246512, -30.137913510761678 ], [ -51.179732512174283, -30.138103096157245 ], [ -51.178473630303067, -30.137586963431996 ], [ -51.177668889304378, -30.137057193140091 ], [ -51.176083692156141, -30.136948068392233 ], [ -51.175188880979825, -30.136962273457215 ], [ -51.174488720435129, -30.136698275566779 ], [ -51.174022349031212, -30.13643431066011 ] ] ] } },
{ "type": "Feature", "properties": { "bairro_oficial": "INDEPENDÊNCIA" }, "geometry": { "type": "Polygon", "coordinates": [ [ [ -51.208562062018494, -30.028671176610057 ], [ -51.208475359349968, -30.030219831251912 ], [ -51.21079655312419, -30.030235993464444 ], [ -51.219438043495686, -30.030563441313053 ], [ -51.219372089785672, -30.030406816432979 ], [ -51.219503176456911, -30.027934179184456 ], [ -51.215601976710808, -30.027666055265232 ], [ -51.214495049906759, -30.026750861314888 ], [ -51.211493382788603, -30.024784372638514 ], [ -51.210431181352114, -30.023918333765632 ], [ -51.208562062018494, -30.028671176610057 ] ] ] } },
{ "type": "Feature", "properties": { "bairro_oficial": "IPANEMA" }, "geometry": { "type": "Polygon", "coordinates": [ [ [ -51.24085652761741, -30.132096788002276 ], [ -51.238184119387697, -30.130471919652376 ], [ -51.236086953619051, -30.131293747221434 ], [ -51.235453978349391, -30.130790297422767 ], [ -51.233409307519167, -30.12875128631298 ], [ -51.228834220236337, -30.126227267884154 ], [ -51.226744959992679, -30.124954998953939 ], [ -51.225540747147619, -30.124460264292306 ], [ -51.224171330783122, -30.124137990428718 ], [ -51.223978121420394, -30.124010695030254 ], [ -51.223660072990171, -30.124259580836274 ], [ -51.222586522870422, -30.125958724607973 ], [ -51.222913621033271, -30.127509576204744 ], [ -51.223548846040771, -30.129048599288367 ], [ -51.223345587299626, -30.130146607446012 ], [ -51.22330293045006, -30.131183545302537 ], [ -51.218018180480271, -30.131703877631768 ], [ -51.218080917148207, -30.132199179518594 ], [ -51.216576543425894, -30.131935110164129 ], [ -51.21402620319364, -30.1319349727335 ], [ -51.213283631484167, -30.131875071168803 ], [ -51.213383859719613, -30.132602802974574 ], [ -51.213130774589445, -30.134124091983601 ], [ -51.213140522177817, -30.135374827758611 ], [ -51.212773256113607, -30.134982491446504 ], [ -51.21086912833443, -30.134562770530604 ], [ -51.207296349011351, -30.134680052038227 ], [ -51.20673475701993, -30.136164469940905 ], [ -51.209289703446252, -30.142562431056579 ], [ -51.208416367442538, -30.142855295787164 ], [ -51.208003565650557, -30.143084543491895 ], [ -51.207459517702056, -30.143194164801354 ], [ -51.206362659649557, -30.143572221459049 ], [ -51.206195180953884, -30.14371070523104 ], [ -51.206112235656462, -30.143950831682126 ], [ -51.207432448803516, -30.14393141600376 ], [ -51.207751408023753, -30.144114364401879 ], [ -51.207867839516759, -30.144248817609878 ], [ -51.208121774177684, -30.145055169554258 ], [ -51.209231970128208, -30.146081087690927 ], [ -51.209519738225765, -30.146791706162688 ], [ -51.210068578043689, -30.146693308586212 ], [ -51.212621597526571, -30.145560965810539 ], [ -51.215786156995883, -30.143624615869186 ], [ -51.216180568343908, -30.143559915553393 ], [ -51.218110704386312, -30.142305852185629 ], [ -51.218695752313948, -30.142771353467843 ], [ -51.21896959681218, -30.14292081845656 ], [ -51.219421561340063, -30.143027742593674 ], [ -51.220440673549575, -30.143587119195288 ], [ -51.225397594086452, -30.147083439696704 ], [ -51.22548884723485, -30.147052194560349 ], [ -51.225573341964186, -30.146675011124248 ], [ -51.225396553427977, -30.14637453212729 ], [ -51.225517536934774, -30.146153046564045 ], [ -51.225416293828367, -30.145648938184728 ], [ -51.225561964624738, -30.145370828026223 ], [ -51.225673444928773, -30.145354391746899 ], [ -51.225681358379717, -30.144907581840734 ], [ -51.226006433071746, -30.144302569505442 ], [ -51.226177003780698, -30.143789962102712 ], [ -51.226430512329294, -30.143403732845336 ], [ -51.226829990242393, -30.143055965578025 ], [ -51.227128206172878, -30.143150928065108 ], [ -51.227358749671424, -30.143076077505693 ], [ -51.226921460609979, -30.143008068446264 ], [ -51.227036912630446, -30.14264093727256 ], [ -51.227110413779521, -30.142590544352647 ], [ -51.22728798631838, -30.142645105239335 ], [ -51.227495490123822, -30.142892375294643 ], [ -51.227337395456203, -30.142638613103546 ], [ -51.227022112794288, -30.142526082788454 ], [ -51.227020157807473, -30.142261491225625 ], [ -51.227222504604512, -30.141799724629994 ], [ -51.227455346643538, -30.141551422176285 ], [ -51.22753022501599, -30.141513660283518 ], [ -51.227814618979792, -30.141650427817613 ], [ -51.227875286065334, -30.141617925168596 ], [ -51.227532979138509, -30.14112984863354 ], [ -51.227524909407755, -30.140916255988767 ], [ -51.227846698162807, -30.140202049310389 ], [ -51.228359644376233, -30.139584070973008 ], [ -51.229984404822382, -30.138219726204259 ], [ -51.230947867288208, -30.137662673573253 ], [ -51.231242846558708, -30.137621545333776 ], [ -51.231099942531792, -30.13733734792288 ], [ -51.231142241306635, -30.137266161428911 ], [ -51.231437413727591, -30.137397758580512 ], [ -51.231465322850902, -30.137477936048636 ], [ -51.231237991227033, -30.137765673217366 ], [ -51.231524519919816, -30.137707411551201 ], [ -51.231711186592179, -30.137479668265403 ], [ -51.231721853910678, -30.137379388430809 ], [ -51.231602895981894, -30.137390698448797 ], [ -51.2320879403457, -30.136490200847572 ], [ -51.233116740533248, -30.135693510301401 ], [ -51.235299479415467, -30.134397865585193 ], [ -51.235698492650201, -30.134188596596491 ], [ -51.235963838983132, -30.134134695980514 ], [ -51.23617354303186, -30.133952838016828 ], [ -51.237612964831008, -30.133271065896796 ], [ -51.238541607113952, -30.132864547344585 ], [ -51.238770485637666, -30.132844909766639 ], [ -51.239348075699972, -30.132557152918039 ], [ -51.24085652761741, -30.132096788002276 ] ] ] } },
{ "type": "Feature", "properties": { "bairro_oficial": "JARDIM BOTÂNICO" }, "geometry": { "type": "Polygon", "coordinates": [ [ [ -51.182188487927526, -30.046743111970859 ], [ -51.180396933139797, -30.04667810726767 ], [ -51.179887814026706, -30.046899721538711 ], [ -51.178956871438949, -30.046974746824219 ], [ -51.179052439979941, -30.047225433711244 ], [ -51.178410562890647, -30.047713002020647 ], [ -51.172486015248118, -30.047596300230843 ], [ -51.172789607887431, -30.048815301816138 ], [ -51.17270042327398, -30.049593154535614 ], [ -51.171412718030595, -30.051814891033619 ], [ -51.16935131090522, -30.054038410375178 ], [ -51.169106040127623, -30.054830151225492 ], [ -51.169150889947431, -30.055756285362769 ], [ -51.170989565734644, -30.055751073117321 ], [ -51.172116523560753, -30.055950370511017 ], [ -51.178188032554623, -30.058567252781405 ], [ -51.178996089418519, -30.058851341641667 ], [ -51.180357392765195, -30.059045261298714 ], [ -51.181600390265729, -30.058937550891244 ], [ -51.182822298905919, -30.058549232775988 ], [ -51.192018922678983, -30.054012357446652 ], [ -51.192967179809798, -30.053311827154388 ], [ -51.193571028267641, -30.052673084781169 ], [ -51.19514160573884, -30.050424006134271 ], [ -51.194644264745733, -30.050273918231248 ], [ -51.193665210288977, -30.050437686536995 ], [ -51.193493476623566, -30.049694498325721 ], [ -51.191942303629091, -30.049959266522311 ], [ -51.1910208274439, -30.049869859118406 ], [ -51.190474577827615, -30.04997496243109 ], [ -51.190056083133989, -30.048984043292233 ], [ -51.184528539499276, -30.050658367216712 ], [ -51.183838138635188, -30.049449610588617 ], [ -51.183407260388442, -30.048999880644072 ], [ -51.183047538456854, -30.04843438713943 ], [ -51.183294114698676, -30.047568287152917 ], [ -51.183629481978741, -30.047419993833124 ], [ -51.183657010273855, -30.046507959052327 ], [ -51.182188487927526, -30.046743111970859 ] ] ] } },
{ "type": "Feature", "properties": { "bairro_oficial": "JARDIM CARVALHO" }, "geometry": { "type": "Polygon", "coordinates": [ [ [ -51.141673070974576, -30.044020882916534 ], [ -51.140919519072597, -30.043945012309131 ], [ -51.137181235762185, -30.042925614945059 ], [ -51.136893969092981, -30.043628798729539 ], [ -51.136157244502265, -30.045006088021747 ], [ -51.136101071019752, -30.045449019016537 ], [ -51.136367655409558, -30.045676992410026 ], [ -51.13704728816144, -30.045855139407685 ], [ -51.137418805090952, -30.046042695581832 ], [ -51.138379808453017, -30.04676314097626 ], [ -51.139077244979703, -30.047555429654164 ], [ -51.139496720821889, -30.048468620835965 ], [ -51.139571125019572, -30.050289130496008 ], [ -51.136120201603667, -30.053985674754422 ], [ -51.13757717399745, -30.064054152765227 ], [ -51.138439190510567, -30.065368057804378 ], [ -51.13993311000187, -30.065425312733534 ], [ -51.140456344802544, -30.065909024270685 ], [ -51.14138378167624, -30.066315691106929 ], [ -51.141525550243571, -30.066627465585785 ], [ -51.141789581375789, -30.066876726492087 ], [ -51.142077153884763, -30.066970993392793 ], [ -51.142715339870499, -30.067007079676085 ], [ -51.142916680113679, -30.067343745264999 ], [ -51.142753241873926, -30.067812493868349 ], [ -51.142690189421096, -30.067822360858571 ], [ -51.142838974732001, -30.068158334811418 ], [ -51.143432331492534, -30.068093799831221 ], [ -51.145954251546208, -30.067378252024852 ], [ -51.147140093953716, -30.067116502957418 ], [ -51.147979441681507, -30.066762482276847 ], [ -51.148761875922624, -30.066285605823754 ], [ -51.149224738028948, -30.06584027859083 ], [ -51.149530910720813, -30.065381099535507 ], [ -51.150098910309559, -30.064107629926067 ], [ -51.150583913999974, -30.063421390780764 ], [ -51.151580628394868, -30.06045592320093 ], [ -51.15196320729126, -30.059713763962662 ], [ -51.152539800465554, -30.058998162724169 ], [ -51.153357390685898, -30.05831306025194 ], [ -51.154197187934066, -30.057866954738977 ], [ -51.157728034249892, -30.056355184012538 ], [ -51.159379559968649, -30.055897218864907 ], [ -51.159590033836096, -30.05146604014941 ], [ -51.159480625945257, -30.051122538405629 ], [ -51.159243095959368, -30.050930954040467 ], [ -51.153785147944873, -30.0507877274915 ], [ -51.153732765217839, -30.051616053548962 ], [ -51.153091074522976, -30.051314798389299 ], [ -51.150865741380478, -30.051178854880678 ], [ -51.14969866101216, -30.051313649969195 ], [ -51.149545707473322, -30.051275889937259 ], [ -51.149948155443845, -30.050217938730079 ], [ -51.150098288505795, -30.050282814022498 ], [ -51.150169932597699, -30.048415723993223 ], [ -51.150081000684985, -30.048181791015377 ], [ -51.150150023800698, -30.048032903307242 ], [ -51.15046523351451, -30.044500769539908 ], [ -51.14994788263872, -30.041690260521992 ], [ -51.147551042485979, -30.041936550696001 ], [ -51.145996545218878, -30.042519568752699 ], [ -51.144553880421135, -30.043185830035799 ], [ -51.142434831715171, -30.043865383059504 ], [ -51.141673070974576, -30.044020882916534 ] ] ] } },
{ "type": "Feature", "properties": { "bairro_oficial": "JARDIM DO SALSO" }, "geometry": { "type": "Polygon", "coordinates": [ [ [ -51.166056021873338, -30.046475312340299 ], [ -51.166382776154435, -30.047908535997092 ], [ -51.164894143453495, -30.047428556022798 ], [ -51.16479393633643, -30.047654787518645 ], [ -51.16435881306549, -30.04873983555964 ], [ -51.16512686353196, -30.048985347814654 ], [ -51.164637049320255, -30.050204838709782 ], [ -51.164774622546453, -30.050236807197589 ], [ -51.164871919742765, -30.050394474454659 ], [ -51.165017272305533, -30.051116244821312 ], [ -51.164504416450818, -30.0521130093042 ], [ -51.159565942411099, -30.05211748986299 ], [ -51.159379559968649, -30.055897218864907 ], [ -51.160693149750074, -30.055793927101774 ], [ -51.169150889947431, -30.055756285362769 ], [ -51.169106040127623, -30.054830151225492 ], [ -51.16935131090522, -30.054038410375178 ], [ -51.171412718030595, -30.051814891033619 ], [ -51.1727282732774, -30.049509487371832 ], [ -51.172789607887431, -30.048815301816138 ], [ -51.1724218746443, -30.047336380401642 ], [ -51.17230277257125, -30.046032577228093 ], [ -51.166056021873338, -30.046475312340299 ] ] ] } },
{ "type": "Feature", "properties": { "bairro_oficial": "JARDIM EUROPA" }, "geometry": { "type": "Polygon", "coordinates": [ [ [ -51.161499956472987, -30.020346012546256 ], [ -51.161396282696877, -30.021144038136146 ], [ -51.156972308924367, -30.021368781134349 ], [ -51.155407806935372, -30.021203567286939 ], [ -51.154832040707674, -30.02093099083838 ], [ -51.154751031538396, -30.021120528043031 ], [ -51.154070570113788, -30.026202810035681 ], [ -51.153243475605109, -30.026116233441098 ], [ -51.152959822725826, -30.026331280275659 ], [ -51.152814901248618, -30.027302585643969 ], [ -51.154079954083507, -30.02812661139383 ], [ -51.154216624869569, -30.028126568553279 ], [ -51.155080539785189, -30.029283780647891 ], [ -51.155512542665882, -30.030473730917194 ], [ -51.155992838379802, -30.030103209841467 ], [ -51.158509677532834, -30.028533351732449 ], [ -51.159291312594519, -30.028184800187454 ], [ -51.160066701959948, -30.0280445047573 ], [ -51.163240295461762, -30.028060194871959 ], [ -51.163237435202255, -30.02623220745825 ], [ -51.163385898703439, -30.023206283550071 ], [ -51.163915019442015, -30.02059056553345 ], [ -51.161499956472987, -30.020346012546256 ] ] ] } },
{ "type": "Feature", "properties": { "bairro_oficial": "JARDIM FLORESTA" }, "geometry": { "type": "Polygon", "coordinates": [ [ [ -51.15536181772827, -29.995387920672403 ], [ -51.155138245406384, -30.000180541068694 ], [ -51.154864620460017, -30.003133960551253 ], [ -51.154860421411733, -30.004085502264271 ], [ -51.15533500475879, -30.004179068484387 ], [ -51.156834440993087, -30.004198243771871 ], [ -51.157771090231414, -30.004321514528861 ], [ -51.158374692730035, -30.004227906576027 ], [ -51.158579277820046, -30.004120732296453 ], [ -51.159170926675991, -30.004104912550172 ], [ -51.159587047449989, -30.004220007748689 ], [ -51.159925162872845, -30.004414025718152 ], [ -51.160250611558986, -30.004849053026245 ], [ -51.162663218861518, -30.003784012064987 ], [ -51.162857014376897, -30.003556439079187 ], [ -51.16290009381359, -30.003346504460186 ], [ -51.162801182829497, -30.002754108846268 ], [ -51.162858086515939, -30.002267025834225 ], [ -51.16265682181465, -30.002216928321765 ], [ -51.162763376074309, -30.001782316092637 ], [ -51.162706225272345, -30.001692399303419 ], [ -51.162842915941503, -30.001564247200808 ], [ -51.164047015259278, -29.99633514989597 ], [ -51.162440147435916, -29.9963705524864 ], [ -51.15536181772827, -29.995387920672403 ] ] ] } },
{ "type": "Feature", "properties": { "bairro_oficial": "JARDIM ISABEL" }, "geometry": { "type": "Polygon", "coordinates": [ [ [ -51.230449105920215, -30.12343201278701 ], [ -51.229542998162259, -30.12600010132893 ], [ -51.22935706437076, -30.126243292383496 ], [ -51.229084472044157, -30.126319982534035 ], [ -51.233409307519167, -30.12875128631298 ], [ -51.235453978349391, -30.130790297422767 ], [ -51.236086953619051, -30.131293747221434 ], [ -51.238184119387697, -30.130471919652376 ], [ -51.24247790378832, -30.127218731181646 ], [ -51.240207503429765, -30.126426461731505 ], [ -51.240947166261286, -30.124991860397799 ], [ -51.241029450172235, -30.124678661175661 ], [ -51.240948887499037, -30.124603638393257 ], [ -51.235537541337976, -30.123184362456435 ], [ -51.233784491540483, -30.122877205904505 ], [ -51.232248910760603, -30.122737176555006 ], [ -51.231758706065911, -30.122607980049047 ], [ -51.230449105920215, -30.12343201278701 ] ] ] } },
{ "type": "Feature", "properties": { "bairro_oficial": "JARDIM ITU" }, "geometry": { "type": "Polygon", "coordinates": [ [ [ -51.130812904973055, -30.011250471150383 ], [ -51.13123629723129, -30.017790791149466 ], [ -51.131613355189934, -30.026558899728474 ], [ -51.131670766196208, -30.026852900650574 ], [ -51.13285573100373, -30.02973738787901 ], [ -51.133289935329515, -30.030306211258278 ], [ -51.133598427503664, -30.030606198183669 ], [ -51.134443040626486, -30.030356265563587 ], [ -51.134916077543892, -30.030909029749576 ], [ -51.139259527534591, -30.029646112012617 ], [ -51.138806949351569, -30.028528918087122 ], [ -51.138792504222245, -30.027558125484443 ], [ -51.143650052604556, -30.027548034379119 ], [ -51.143658032053757, -30.027982235868485 ], [ -51.144577917866584, -30.027326750715755 ], [ -51.146353953869145, -30.027332110510649 ], [ -51.146399935398684, -30.026667900380474 ], [ -51.144986973196318, -30.026660482659945 ], [ -51.144353853178998, -30.019566290316234 ], [ -51.143556716359406, -30.01951079272721 ], [ -51.143495750317655, -30.018799348145766 ], [ -51.143945767321327, -30.018831876282665 ], [ -51.143879767392278, -30.018079606434767 ], [ -51.143343692622231, -30.018040646927979 ], [ -51.142758709573705, -30.0167355261278 ], [ -51.142370674948602, -30.016429235753009 ], [ -51.142429640057614, -30.016217172812151 ], [ -51.143322622523094, -30.015254372441085 ], [ -51.143548694314518, -30.015237203546899 ], [ -51.143017000207358, -30.009928998200241 ], [ -51.141171958977743, -30.009662344924504 ], [ -51.140491852727699, -30.009781243428385 ], [ -51.138450685255158, -30.010340686001115 ], [ -51.13789590837554, -30.010405751518103 ], [ -51.135031299071443, -30.009947568697953 ], [ -51.134284173557134, -30.009951332515435 ], [ -51.133790389079607, -30.010075685828095 ], [ -51.130812904973055, -30.011250471150383 ] ] ] } },
{ "type": "Feature", "properties": { "bairro_oficial": "JARDIM LEOPOLDINA" }, "geometry": { "type": "Polygon", "coordinates": [ [ [ -51.112300658988978, -30.015229672277918 ], [ -51.111293233072502, -30.015285925183058 ], [ -51.1090664251428, -30.016118607824961 ], [ -51.108467437658788, -30.016272965290884 ], [ -51.107746358234756, -30.016345538988148 ], [ -51.106930866001555, -30.016311813268345 ], [ -51.107974806308199, -30.026028044590731 ], [ -51.108753497248877, -30.025965075404955 ], [ -51.108825484790088, -30.026675723792689 ], [ -51.110262798410957, -30.026551825360166 ], [ -51.110027888843831, -30.023737090088087 ], [ -51.11326648621268, -30.02350139652302 ], [ -51.113475280781223, -30.025870726612737 ], [ -51.114294619563786, -30.025803140291192 ], [ -51.11432616592748, -30.026201498352346 ], [ -51.120152844225352, -30.025762653844755 ], [ -51.120025133059187, -30.023638275640131 ], [ -51.119167263847096, -30.014992457976799 ], [ -51.116083285223297, -30.015514803945244 ], [ -51.112300658988978, -30.015229672277918 ] ] ] } },
{ "type": "Feature", "properties": { "bairro_oficial": "JARDIM LINDÓIA" }, "geometry": { "type": "Polygon", "coordinates": [ [ [ -51.149044271715894, -30.010527718127978 ], [ -51.154184620306012, -30.010413446636452 ], [ -51.154698652767564, -30.006610532258861 ], [ -51.154644118106198, -30.006297880848187 ], [ -51.154457426435343, -30.006121961893818 ], [ -51.153903171711988, -30.006072105976202 ], [ -51.153961455240093, -30.005056419577446 ], [ -51.154875696685643, -30.005068460997535 ], [ -51.154864620460017, -30.003133960551253 ], [ -51.155240899762696, -29.998152778346313 ], [ -51.147825406455752, -29.997965359292376 ], [ -51.147258370982094, -30.004225611427 ], [ -51.148485368107657, -30.004380695617971 ], [ -51.148487487604044, -30.005198530271748 ], [ -51.149044271715894, -30.010527718127978 ] ] ] } },
{ "type": "Feature", "properties": { "bairro_oficial": "JARDIM SABARÁ" }, "geometry": { "type": "Polygon", "coordinates": [ [ [ -51.133598427503664, -30.030606198183669 ], [ -51.134699906422853, -30.031744695104059 ], [ -51.134841011660704, -30.031986985158341 ], [ -51.135045946537034, -30.032821198416809 ], [ -51.135298732600582, -30.035309148771358 ], [ -51.135746617409055, -30.042581988734057 ], [ -51.138393360449278, -30.043215959058113 ], [ -51.140919519072597, -30.043945012309131 ], [ -51.141673070974576, -30.044020882916534 ], [ -51.142434831715171, -30.043865383059504 ], [ -51.144553880421135, -30.043185830035799 ], [ -51.145996545218878, -30.042519568752699 ], [ -51.147551042485979, -30.041936550696001 ], [ -51.14974748682986, -30.04173717234055 ], [ -51.148796790462015, -30.036432662636436 ], [ -51.148913343578471, -30.036430093289212 ], [ -51.14851027345474, -30.034604915018203 ], [ -51.147939532233451, -30.033371500911286 ], [ -51.147876121916596, -30.033033799438321 ], [ -51.147659880407289, -30.030049043447299 ], [ -51.147144097364652, -30.02732895960207 ], [ -51.144577917866584, -30.027326750715755 ], [ -51.143658032053757, -30.027982235868485 ], [ -51.143650052604556, -30.027548034379119 ], [ -51.138792504222245, -30.027558125484443 ], [ -51.138806949351569, -30.028528918087122 ], [ -51.139259527534591, -30.029646112012617 ], [ -51.134916077543892, -30.030909029749576 ], [ -51.134443040626486, -30.030356265563587 ], [ -51.133598427503664, -30.030606198183669 ] ] ] } },
{ "type": "Feature", "properties": { "bairro_oficial": "JARDIM SÃO PEDRO" }, "geometry": { "type": "Polygon", "coordinates": [ [ [ -51.164047015259278, -29.99633514989597 ], [ -51.162842915941503, -30.001564247200808 ], [ -51.162706225272345, -30.001692399303419 ], [ -51.162763376074309, -30.001782316092637 ], [ -51.16265682181465, -30.002216928321765 ], [ -51.162858086515939, -30.002267025834225 ], [ -51.162801182829497, -30.002754108846268 ], [ -51.162888164260337, -30.003167581811319 ], [ -51.162857014376897, -30.003556439079187 ], [ -51.162663218861518, -30.003784012064987 ], [ -51.16160699819774, -30.004257733060353 ], [ -51.162264286898669, -30.004280313318688 ], [ -51.162749210439344, -30.004509079591095 ], [ -51.163445603485634, -30.005297881783545 ], [ -51.163564387569764, -30.005682023387468 ], [ -51.16335357508023, -30.006903798797826 ], [ -51.163147838961947, -30.007413875872803 ], [ -51.162740761311696, -30.007923366324199 ], [ -51.162266438867888, -30.011013251682421 ], [ -51.166160941389087, -30.011704577749068 ], [ -51.166912073853474, -30.007645856370683 ], [ -51.167065827914548, -30.007547358400892 ], [ -51.167759780965319, -30.007694536859585 ], [ -51.16869426863574, -30.002818953906321 ], [ -51.171285954630243, -30.00318209897674 ], [ -51.171885707565963, -30.003195478457346 ], [ -51.17185127956666, -30.002633016693448 ], [ -51.172044861380456, -30.002584622262304 ], [ -51.171657624324098, -29.997105781847363 ], [ -51.171251175673156, -29.996532583544376 ], [ -51.170767597881913, -29.996193458865001 ], [ -51.164047015259278, -29.99633514989597 ] ] ] } },
{ "type": "Feature", "properties": { "bairro_oficial": "LAGEADO" }, "geometry": { "type": "Polygon", "coordinates": [ [ [ -51.088531367160549, -30.175470215509314 ], [ -51.082682844433705, -30.17897330036751 ], [ -51.082722941541505, -30.17904715811067 ], [ -51.08313706093741, -30.179612802365639 ], [ -51.083495851055851, -30.179879497995703 ], [ -51.086161407521985, -30.180851797186602 ], [ -51.087369070215473, -30.181549638906329 ], [ -51.088849633880585, -30.182792444566392 ], [ -51.090982118459891, -30.184227131119304 ], [ -51.092507351853051, -30.185365862341072 ], [ -51.09292440158503, -30.185756444492011 ], [ -51.093677464996048, -30.186585665831515 ], [ -51.094794152375009, -30.188014998581657 ], [ -51.094728904612474, -30.188275568597351 ], [ -51.094278529489003, -30.188975813684774 ], [ -51.094091175495194, -30.189192503780419 ], [ -51.093804625190529, -30.189349643544766 ], [ -51.095006279826691, -30.190827899473081 ], [ -51.096310644497564, -30.191777324862347 ], [ -51.096488640169078, -30.192212423919585 ], [ -51.096568212443351, -30.193074048730491 ], [ -51.096721094761897, -30.193376288968388 ], [ -51.099335232301748, -30.195571376532826 ], [ -51.101432897580736, -30.197801464861289 ], [ -51.102927881419916, -30.198722952995688 ], [ -51.103497583693496, -30.198925228260574 ], [ -51.104868212792866, -30.199170179789114 ], [ -51.107087449544885, -30.200192400831103 ], [ -51.108614470961406, -30.200773132926489 ], [ -51.110541488468648, -30.201375274958281 ], [ -51.112255566984452, -30.202619659687262 ], [ -51.114293173034866, -30.203562822965246 ], [ -51.114970137194121, -30.203722532698364 ], [ -51.116676073697143, -30.20367389053456 ], [ -51.118619505839497, -30.202770558195326 ], [ -51.120556117907988, -30.202088094577647 ], [ -51.124169611950556, -30.200088691932919 ], [ -51.126039746270045, -30.199472669702406 ], [ -51.126864373368115, -30.198781755579464 ], [ -51.135930178374259, -30.205702345638709 ], [ -51.143946373631884, -30.20449993075907 ], [ -51.143885303867485, -30.205661208286315 ], [ -51.145758589094342, -30.209733015504042 ], [ -51.146025611783195, -30.210462399938006 ], [ -51.147296354385368, -30.210623285003365 ], [ -51.148877177653858, -30.21111745252675 ], [ -51.150065609482624, -30.211747829030141 ], [ -51.151611722061944, -30.212829347935266 ], [ -51.152621048798828, -30.213097125560822 ], [ -51.153982406025619, -30.213220721601186 ], [ -51.155889873341664, -30.213118122391972 ], [ -51.159585632976004, -30.212623793683935 ], [ -51.160503137971332, -30.212624093456633 ], [ -51.161708961313614, -30.212772306223648 ], [ -51.161555750328361, -30.211216093249138 ], [ -51.160318374688792, -30.210084135609925 ], [ -51.15991094065874, -30.209511752140692 ], [ -51.159790423930986, -30.209165440383245 ], [ -51.159870238658279, -30.208697044816368 ], [ -51.160258437510961, -30.208188925008869 ], [ -51.160348493157009, -30.207937884902773 ], [ -51.159989776371376, -30.206837626420146 ], [ -51.159935107665561, -30.205508072242758 ], [ -51.160732519113637, -30.20365964988849 ], [ -51.160590050459362, -30.20299702762069 ], [ -51.159970531734785, -30.20155295381705 ], [ -51.159901899508441, -30.201208383463911 ], [ -51.160044946885606, -30.200661662301719 ], [ -51.160301019970298, -30.200248271183614 ], [ -51.161250125346072, -30.199615240698986 ], [ -51.161523807324649, -30.199270249718495 ], [ -51.162781381464477, -30.196398263883953 ], [ -51.162823874887827, -30.195627807670416 ], [ -51.162463070018383, -30.194429566620158 ], [ -51.162263568604992, -30.192559555211762 ], [ -51.161490957246087, -30.192251333884752 ], [ -51.161182233632978, -30.191966190234787 ], [ -51.158220132390177, -30.187646406350794 ], [ -51.157806008894553, -30.187106269658244 ], [ -51.157515876685864, -30.18687769375418 ], [ -51.157019760836548, -30.186748198237684 ], [ -51.154578463283627, -30.186565362121897 ], [ -51.152125038713855, -30.18668220350866 ], [ -51.151003393744624, -30.186549693551168 ], [ -51.150413109139706, -30.186339525614684 ], [ -51.149580695602133, -30.185888395977873 ], [ -51.147513603833112, -30.184496262891805 ], [ -51.146192103496503, -30.183970945164898 ], [ -51.145334001393223, -30.183846746235023 ], [ -51.143171326450386, -30.183857893668598 ], [ -51.141936568657442, -30.183412831438982 ], [ -51.141102471938744, -30.183385831853347 ], [ -51.140634422571139, -30.183262874286562 ], [ -51.14085436668843, -30.183171022342997 ], [ -51.141018165647147, -30.182987258125419 ], [ -51.141443275614492, -30.182331497481652 ], [ -51.141763691867382, -30.181485150141988 ], [ -51.141920267902705, -30.180287857873878 ], [ -51.142945778502735, -30.178446710694079 ], [ -51.143673761416025, -30.177564438364776 ], [ -51.145336250829644, -30.176094568474209 ], [ -51.145136562733924, -30.175978461040781 ], [ -51.140652413014763, -30.175771339427328 ], [ -51.140456202601491, -30.17570915011898 ], [ -51.140353578032581, -30.175550626626713 ], [ -51.140382117407462, -30.175347651734555 ], [ -51.141135141435427, -30.174298950690488 ], [ -51.14178715631045, -30.172417948810111 ], [ -51.142501018675162, -30.171467585984008 ], [ -51.142830506844518, -30.169650853981569 ], [ -51.143073348688112, -30.168840513481882 ], [ -51.12250832126243, -30.16999706774023 ], [ -51.11404744088631, -30.161978767195968 ], [ -51.088531367160549, -30.175470215509314 ] ] ] } },
{ "type": "Feature", "properties": { "bairro_oficial": "LAMI" }, "geometry": { "type": "Polygon", "coordinates": [ [ [ -51.090952757320785, -30.210935417589106 ], [ -51.090334350765602, -30.210859279726378 ], [ -51.088570695586803, -30.210017534443757 ], [ -51.086483305147283, -30.209203756842452 ], [ -51.08594859344759, -30.209064435629472 ], [ -51.085567244686658, -30.209068150845219 ], [ -51.0876099006693, -30.22186076352407 ], [ -51.082932314558043, -30.222393292193832 ], [ -51.079022948670165, -30.223413406957697 ], [ -51.075911075529909, -30.224913777745325 ], [ -51.070602751681989, -30.226970373941814 ], [ -51.067601289771133, -30.228513792260618 ], [ -51.064489727951297, -30.229429009472465 ], [ -51.060179754955918, -30.231864708978303 ], [ -51.059802140897148, -30.231861147261128 ], [ -51.059423419706754, -30.231705987161863 ], [ -51.056359078131344, -30.22916421832964 ], [ -51.055827579118592, -30.228888700167602 ], [ -51.055293384960905, -30.228870693937733 ], [ -51.053808288389682, -30.229164227805821 ], [ -51.052724949829191, -30.229430746252078 ], [ -51.052118049483184, -30.229716166719758 ], [ -51.052231518053581, -30.229879394925952 ], [ -51.052554644033442, -30.229964712789275 ], [ -51.052587679575417, -30.230153804666966 ], [ -51.053184352134927, -30.230775924613397 ], [ -51.053097471365462, -30.230930618401597 ], [ -51.052581640664364, -30.231231079464923 ], [ -51.052560327913483, -30.231547587409334 ], [ -51.05266743952005, -30.231667934111478 ], [ -51.052672558431162, -30.231863816209721 ], [ -51.052427757950149, -30.232122786640282 ], [ -51.052494752987123, -30.232286541909161 ], [ -51.05245476557478, -30.232554617778479 ], [ -51.053073063863941, -30.233201176397781 ], [ -51.053576644943668, -30.233429690119635 ], [ -51.053833791227291, -30.233431545840045 ], [ -51.054823424820754, -30.233876095342193 ], [ -51.054171098782867, -30.234601735522872 ], [ -51.054153478911402, -30.234767493151203 ], [ -51.054618986504153, -30.23521071349499 ], [ -51.054704358167449, -30.235483909194954 ], [ -51.054932752258388, -30.235638565007363 ], [ -51.054958001199459, -30.236011872402923 ], [ -51.055161026461079, -30.236263813368144 ], [ -51.055162161992065, -30.2364052631793 ], [ -51.055402793689439, -30.236524180124523 ], [ -51.055287943312671, -30.237100401770412 ], [ -51.055608090970225, -30.237192965001135 ], [ -51.055871243845601, -30.237588331246442 ], [ -51.056251730163048, -30.237489263508966 ], [ -51.056406841667744, -30.237569272835792 ], [ -51.056544783038554, -30.23788819857036 ], [ -51.057696298833704, -30.239035502429299 ], [ -51.058127984094135, -30.239932833047341 ], [ -51.058364537293848, -30.239894596431228 ], [ -51.058236029972406, -30.241767745977253 ], [ -51.058170837953575, -30.241855905483298 ], [ -51.058580630454934, -30.243247460649069 ], [ -51.058563867028326, -30.243479209261274 ], [ -51.057035315905928, -30.244476709767238 ], [ -51.056844023196668, -30.244669393131261 ], [ -51.056852317387289, -30.244766881730751 ], [ -51.057016502219049, -30.244887251258113 ], [ -51.056802336865751, -30.24520163383826 ], [ -51.056932563645717, -30.245589724784725 ], [ -51.056932275854656, -30.246025893183795 ], [ -51.057248079207099, -30.246823560259919 ], [ -51.057276546328723, -30.24753923514324 ], [ -51.055988445943576, -30.249129596981138 ], [ -51.055964885654227, -30.249268294017618 ], [ -51.055566594787194, -30.249666807798114 ], [ -51.055121063675912, -30.25027316092519 ], [ -51.055088728870636, -30.250439057980579 ], [ -51.054869912700973, -30.25055228562633 ], [ -51.054861446263061, -30.250667642269576 ], [ -51.054734158689541, -30.250763932845928 ], [ -51.0547213133014, -30.250942604887037 ], [ -51.054498386603008, -30.250975682004942 ], [ -51.054468296033733, -30.25116064590992 ], [ -51.054335316272272, -30.251307375891283 ], [ -51.05442284735949, -30.251589158803274 ], [ -51.054262221920382, -30.251711388241045 ], [ -51.054115082629565, -30.252073665305165 ], [ -51.054412313548895, -30.252571641626592 ], [ -51.054326955522832, -30.252885033504416 ], [ -51.05417589065015, -30.253073996665499 ], [ -51.054367026581595, -30.253250125047277 ], [ -51.054104105985139, -30.25385781292966 ], [ -51.054230449058267, -30.254008553328507 ], [ -51.054566319075633, -30.254163574307995 ], [ -51.054890127914625, -30.25422411672238 ], [ -51.055094650330503, -30.254185410560485 ], [ -51.055170395097882, -30.254574002820359 ], [ -51.055121739635361, -30.254794832751301 ], [ -51.055421873378428, -30.255077785393571 ], [ -51.055303003125211, -30.255243819997766 ], [ -51.055297893138828, -30.255498428507007 ], [ -51.054899403684217, -30.255625316112567 ], [ -51.055097835709603, -30.255882558871615 ], [ -51.054962568820969, -30.256346823213285 ], [ -51.054986022167434, -30.256579574271555 ], [ -51.054792992692285, -30.256770345355946 ], [ -51.053802248488104, -30.257290522843501 ], [ -51.053808809793232, -30.257394097518734 ], [ -51.053538780561425, -30.257752491035259 ], [ -51.053763624213978, -30.257991766544361 ], [ -51.054088404200066, -30.258029493565243 ], [ -51.054348420146489, -30.258237001606314 ], [ -51.054786311944142, -30.258316206653038 ], [ -51.055204754204006, -30.258601807278744 ], [ -51.054942894448274, -30.258844705603018 ], [ -51.054483102301489, -30.258715955950464 ], [ -51.053988382552618, -30.258863398282266 ], [ -51.053429025454285, -30.259485268506413 ], [ -51.053439260000054, -30.25992880339702 ], [ -51.054114209054141, -30.259859231161947 ], [ -51.054471788314061, -30.260026534845576 ], [ -51.054915646293964, -30.260407761252157 ], [ -51.055060335182077, -30.260440050490669 ], [ -51.056255769025697, -30.260351556522068 ], [ -51.057095955190597, -30.260030204466855 ], [ -51.05797351146402, -30.259184941442346 ], [ -51.058603516488724, -30.258977940291992 ], [ -51.059629982959827, -30.259268541206641 ], [ -51.05986511239248, -30.259231752226231 ], [ -51.060125403916501, -30.259042596375782 ], [ -51.060689441398409, -30.258951743280502 ], [ -51.061142973771275, -30.259575571756642 ], [ -51.061670416192925, -30.25982591102423 ], [ -51.062172272911354, -30.259783389296025 ], [ -51.062235799099433, -30.259591384485525 ], [ -51.062678007876933, -30.259529109488874 ], [ -51.06257901490531, -30.259439495708413 ], [ -51.062625919567338, -30.259181006253659 ], [ -51.062516470269266, -30.259079998879564 ], [ -51.062643631196188, -30.258877496759496 ], [ -51.062663099166762, -30.258656341680716 ], [ -51.062802919217063, -30.25858498241324 ], [ -51.062846881827362, -30.258645833830116 ], [ -51.062991260715364, -30.258638510037205 ], [ -51.063032210950972, -30.25857718664426 ], [ -51.062657177935776, -30.258321946705454 ], [ -51.062736463892698, -30.25809273726178 ], [ -51.063122306191865, -30.25788478557882 ], [ -51.062987682907952, -30.257775304944822 ], [ -51.063004936024655, -30.257452345147822 ], [ -51.063089194985153, -30.257371520707963 ], [ -51.062982260170614, -30.257017036509573 ], [ -51.063135695731098, -30.256940019763491 ], [ -51.062954026115072, -30.256625357275794 ], [ -51.063097923102248, -30.256497876193563 ], [ -51.063033301295192, -30.256447565538046 ], [ -51.063035202812934, -30.255991860956129 ], [ -51.063404357275424, -30.255333432074686 ], [ -51.063398683253403, -30.255185291597471 ], [ -51.063608713696603, -30.254962947870588 ], [ -51.063760296538973, -30.25450546459351 ], [ -51.063952353532983, -30.254452707257236 ], [ -51.064139333119975, -30.254212446182315 ], [ -51.064315219579314, -30.254246425689875 ], [ -51.064304604290371, -30.254031001395937 ], [ -51.064432276189514, -30.253875512098531 ], [ -51.064347725042133, -30.253506572073988 ], [ -51.064577635465568, -30.253377882459166 ], [ -51.064654429387993, -30.253151463921018 ], [ -51.065473492415208, -30.252655150675345 ], [ -51.065473163677126, -30.252240904236242 ], [ -51.066045535905353, -30.251823225665873 ], [ -51.066553630076214, -30.251819222216302 ], [ -51.066996248818498, -30.251392028956566 ], [ -51.066897100283072, -30.251114068941611 ], [ -51.067219581931468, -30.251110622133321 ], [ -51.06733402213203, -30.250605575657385 ], [ -51.067574677472209, -30.250548902784757 ], [ -51.067737570573193, -30.250423879275207 ], [ -51.068025945573872, -30.250040456584287 ], [ -51.068563588609905, -30.249646863878009 ], [ -51.068677411812104, -30.249279872852771 ], [ -51.068808824446172, -30.249276115330698 ], [ -51.068949939978587, -30.249054285258353 ], [ -51.069121374120115, -30.248978684437262 ], [ -51.069139580503588, -30.248884550133162 ], [ -51.069011568883212, -30.248705092152896 ], [ -51.069323438495005, -30.248536128526986 ], [ -51.06941182113642, -30.24833426248021 ], [ -51.069451476529963, -30.248025821869994 ], [ -51.069368464567411, -30.247687316195464 ], [ -51.069516489638907, -30.247261084406187 ], [ -51.070048358727952, -30.246860267451613 ], [ -51.071462729065537, -30.246088942433342 ], [ -51.072611570731915, -30.245565183844079 ], [ -51.073333056391093, -30.24546750090142 ], [ -51.073412950942675, -30.24528930083931 ], [ -51.073706995885097, -30.245202159004567 ], [ -51.0743653218045, -30.244542488860958 ], [ -51.074872291347567, -30.244389082653669 ], [ -51.075465990726492, -30.244359215449048 ], [ -51.075483202343044, -30.244147060167737 ], [ -51.075608666880527, -30.243996540477038 ], [ -51.075986169788862, -30.24375821150014 ], [ -51.076111748935546, -30.243581432876802 ], [ -51.076526846786741, -30.243377519742381 ], [ -51.079290991081415, -30.242510539413615 ], [ -51.07944636160618, -30.242576061025517 ], [ -51.079372843269589, -30.242743312529708 ], [ -51.079772615577447, -30.242727200505946 ], [ -51.079983183041001, -30.242792053703848 ], [ -51.080399038268958, -30.242505021846444 ], [ -51.080553038859208, -30.242533264006831 ], [ -51.080666342735313, -30.242646982412708 ], [ -51.08074887146077, -30.242522576602866 ], [ -51.081238216323626, -30.242391535173564 ], [ -51.081443216281755, -30.242073369292434 ], [ -51.081608202317732, -30.242141775308124 ], [ -51.081703838659692, -30.241993181616166 ], [ -51.082027913803664, -30.242093531163118 ], [ -51.08206389743107, -30.24202416283357 ], [ -51.082340797954508, -30.242014364914084 ], [ -51.082491123301459, -30.241930338974715 ], [ -51.082643348728809, -30.242069938644303 ], [ -51.082894255232041, -30.241972832781681 ], [ -51.082900646475331, -30.241851063601182 ], [ -51.083073489796206, -30.24178741856613 ], [ -51.083046678790922, -30.241730717854274 ], [ -51.083168468201343, -30.241732822713061 ], [ -51.083348024642092, -30.241606168812357 ], [ -51.083534424998518, -30.241824482966816 ], [ -51.083606409143009, -30.241729357878263 ], [ -51.084144777970103, -30.241616168676284 ], [ -51.084553160406429, -30.241372515308541 ], [ -51.084740655354985, -30.241461765052783 ], [ -51.08521863212443, -30.241467054199692 ], [ -51.085304191179546, -30.241280341103696 ], [ -51.085589332578962, -30.241502312668175 ], [ -51.08569752285927, -30.241450379186521 ], [ -51.085725206468965, -30.241330511933366 ], [ -51.085837235888519, -30.241538586942376 ], [ -51.085924607613705, -30.241402978183444 ], [ -51.086237014662196, -30.241317750947516 ], [ -51.086345720017697, -30.241141370491395 ], [ -51.086448167656172, -30.241345100608683 ], [ -51.086521252094997, -30.241263128992333 ], [ -51.086671912648683, -30.241354542709146 ], [ -51.087047989150328, -30.241329015564759 ], [ -51.087247193085595, -30.241198295673179 ], [ -51.087502001888907, -30.241309399808891 ], [ -51.087742541275333, -30.241240303590686 ], [ -51.087816923313866, -30.241368761878878 ], [ -51.08788311169269, -30.24127103855578 ], [ -51.088096982345718, -30.241270957172574 ], [ -51.088143447406011, -30.241135163346282 ], [ -51.088269979543895, -30.241258837784287 ], [ -51.088474084319806, -30.241043258521781 ], [ -51.088658436679722, -30.240979029139051 ], [ -51.088824281026298, -30.241034848821737 ], [ -51.089075853378993, -30.240864342683377 ], [ -51.089170396655831, -30.240896330760432 ], [ -51.08915310952338, -30.240832784408575 ], [ -51.08956703212661, -30.240762791870829 ], [ -51.089745431310924, -30.240659831903319 ], [ -51.089974014577486, -30.240835965963612 ], [ -51.090282635046037, -30.240820578133317 ], [ -51.090359106139069, -30.240915968132978 ], [ -51.090454353508619, -30.240690708518237 ], [ -51.090522643671129, -30.240870695774827 ], [ -51.090562352299024, -30.240767969361627 ], [ -51.090626219167, -30.240845196599981 ], [ -51.090841630297696, -30.240837928285636 ], [ -51.090847443269539, -30.2407510638437 ], [ -51.090962089604922, -30.240875752441188 ], [ -51.091299803416433, -30.240885047030968 ], [ -51.091395201958342, -30.240758151151773 ], [ -51.091522536128153, -30.240830834136382 ], [ -51.091875250980181, -30.240719388100004 ], [ -51.091999088519614, -30.240816756440211 ], [ -51.092187049884096, -30.240826404581803 ], [ -51.092544204825103, -30.240696573926193 ], [ -51.092681909027824, -30.24086518911384 ], [ -51.093032093903204, -30.240985382740021 ], [ -51.0931161376094, -30.240940916795171 ], [ -51.093203701333572, -30.240988014802983 ], [ -51.093230758884602, -30.240933421165892 ], [ -51.09334320050953, -30.240991957676556 ], [ -51.093448884651515, -30.240935923277956 ], [ -51.093448270656964, -30.240851383435103 ], [ -51.093654324042845, -30.240807051978951 ], [ -51.093847988681745, -30.241031447874185 ], [ -51.094090791849268, -30.240918589750255 ], [ -51.094678231102165, -30.241058154454038 ], [ -51.095266583122751, -30.241061947878318 ], [ -51.095483427375406, -30.240982985123701 ], [ -51.095685792664682, -30.24118828413047 ], [ -51.095897290272077, -30.241188314429678 ], [ -51.095919748094644, -30.241281430488733 ], [ -51.096067788694299, -30.241259478383178 ], [ -51.096323412658514, -30.241404603490309 ], [ -51.096427541099878, -30.241319644741971 ], [ -51.096430432442936, -30.241422833198765 ], [ -51.096649415551703, -30.241426498433576 ], [ -51.096677183999546, -30.241517294825151 ], [ -51.096862531285289, -30.241465709228859 ], [ -51.096937676302801, -30.241619369219382 ], [ -51.097538972275217, -30.241806686287607 ], [ -51.09758679224452, -30.24189948097284 ], [ -51.097810551357192, -30.2419659879736 ], [ -51.097865982426839, -30.241916625866072 ], [ -51.097940181542931, -30.241997704465341 ], [ -51.098128590245643, -30.241974788012087 ], [ -51.098206569838723, -30.241890235330494 ], [ -51.098191839548093, -30.24202395128874 ], [ -51.098340464101376, -30.242118330822073 ], [ -51.098360624602428, -30.242042839435481 ], [ -51.098514606397366, -30.24225513973947 ], [ -51.098624201240092, -30.242208063919232 ], [ -51.098745140974067, -30.242326894605259 ], [ -51.099446783798754, -30.242565620116459 ], [ -51.099637256343172, -30.242756671971392 ], [ -51.099772101374597, -30.242759317965142 ], [ -51.099831506059189, -30.242867359710704 ], [ -51.099966127394261, -30.24279049356846 ], [ -51.10007881725835, -30.242900360918373 ], [ -51.10001432267326, -30.24293723809804 ], [ -51.100069450804902, -30.243004737632955 ], [ -51.100193039582834, -30.242952618067314 ], [ -51.100217283538235, -30.243061977380147 ], [ -51.100357672566162, -30.243033615268249 ], [ -51.100413292617922, -30.243264823837713 ], [ -51.100452113098456, -30.243215367833795 ], [ -51.100515797157932, -30.243313099823787 ], [ -51.10061739169948, -30.243254325018611 ], [ -51.100631992623313, -30.243425986835938 ], [ -51.10086815667912, -30.243500016763303 ], [ -51.100949188193368, -30.243645767724903 ], [ -51.10110058916748, -30.243642100434013 ], [ -51.101175380374286, -30.243881477442908 ], [ -51.101353275952341, -30.243917774568853 ], [ -51.101454289952784, -30.244228289133599 ], [ -51.101612547108793, -30.244383317172723 ], [ -51.101603354475202, -30.244503720919226 ], [ -51.101687412843852, -30.244534896202993 ], [ -51.10173462662631, -30.24494795450719 ], [ -51.101839751748102, -30.24501532784139 ], [ -51.101918315870662, -30.245321768552863 ], [ -51.10201518507543, -30.245436790999587 ], [ -51.10212976611497, -30.245429212743083 ], [ -51.102163833717611, -30.245614254893241 ], [ -51.102313488946741, -30.245662645123755 ], [ -51.102294035023768, -30.24579215789252 ], [ -51.102374253151616, -30.245827954324785 ], [ -51.10224946246769, -30.245907717196634 ], [ -51.102392160623353, -30.245893528945246 ], [ -51.102554238118969, -30.246074540551888 ], [ -51.102767632261646, -30.246078869253218 ], [ -51.102714003255677, -30.246132537570563 ], [ -51.102770176297525, -30.246186255089405 ], [ -51.102908304748823, -30.246100765733189 ], [ -51.103014253804282, -30.24576379988698 ], [ -51.10319282481251, -30.245858933293217 ], [ -51.103245880305259, -30.245615844940936 ], [ -51.103344838695328, -30.245715993222412 ], [ -51.103496121622186, -30.245734552966312 ], [ -51.103749050161554, -30.24558701780558 ], [ -51.103801458810615, -30.245713518687353 ], [ -51.103889489203098, -30.245638329023457 ], [ -51.103899171917128, -30.245465855460957 ], [ -51.10401296390728, -30.24554969557807 ], [ -51.104286438376292, -30.245361981097748 ], [ -51.10453940890357, -30.245445567371707 ], [ -51.104679634203286, -30.24539697364785 ], [ -51.104586554407788, -30.245513651373649 ], [ -51.10471716463833, -30.245588189736814 ], [ -51.104985696073975, -30.245242765220617 ], [ -51.105124175259995, -30.244856340824661 ], [ -51.10510190016565, -30.244460583503244 ], [ -51.104871613139707, -30.243769934636273 ], [ -51.105061630815285, -30.243689332158553 ], [ -51.10505085601897, -30.243519696542204 ], [ -51.104386299545325, -30.243234766616116 ], [ -51.104172070218127, -30.243035676075515 ], [ -51.104142546898892, -30.242906431043124 ], [ -51.104017766860409, -30.242916468276928 ], [ -51.1038863576129, -30.24278071891769 ], [ -51.103819494473051, -30.242808518703143 ], [ -51.103803680446362, -30.242693823947519 ], [ -51.103910063026476, -30.242728868952398 ], [ -51.104145522087521, -30.242640018393736 ], [ -51.104319157969563, -30.242367575835555 ], [ -51.104381863973643, -30.242504107492689 ], [ -51.104248615715555, -30.242594656074449 ], [ -51.104299356335652, -30.242661576386521 ], [ -51.104242018859345, -30.242729032844657 ], [ -51.10439546453452, -30.242824160294344 ], [ -51.104789508245581, -30.24279136758615 ], [ -51.104766269769442, -30.242894148235109 ], [ -51.105173950480498, -30.242954509303331 ], [ -51.105374989027801, -30.243136198855673 ], [ -51.105512747797924, -30.24295584258677 ], [ -51.105943561280959, -30.242915078571617 ], [ -51.106080371195624, -30.242788914352825 ], [ -51.105982677516906, -30.242706312340395 ], [ -51.106213742990377, -30.242802006297733 ], [ -51.106432380264764, -30.242587649377942 ], [ -51.106951954850977, -30.242337546696803 ], [ -51.107172962962856, -30.242375474973677 ], [ -51.10709982045563, -30.24240415477351 ], [ -51.107035310157002, -30.242648150804481 ], [ -51.106747701396706, -30.242878617282397 ], [ -51.106815831170614, -30.243209045178595 ], [ -51.106744836754814, -30.243421553243923 ], [ -51.10686069589056, -30.243726800591212 ], [ -51.106760459970175, -30.243973523665936 ], [ -51.106894000629985, -30.24424475210742 ], [ -51.107069640253108, -30.244336668565477 ], [ -51.107136620265081, -30.24453813720126 ], [ -51.107156447826483, -30.244812695817615 ], [ -51.107047133268082, -30.244954302849514 ], [ -51.107109862649835, -30.245167743618811 ], [ -51.10702338071281, -30.245387309601082 ], [ -51.107293425411306, -30.245432821875887 ], [ -51.107397462173466, -30.245540649472943 ], [ -51.107299974006786, -30.245894573544877 ], [ -51.107173086191011, -30.246049793756882 ], [ -51.106729243808203, -30.246322002997022 ], [ -51.106674644710679, -30.246289460187374 ], [ -51.106522919000348, -30.246440642473726 ], [ -51.10649925700217, -30.246667179592375 ], [ -51.106327617863506, -30.24682597867255 ], [ -51.106460715953034, -30.246990662515152 ], [ -51.106165051189627, -30.247165912119012 ], [ -51.106147470179209, -30.247268374438594 ], [ -51.106361686218222, -30.247601090623991 ], [ -51.106333668941126, -30.24783521851829 ], [ -51.10610890803072, -30.248205888919472 ], [ -51.105796235863835, -30.248403806017794 ], [ -51.105785520368357, -30.248650065261049 ], [ -51.105482491918913, -30.248739529705652 ], [ -51.105204147900409, -30.249118518133724 ], [ -51.105004311038769, -30.249100006523616 ], [ -51.105051951119272, -30.249239389501579 ], [ -51.104898228803087, -30.249276271115406 ], [ -51.104895600135578, -30.24933600285593 ], [ -51.104277045208676, -30.24951452552239 ], [ -51.103981644790075, -30.249520474935963 ], [ -51.104005189871685, -30.249578311379025 ], [ -51.103844032504313, -30.249587661082504 ], [ -51.10381314595989, -30.249681253629184 ], [ -51.103690000518498, -30.249723410150924 ], [ -51.103376801658939, -30.249674593212166 ], [ -51.103271207843981, -30.249725147287595 ], [ -51.103127069958937, -30.249583700861763 ], [ -51.102980346463681, -30.249605759124695 ], [ -51.102835090335518, -30.249513392153446 ], [ -51.102591319458881, -30.249559551846886 ], [ -51.102370081639791, -30.2494211273352 ], [ -51.102247432036698, -30.249491877721923 ], [ -51.102120318978081, -30.249436423817077 ], [ -51.102066008937349, -30.249647542308573 ], [ -51.10194913486113, -30.249644872981818 ], [ -51.101895695185817, -30.249791682180529 ], [ -51.102044572287731, -30.249848247837452 ], [ -51.101904311038204, -30.250010337137137 ], [ -51.101979274335143, -30.250076739677294 ], [ -51.102095259900324, -30.250042607036246 ], [ -51.10208272914285, -30.250160207877574 ], [ -51.102192704755275, -30.250315599223232 ], [ -51.102017171385548, -30.250346530885963 ], [ -51.102118529054508, -30.250466521871729 ], [ -51.101861047147473, -30.250645362756192 ], [ -51.102061629867386, -30.250942696503142 ], [ -51.102001577805126, -30.250954340280238 ], [ -51.10202920844447, -30.251062263092788 ], [ -51.102209722499879, -30.25103664793463 ], [ -51.102307624371456, -30.251134741016106 ], [ -51.102212903441227, -30.251255861841187 ], [ -51.102355400066109, -30.25132647011003 ], [ -51.102286836269919, -30.251463830344349 ], [ -51.102396297549554, -30.251555386952393 ], [ -51.102224735608154, -30.251572492476143 ], [ -51.102210620793556, -30.251652467423764 ], [ -51.102244203713937, -30.251772579707016 ], [ -51.102335740983087, -30.251783343885734 ], [ -51.102269975921295, -30.251873423563339 ], [ -51.102430884095, -30.251845480732463 ], [ -51.102360157304922, -30.251979385956577 ], [ -51.102479892047029, -30.25196850990784 ], [ -51.102574219166243, -30.252226094116761 ], [ -51.102239228022285, -30.252427134052006 ], [ -51.102208222760154, -30.252571972826122 ], [ -51.102300718114087, -30.252593122703782 ], [ -51.102323529522366, -30.252734318402027 ], [ -51.102223840280821, -30.252810212439801 ], [ -51.102354873201072, -30.252884955698644 ], [ -51.1022578468029, -30.252879438647547 ], [ -51.102249156286732, -30.253017111102299 ], [ -51.102139295289085, -30.25301468544939 ], [ -51.102046981137221, -30.253152104634754 ], [ -51.101841150817464, -30.253193216952525 ], [ -51.101857878733469, -30.253273734360125 ], [ -51.102085344589661, -30.253272694911395 ], [ -51.101809298836798, -30.253440741503102 ], [ -51.101899548882258, -30.253537816949024 ], [ -51.101813369083679, -30.253494340185068 ], [ -51.101781408437645, -30.253544903441011 ], [ -51.101869062092739, -30.253647194882674 ], [ -51.102031644906646, -30.253665275706908 ], [ -51.102050779501859, -30.253810074451007 ], [ -51.10200384216774, -30.253863165296114 ], [ -51.101920471097351, -30.253796962397679 ], [ -51.101655168020578, -30.254123794203618 ], [ -51.101749288657366, -30.254200263483447 ], [ -51.101627952346803, -30.254313440138947 ], [ -51.10169647071676, -30.254370262408202 ], [ -51.101557426697738, -30.254473926894502 ], [ -51.10146203579292, -30.254822713591594 ], [ -51.101289506151986, -30.254909011833103 ], [ -51.101347105517597, -30.25506049861119 ], [ -51.101266556127726, -30.255103785340975 ], [ -51.101330852343658, -30.255177159510868 ], [ -51.101141165827421, -30.255314447635548 ], [ -51.101249215078582, -30.255433354253409 ], [ -51.101254694252695, -30.255573195937671 ], [ -51.101431208054066, -30.255599276196243 ], [ -51.101458682019121, -30.255755277633138 ], [ -51.101307822580388, -30.255827817888925 ], [ -51.101399749964692, -30.25595786475991 ], [ -51.101166032290585, -30.255925831701767 ], [ -51.101067131460375, -30.256003448974948 ], [ -51.101105303859327, -30.256091787069199 ], [ -51.100916019070347, -30.25607518522968 ], [ -51.100904617375946, -30.256169044339405 ], [ -51.100837191318831, -30.256089819759605 ], [ -51.100658583393916, -30.256122201581963 ], [ -51.100425841540016, -30.256312067235886 ], [ -51.100351829643536, -30.256479906928835 ], [ -51.100146521759051, -30.256618458532095 ], [ -51.100076539484405, -30.256584016012305 ], [ -51.099982648272835, -30.256793511969821 ], [ -51.099772744775386, -30.256688898557073 ], [ -51.099461757609319, -30.256942136455493 ], [ -51.099249962327001, -30.256954502098079 ], [ -51.099027695423409, -30.257097947687935 ], [ -51.099099744024905, -30.257327551738609 ], [ -51.099214131997925, -30.257379629062839 ], [ -51.099289580838956, -30.257548930749977 ], [ -51.099459747368691, -30.25762838032756 ], [ -51.099492049728518, -30.257753531331598 ], [ -51.099941233578264, -30.257885475003967 ], [ -51.099938826301937, -30.257975122601014 ], [ -51.10037801137684, -30.257969235436473 ], [ -51.100567060719875, -30.258143932032969 ], [ -51.100591261929303, -30.258284723623284 ], [ -51.100783817364075, -30.258303849195151 ], [ -51.100759139495921, -30.258407935302241 ], [ -51.100911791757781, -30.258379248374276 ], [ -51.100872396293674, -30.25847360620719 ], [ -51.101319585100519, -30.259024805473931 ], [ -51.101288977493979, -30.259163513126023 ], [ -51.101384425950172, -30.259291022402017 ], [ -51.101970964215319, -30.259423356931759 ], [ -51.102243298689572, -30.259356308586007 ], [ -51.102579600166557, -30.25957262319081 ], [ -51.102646246021983, -30.259548470421361 ], [ -51.102650435856958, -30.259617450999453 ], [ -51.102744718655494, -30.259540448697013 ], [ -51.102836192207327, -30.259619728240221 ], [ -51.1028930038363, -30.259567848077495 ], [ -51.103012165855191, -30.259642647721765 ], [ -51.103194844567135, -30.259630236693834 ], [ -51.104015381541018, -30.259958914676044 ], [ -51.104081132593166, -30.259884494141648 ], [ -51.104193127553962, -30.259947149347461 ], [ -51.104490076303499, -30.259880343764447 ], [ -51.104627664401555, -30.259966435557658 ], [ -51.105015015523165, -30.25988260397143 ], [ -51.105083007452443, -30.259694231889547 ], [ -51.105647020989117, -30.25942135087352 ], [ -51.106064079326387, -30.259079655865875 ], [ -51.106253877544887, -30.259092136400337 ], [ -51.106520656104763, -30.258957685642685 ], [ -51.106507749678286, -30.258860979989873 ], [ -51.105979676203802, -30.258599887018192 ], [ -51.10603246105434, -30.258501569369034 ], [ -51.10593101937927, -30.258215712028186 ], [ -51.106015537569533, -30.258095911212013 ], [ -51.105972035438086, -30.25801134052109 ], [ -51.106011948166618, -30.257932136387748 ], [ -51.106134371090391, -30.257925541450977 ], [ -51.105996080974471, -30.257705839211308 ], [ -51.106067409110111, -30.257617901964679 ], [ -51.106014136615492, -30.257435856264273 ], [ -51.105583158767544, -30.257153845218248 ], [ -51.105652684497116, -30.257103247160479 ], [ -51.105591572399661, -30.257048889079993 ], [ -51.105258449540742, -30.256930057996261 ], [ -51.105134339835807, -30.256969408477826 ], [ -51.105073712573144, -30.256878182223677 ], [ -51.104746563125182, -30.256822465484447 ], [ -51.104675408216686, -30.256744100134529 ], [ -51.104844761527062, -30.256679308020555 ], [ -51.104686425404466, -30.256563381735571 ], [ -51.104610675990038, -30.256587157637824 ], [ -51.104563048515409, -30.256343766138926 ], [ -51.104457201746676, -30.256266498206596 ], [ -51.104571580353067, -30.256274885486071 ], [ -51.104707577046277, -30.256175099160888 ], [ -51.104552391401846, -30.256105282130697 ], [ -51.104646525204409, -30.256002069841323 ], [ -51.104509639204686, -30.255925173135168 ], [ -51.104577045378697, -30.255818170073084 ], [ -51.104342106495189, -30.255414923432181 ], [ -51.104405038253418, -30.255334519708111 ], [ -51.104326890645588, -30.255211977295634 ], [ -51.104375039609074, -30.255051405873669 ], [ -51.103979144293049, -30.25455961151048 ], [ -51.10399429495186, -30.254407499843865 ], [ -51.104066573917045, -30.254411860774511 ], [ -51.1040465885971, -30.254322501467787 ], [ -51.104118785702603, -30.254310386146177 ], [ -51.104105025632855, -30.254009313535896 ], [ -51.104412819945431, -30.254016990525002 ], [ -51.104339776724323, -30.253978437469961 ], [ -51.104408024016713, -30.253957485761184 ], [ -51.1043545591303, -30.253786231782733 ], [ -51.104221857599164, -30.253809664033781 ], [ -51.104188621844948, -30.253943674776966 ], [ -51.104042311884434, -30.253741901716893 ], [ -51.1039331727712, -30.253898931219879 ], [ -51.104102593027577, -30.253397256244835 ], [ -51.1040836437206, -30.253498993116875 ], [ -51.104168069609642, -30.253447023661419 ], [ -51.104211017661228, -30.253616437753333 ], [ -51.104300688383056, -30.253588640392149 ], [ -51.104349137865597, -30.25335820255313 ], [ -51.10426679905968, -30.253204975916638 ], [ -51.104376384862732, -30.253154232053586 ], [ -51.104319318099293, -30.253077451897763 ], [ -51.104408706331782, -30.253015886632117 ], [ -51.104329856517801, -30.252820997890446 ], [ -51.104458939512767, -30.252739436374021 ], [ -51.1044161023352, -30.252579595010136 ], [ -51.104529805929772, -30.252496200046011 ], [ -51.104529723542996, -30.252349684234058 ], [ -51.104688444753499, -30.252142532606022 ], [ -51.1048532362136, -30.252073065060536 ], [ -51.104862099887953, -30.251962023167923 ], [ -51.105001270911679, -30.251918909146347 ], [ -51.105088453406154, -30.251750532059521 ], [ -51.105323868273366, -30.251754033358889 ], [ -51.105348092221995, -30.251851872155182 ], [ -51.105450176737079, -30.251882497357279 ], [ -51.105366296388731, -30.251524657150537 ], [ -51.105496696694367, -30.251499747098912 ], [ -51.10554061101756, -30.251647374150345 ], [ -51.105649192314992, -30.251673868801429 ], [ -51.105580188431979, -30.25155011182056 ], [ -51.105738882762878, -30.251464710311147 ], [ -51.105674789571033, -30.251154657666774 ], [ -51.106692302350567, -30.250389822551114 ], [ -51.10671179231894, -30.250261646967356 ], [ -51.106852263046953, -30.250202170885252 ], [ -51.10684222649072, -30.250050956149234 ], [ -51.106955156695129, -30.250043760199951 ], [ -51.10708319764047, -30.249874704302815 ], [ -51.107325268286402, -30.249851421346598 ], [ -51.107334078949187, -30.249780372548035 ], [ -51.107421666049206, -30.249821199684266 ], [ -51.107424585240018, -30.249747207747177 ], [ -51.107698561745757, -30.249540698442914 ], [ -51.107830320741606, -30.249574534932119 ], [ -51.107830286550673, -30.249483283412307 ], [ -51.107920475402494, -30.249481403202438 ], [ -51.108026013446413, -30.249344301779008 ], [ -51.108192633018341, -30.249330026141848 ], [ -51.108488929598273, -30.249162657384122 ], [ -51.108708830418458, -30.249100570568501 ], [ -51.108707612093276, -30.24917459721134 ], [ -51.108864772633424, -30.249161854870064 ], [ -51.108996456394195, -30.249028795656496 ], [ -51.109014825872521, -30.249129999792746 ], [ -51.109114094551316, -30.249113188268886 ], [ -51.109189241712052, -30.248846919514179 ], [ -51.109292550801776, -30.248779383820249 ], [ -51.109175698988004, -30.248424878586899 ], [ -51.109335940610954, -30.248424884769751 ], [ -51.109331666239243, -30.248304902248378 ], [ -51.109439062842817, -30.248232360144709 ], [ -51.109556531982584, -30.248340991123811 ], [ -51.109731628363654, -30.248140956765972 ], [ -51.109884431372301, -30.248137372859357 ], [ -51.110035918598221, -30.248036477308752 ], [ -51.110230845389026, -30.248155961255303 ], [ -51.110361836067781, -30.248008960652307 ], [ -51.110568717684934, -30.247962891609674 ], [ -51.110824134837571, -30.248079105924017 ], [ -51.110911356133222, -30.247935845688609 ], [ -51.110980910970056, -30.248126430189444 ], [ -51.111153763378752, -30.247981254296239 ], [ -51.1111411286874, -30.247808372534653 ], [ -51.111081001571108, -30.247826381933823 ], [ -51.111044661304824, -30.247712937784716 ], [ -51.111133840345147, -30.247741268339652 ], [ -51.111202629077688, -30.247673861443054 ], [ -51.111328110152662, -30.247781467407254 ], [ -51.111366641618019, -30.247692765716099 ], [ -51.111285927757578, -30.24761406647832 ], [ -51.111355657871769, -30.247534886690641 ], [ -51.111507147801575, -30.247721940913387 ], [ -51.111553641754156, -30.24745913563714 ], [ -51.111601111607833, -30.247534200632227 ], [ -51.111671531559949, -30.247490152096447 ], [ -51.11168596744492, -30.247621430627074 ], [ -51.111813492552088, -30.247613273582012 ], [ -51.111780099416379, -30.247394468981497 ], [ -51.111661852681969, -30.247356463687062 ], [ -51.111736585825831, -30.247296264390314 ], [ -51.111707360660574, -30.247186977400187 ], [ -51.111833520739815, -30.247190525855295 ], [ -51.111778948672658, -30.247262710948188 ], [ -51.111878623095187, -30.247334650724277 ], [ -51.111851045902021, -30.24747695412464 ], [ -51.111973776369091, -30.247570107056038 ], [ -51.111917079845028, -30.247404306373866 ], [ -51.112032139959844, -30.247431201565377 ], [ -51.111999474506369, -30.247332195767999 ], [ -51.112160703379857, -30.247327536660237 ], [ -51.112300372728257, -30.247494543470832 ], [ -51.112227423533625, -30.247300385856853 ], [ -51.112300576787163, -30.247200712116886 ], [ -51.112485738675751, -30.247261507021374 ], [ -51.112566067145984, -30.247206615638095 ], [ -51.112512819161644, -30.247398141019133 ], [ -51.112712717394587, -30.247283795124378 ], [ -51.112704949200513, -30.246855408868889 ], [ -51.113001716433807, -30.24725689722198 ], [ -51.113248944241704, -30.246733583398207 ], [ -51.113350153634684, -30.24675649594478 ], [ -51.113437116460673, -30.246588706049721 ], [ -51.113544151536288, -30.246604491561428 ], [ -51.113510863217222, -30.246548608314992 ], [ -51.113356558384652, -30.246559474744764 ], [ -51.113315744009583, -30.246408800340834 ], [ -51.113460187265623, -30.246259376449363 ], [ -51.113644083333533, -30.246273859458306 ], [ -51.114058591748389, -30.246111877185999 ], [ -51.114404652180873, -30.246143733338339 ], [ -51.114621699970037, -30.246081744620014 ], [ -51.114683886921846, -30.245970843849637 ], [ -51.114966913168921, -30.246017652267362 ], [ -51.115126395364072, -30.245979198605347 ], [ -51.115138696118557, -30.24590355103873 ], [ -51.115416730333671, -30.245973736405205 ], [ -51.115628232595277, -30.245902486646933 ], [ -51.115726578320583, -30.246018581001287 ], [ -51.115756469823765, -30.245944725586369 ], [ -51.115799610829072, -30.246001400595336 ], [ -51.115905348998467, -30.245940185543187 ], [ -51.116080559906621, -30.245986509568841 ], [ -51.116081069106002, -30.245898195574092 ], [ -51.11614707260572, -30.245950739477365 ], [ -51.116330487118518, -30.245893512706491 ], [ -51.116530132729515, -30.245676189918143 ], [ -51.116751521461765, -30.245756862480192 ], [ -51.116874002955889, -30.245661253839465 ], [ -51.116877255072815, -30.245735944130445 ], [ -51.11694688579967, -30.245681274290334 ], [ -51.116990978890996, -30.245756202344797 ], [ -51.117216754322641, -30.245549351658369 ], [ -51.117458174547018, -30.245668048097674 ], [ -51.117593810981099, -30.245433753585019 ], [ -51.118090895213072, -30.245469895331485 ], [ -51.118282642143079, -30.245657908571228 ], [ -51.11832498418444, -30.245590357621836 ], [ -51.11859581669291, -30.245635652834419 ], [ -51.118732200580837, -30.245564735762912 ], [ -51.119149155190314, -30.245639003511641 ], [ -51.119447102837142, -30.240171561373266 ], [ -51.119902532486336, -30.234430015479901 ], [ -51.114728889483459, -30.231439574331993 ], [ -51.114241670536366, -30.231242877407581 ], [ -51.113645364348045, -30.228258550984343 ], [ -51.113649154875368, -30.227580079197175 ], [ -51.113922289668956, -30.226067102478009 ], [ -51.113830610551503, -30.224676965343082 ], [ -51.113575601182504, -30.222993728075021 ], [ -51.112933427986306, -30.219880891500534 ], [ -51.109259925532456, -30.220024080777886 ], [ -51.106415125973953, -30.219802365028663 ], [ -51.102816087212659, -30.219366909911955 ], [ -51.10111758582633, -30.218668669315932 ], [ -51.106984465458915, -30.21456561830389 ], [ -51.109789954658531, -30.211217337413437 ], [ -51.107795823445493, -30.21005332294768 ], [ -51.10683886798072, -30.209179174686795 ], [ -51.105675803213963, -30.208513017399952 ], [ -51.091782832183654, -30.210688824279913 ], [ -51.091305994485559, -30.210903712186109 ], [ -51.090952757320785, -30.210935417589106 ] ] ] } },
{ "type": "Feature", "properties": { "bairro_oficial": "LOMBA DO PINHEIRO" }, "geometry": { "type": "Polygon", "coordinates": [ [ [ -51.078521263279953, -30.177409688159234 ], [ -51.082682843396164, -30.178973301270254 ], [ -51.088531367160549, -30.175470215509314 ], [ -51.094400501660232, -30.145097616582468 ], [ -51.09706645445884, -30.138544687003012 ], [ -51.098058630713318, -30.137135135562964 ], [ -51.097665405276409, -30.136440254761983 ], [ -51.098162173368635, -30.136754850950741 ], [ -51.103056538128051, -30.132822069420079 ], [ -51.104479180285693, -30.135369492590662 ], [ -51.106036276065559, -30.136870770872843 ], [ -51.106642391863545, -30.13732155610467 ], [ -51.107078384336333, -30.138226020373938 ], [ -51.107424553236172, -30.138751400445461 ], [ -51.108117690967283, -30.139127240759869 ], [ -51.108896906348747, -30.139427757722689 ], [ -51.109416303916724, -30.139878681210256 ], [ -51.110108563470682, -30.140704202577954 ], [ -51.110542082098199, -30.141080356581682 ], [ -51.110887708186816, -30.141155259252393 ], [ -51.11210056791117, -30.141078857359368 ], [ -51.113396359068318, -30.140852313627772 ], [ -51.115213079797186, -30.140173803220485 ], [ -51.115644569711577, -30.139948220265413 ], [ -51.115992654389707, -30.139871349673331 ], [ -51.116770194229041, -30.139269253294888 ], [ -51.117374635912142, -30.138667566939226 ], [ -51.11780644736784, -30.138441866505524 ], [ -51.118152857678432, -30.138366245580777 ], [ -51.120402644372241, -30.138815363915281 ], [ -51.121095132982447, -30.138814540291225 ], [ -51.121527085832085, -30.138588675056774 ], [ -51.122648811193351, -30.138287256734344 ], [ -51.12550653660459, -30.138208893670125 ], [ -51.125940136486427, -30.138132774620207 ], [ -51.126803709897807, -30.137756363200129 ], [ -51.127376905268861, -30.137612801780712 ], [ -51.127855275759664, -30.137717479274343 ], [ -51.128959640535093, -30.136858667350186 ], [ -51.129225997878294, -30.136849078805849 ], [ -51.130684140192798, -30.137179698302109 ], [ -51.131320412475439, -30.137091176947649 ], [ -51.133349729837917, -30.13641245621783 ], [ -51.134974947312692, -30.135578880386731 ], [ -51.136434125606677, -30.135041676418805 ], [ -51.137634903371413, -30.134498482210436 ], [ -51.140063456669267, -30.133880477479849 ], [ -51.140929539451356, -30.132906784757097 ], [ -51.141885190381458, -30.13231296664333 ], [ -51.14209339187714, -30.132081936721775 ], [ -51.14213402735156, -30.131850491674896 ], [ -51.142021702202513, -30.131591367475188 ], [ -51.139871949240096, -30.128113488944155 ], [ -51.139540380043208, -30.127074496374455 ], [ -51.139663888132439, -30.126442483694671 ], [ -51.140058218847642, -30.125450944569756 ], [ -51.140852651019983, -30.124647746161347 ], [ -51.142642371880257, -30.121522887214656 ], [ -51.142671263239826, -30.121117236220279 ], [ -51.142264971557111, -30.120274192555314 ], [ -51.142260341507694, -30.120121463463793 ], [ -51.142386475213591, -30.119944573708338 ], [ -51.142927868744536, -30.119511005657568 ], [ -51.143955564241978, -30.118901018863287 ], [ -51.146822528202875, -30.117711854484586 ], [ -51.147095948565948, -30.117657480171776 ], [ -51.147341922714403, -30.11770714941564 ], [ -51.148994938985261, -30.103225418577708 ], [ -51.149932086577763, -30.102513767069638 ], [ -51.152064719417112, -30.101244567445139 ], [ -51.153975322957479, -30.100806991349696 ], [ -51.153838977148425, -30.100453671030298 ], [ -51.153793042644921, -30.09952444747616 ], [ -51.15350087499997, -30.098734811415056 ], [ -51.153688194126765, -30.098033684252695 ], [ -51.153850088489264, -30.096816152825248 ], [ -51.153625510185392, -30.096380109060842 ], [ -51.152211223456376, -30.095079441173951 ], [ -51.152441284868978, -30.093171297230917 ], [ -51.152317754615247, -30.092761950134612 ], [ -51.152179104430694, -30.092607249832707 ], [ -51.149924863565658, -30.091457093934086 ], [ -51.148737658498732, -30.090960554874005 ], [ -51.148598727617994, -30.091085859074788 ], [ -51.14785613801034, -30.092537099441643 ], [ -51.146838735228798, -30.092113930261338 ], [ -51.146498751778566, -30.091930340989496 ], [ -51.14608993677416, -30.091497085397915 ], [ -51.145301566747058, -30.090206129502086 ], [ -51.145022858509506, -30.090006549377733 ], [ -51.143940555231403, -30.08963915127006 ], [ -51.142819616493085, -30.088663899555307 ], [ -51.142215532301513, -30.087658752818847 ], [ -51.140214359453275, -30.086102606166822 ], [ -51.139122515335728, -30.084892769017472 ], [ -51.138753158232362, -30.084670613463089 ], [ -51.138370759682758, -30.084595936421849 ], [ -51.136956264185528, -30.084425642591199 ], [ -51.136547168150258, -30.084545254411832 ], [ -51.136540048966118, -30.083805815374067 ], [ -51.136753608157534, -30.083469706660544 ], [ -51.136709988366881, -30.083328892195652 ], [ -51.136911200927791, -30.083097996202721 ], [ -51.136710164208885, -30.08267610671539 ], [ -51.137170706651794, -30.082161090744584 ], [ -51.137338239737126, -30.081828886379995 ], [ -51.1372818475717, -30.08169757722813 ], [ -51.136817191176291, -30.081418415866203 ], [ -51.136808790344908, -30.081000844336536 ], [ -51.136229236692536, -30.080501946978071 ], [ -51.135850329388724, -30.079915312476878 ], [ -51.136008962485178, -30.079786296259776 ], [ -51.136175077753634, -30.079436051072115 ], [ -51.136456208270218, -30.079455786877002 ], [ -51.136657840765984, -30.079382461908342 ], [ -51.136749550435539, -30.078938604695065 ], [ -51.136629491557009, -30.077905179539066 ], [ -51.137045851910052, -30.077409290657243 ], [ -51.137769465629376, -30.076992313178902 ], [ -51.137792817050133, -30.076491160831374 ], [ -51.137628860803673, -30.076264657414683 ], [ -51.137342077874841, -30.076176517077709 ], [ -51.137128233313078, -30.075773264849332 ], [ -51.1368607232789, -30.075817538706175 ], [ -51.136846156366722, -30.075627370129073 ], [ -51.136720616142995, -30.075520470135803 ], [ -51.136239907589584, -30.075405740375675 ], [ -51.135572916341225, -30.075526972129335 ], [ -51.135256495663661, -30.07537294636175 ], [ -51.134958318996226, -30.075013092176903 ], [ -51.134071880178666, -30.075483294208922 ], [ -51.133351865861385, -30.075763928005561 ], [ -51.128899590110031, -30.076887663598104 ], [ -51.128173401889306, -30.076960383252839 ], [ -51.126532013479107, -30.076947145766805 ], [ -51.125063976603087, -30.076765908415201 ], [ -51.123407551285652, -30.076802212616364 ], [ -51.121623527033002, -30.077182943878139 ], [ -51.120591381300798, -30.07749115039346 ], [ -51.118915081474896, -30.078472911569346 ], [ -51.118255623232692, -30.078697884060503 ], [ -51.117541594488927, -30.078806831568887 ], [ -51.11748097795288, -30.078951544464761 ], [ -51.117093100543606, -30.079232132009579 ], [ -51.117100159478781, -30.07942628134651 ], [ -51.116995352442324, -30.079583718595611 ], [ -51.115960708269142, -30.079786283837947 ], [ -51.115553799656972, -30.08004867486509 ], [ -51.11535719985897, -30.081380932542601 ], [ -51.115127499273761, -30.081632968398715 ], [ -51.115011957796419, -30.081959435784029 ], [ -51.114947247243805, -30.083247447551944 ], [ -51.114564053548008, -30.083793870877521 ], [ -51.114069082351882, -30.084097905028035 ], [ -51.113979848454562, -30.084293815826793 ], [ -51.114071914979135, -30.084827146627092 ], [ -51.113991361591879, -30.085095364283283 ], [ -51.113501828413995, -30.085565046296161 ], [ -51.113184210340108, -30.085394342200839 ], [ -51.112683863943737, -30.085421954876715 ], [ -51.112149728643935, -30.085630417925785 ], [ -51.112013899594956, -30.085758173462324 ], [ -51.11169756617403, -30.086887674119886 ], [ -51.111123423597014, -30.087560927354442 ], [ -51.111029306355441, -30.087786542462734 ], [ -51.110988306657404, -30.088042866758272 ], [ -51.111065359472626, -30.088381104978478 ], [ -51.111402171657218, -30.088934405547629 ], [ -51.111437847064472, -30.089190666723084 ], [ -51.111332089360708, -30.089554687130015 ], [ -51.111379649762242, -30.090719827758793 ], [ -51.111303624939751, -30.091147344515569 ], [ -51.110736689754461, -30.092387433860829 ], [ -51.110698601863511, -30.09275120891423 ], [ -51.110842007791483, -30.093938454426983 ], [ -51.111290944547228, -30.095366715228799 ], [ -51.111281912684376, -30.095921414799882 ], [ -51.111427404499771, -30.096368079820039 ], [ -51.111329562911074, -30.097039312662961 ], [ -51.111442701717998, -30.097421854641599 ], [ -51.11172985533441, -30.097662343519868 ], [ -51.111831070163433, -30.098442282263264 ], [ -51.112005249894445, -30.098558910384398 ], [ -51.1117445055486, -30.099265837956853 ], [ -51.111728347450224, -30.099567709089662 ], [ -51.111838205621822, -30.099642039862196 ], [ -51.111816944932229, -30.099735093212317 ], [ -51.111691532170227, -30.099874944456136 ], [ -51.111668481265895, -30.100142990331715 ], [ -51.111397199773805, -30.100529558692173 ], [ -51.111282455353063, -30.100583812897725 ], [ -51.111224259576368, -30.100966489030803 ], [ -51.110951765832709, -30.101665483640193 ], [ -51.110910123136271, -30.102109341559352 ], [ -51.111224459498764, -30.102350480457137 ], [ -51.111319561807584, -30.102562474886259 ], [ -51.111731148952479, -30.102616452056566 ], [ -51.111948466137406, -30.102875450051318 ], [ -51.112183818712843, -30.103020994508846 ], [ -51.111968187956855, -30.10333757555026 ], [ -51.112074789884858, -30.103620852633302 ], [ -51.111994562665679, -30.10426824602542 ], [ -51.11169438860211, -30.104475489593693 ], [ -51.111464430489782, -30.104378094155702 ], [ -51.111214734015149, -30.104438547922566 ], [ -51.110667331250426, -30.105061362737196 ], [ -51.110433210478803, -30.105217535002563 ], [ -51.109157082521996, -30.105411125079144 ], [ -51.108399063413749, -30.105610515461898 ], [ -51.106179297927646, -30.106710146528336 ], [ -51.102484389600974, -30.109287547462138 ], [ -51.101005064792709, -30.110751389623715 ], [ -51.1007723588761, -30.111168923282968 ], [ -51.100740646397391, -30.111544347279125 ], [ -51.100971318243431, -30.113245625420792 ], [ -51.100999465046343, -30.114520393439264 ], [ -51.100036311374375, -30.114731133918006 ], [ -51.096156005248368, -30.114822270460611 ], [ -51.096416289087394, -30.115209576152196 ], [ -51.096403530786745, -30.115433211362848 ], [ -51.096557115573042, -30.115708254366893 ], [ -51.096493246050272, -30.115997083147601 ], [ -51.09628937296695, -30.116209397552741 ], [ -51.096358302506708, -30.116640895975433 ], [ -51.096092121205011, -30.116935197810783 ], [ -51.096206961438504, -30.117183014717536 ], [ -51.09587198900946, -30.117404719515633 ], [ -51.095816069089096, -30.117652842597558 ], [ -51.095623728393363, -30.117772105270834 ], [ -51.095586639056485, -30.117955689996386 ], [ -51.095174633127655, -30.118605568147665 ], [ -51.09520795387057, -30.118821408170255 ], [ -51.095020448427732, -30.119331605961012 ], [ -51.095311445511193, -30.119573159997866 ], [ -51.095328139468265, -30.119877812617059 ], [ -51.095431299543435, -30.119946933226661 ], [ -51.09535751448982, -30.120523309761811 ], [ -51.095584926013835, -30.120920219876332 ], [ -51.09558647940483, -30.121239141809461 ], [ -51.095706096734588, -30.121484790499832 ], [ -51.095643983246553, -30.121663970438856 ], [ -51.095819777099955, -30.121816535904987 ], [ -51.096255097437904, -30.121969181805362 ], [ -51.096346683975817, -30.121888797312103 ], [ -51.096710410512252, -30.121970832808053 ], [ -51.096958690575129, -30.122254107195229 ], [ -51.09680859387236, -30.122800647286997 ], [ -51.096483674032847, -30.123130459402358 ], [ -51.096317657520707, -30.123535326971592 ], [ -51.096339045752906, -30.123752348905128 ], [ -51.096575694072854, -30.124241118848076 ], [ -51.096754437353425, -30.124431402490789 ], [ -51.096690456036704, -30.124610585122422 ], [ -51.096322511773501, -30.124792516858292 ], [ -51.096386761566372, -30.125102639641423 ], [ -51.096287247677701, -30.125254323662762 ], [ -51.096496941223876, -30.125563887703965 ], [ -51.096867097720214, -30.12562579332268 ], [ -51.097223835735306, -30.125870904499532 ], [ -51.097255344522488, -30.126030884281136 ], [ -51.097372069296711, -30.126068248814484 ], [ -51.097515076691856, -30.126969232483212 ], [ -51.097657559979808, -30.127229571605138 ], [ -51.097652898954266, -30.12797986201112 ], [ -51.097332394532565, -30.128376692305814 ], [ -51.097156961460286, -30.129018075674576 ], [ -51.097238034011177, -30.129792338491086 ], [ -51.097728311210837, -30.129829658268704 ], [ -51.097719136157998, -30.131671401769772 ], [ -51.097382699768943, -30.13229818009766 ], [ -51.095785239620966, -30.133851684965624 ], [ -51.094339327937242, -30.135612645583702 ], [ -51.094118802682175, -30.136164148488863 ], [ -51.093773622729806, -30.137748018676984 ], [ -51.093524829686181, -30.13817960479026 ], [ -51.092985519760148, -30.138566612476158 ], [ -51.091427158377705, -30.139233052323867 ], [ -51.090143904363273, -30.139552117668373 ], [ -51.087678147961682, -30.140535483183065 ], [ -51.087053462905985, -30.141084545936742 ], [ -51.085612616287079, -30.143132659870503 ], [ -51.085724141177607, -30.143919070277374 ], [ -51.086188531883884, -30.145581767494786 ], [ -51.086739734807487, -30.14630062703252 ], [ -51.08788683768757, -30.147292398119042 ], [ -51.088434966750008, -30.148101473383694 ], [ -51.089069583426529, -30.149801111978579 ], [ -51.089111277167774, -30.150313845057823 ], [ -51.089034091830619, -30.151031064544576 ], [ -51.088755765622857, -30.15151237736459 ], [ -51.087743216356088, -30.152180445480049 ], [ -51.086320445145461, -30.153467135162302 ], [ -51.086039423178441, -30.154166407830527 ], [ -51.085667834713504, -30.154592985200303 ], [ -51.083456439426186, -30.155869362413128 ], [ -51.082490472540719, -30.156549874628009 ], [ -51.081945452759221, -30.157036249151229 ], [ -51.080775870277229, -30.158534589914186 ], [ -51.078963201212119, -30.159748264021523 ], [ -51.078645024864073, -30.160119436393821 ], [ -51.078585088947456, -30.160706403032197 ], [ -51.079042913691808, -30.163066637485223 ], [ -51.079227347271456, -30.163572520154631 ], [ -51.079466064095378, -30.16382787241022 ], [ -51.0793877061421, -30.164145521139396 ], [ -51.078870277442697, -30.164767895091291 ], [ -51.078780061010924, -30.165042173050526 ], [ -51.077959972190378, -30.165616084464755 ], [ -51.077828395717781, -30.165918278661586 ], [ -51.077141969183295, -30.166545062239852 ], [ -51.07690217629699, -30.166625474700318 ], [ -51.076946167251734, -30.166980972680658 ], [ -51.077120974567009, -30.167344020902053 ], [ -51.077278258955523, -30.16745302606633 ], [ -51.077276651715614, -30.16758192900285 ], [ -51.077165126486086, -30.167924739471552 ], [ -51.076766074027418, -30.168461676618641 ], [ -51.076444059306034, -30.169215760789406 ], [ -51.076666754649764, -30.169410271961674 ], [ -51.076525663108661, -30.169553343174712 ], [ -51.076754616543099, -30.169891199307507 ], [ -51.076673174131706, -30.170579016799728 ], [ -51.076930252439347, -30.171132260376819 ], [ -51.076558114425879, -30.171464283166152 ], [ -51.076177126149766, -30.172037813238628 ], [ -51.076521359090421, -30.172453967299766 ], [ -51.076688920432389, -30.173011393090373 ], [ -51.076941363909114, -30.173304889606474 ], [ -51.076766928647729, -30.173535128730922 ], [ -51.076938936224749, -30.173666702839494 ], [ -51.076752637868346, -30.17371663475782 ], [ -51.076699649674268, -30.173813400330943 ], [ -51.076853180720015, -30.173894872980426 ], [ -51.076649532402591, -30.173973609316853 ], [ -51.076517247709489, -30.174327344405203 ], [ -51.076536409388453, -30.174469634584135 ], [ -51.076856552555341, -30.174702528723977 ], [ -51.076705236112382, -30.174961876029307 ], [ -51.076735734701067, -30.17534118379869 ], [ -51.076820048528965, -30.175432890437392 ], [ -51.0770585970685, -30.175361702710347 ], [ -51.077592883973466, -30.175779728342775 ], [ -51.077921593429245, -30.175785859806872 ], [ -51.077971568286678, -30.176192629414519 ], [ -51.07779864092538, -30.176239032234058 ], [ -51.077756433415388, -30.176640873439656 ], [ -51.077917842449665, -30.176634693144823 ], [ -51.078521263279953, -30.177409688159234 ] ] ] } },
{ "type": "Feature", "properties": { "bairro_oficial": "MEDIANEIRA" }, "geometry": { "type": "Polygon", "coordinates": [ [ [ -51.213447704519794, -30.058025938454048 ], [ -51.211554860268578, -30.060652130554431 ], [ -51.211683791176917, -30.06177357121658 ], [ -51.210768704747828, -30.060990250862741 ], [ -51.210144417246752, -30.059888349908586 ], [ -51.209894056539362, -30.059596745757016 ], [ -51.20981608819978, -30.059532499507927 ], [ -51.209155892678645, -30.059575665493981 ], [ -51.208334057117014, -30.05888464043284 ], [ -51.206422646039201, -30.061911564769517 ], [ -51.206264730982397, -30.062456589339547 ], [ -51.206149652775785, -30.063523683368928 ], [ -51.20190087704605, -30.064721586492468 ], [ -51.20328403501145, -30.06829448359013 ], [ -51.202440674365924, -30.068534974690113 ], [ -51.202658542671422, -30.068920831989988 ], [ -51.205020801729027, -30.069002908792349 ], [ -51.20463658154388, -30.069934285220896 ], [ -51.20849920582215, -30.070519599689135 ], [ -51.208782026610095, -30.070520419189773 ], [ -51.211180353224279, -30.070077628835779 ], [ -51.211302364202446, -30.07079127252176 ], [ -51.210434829453106, -30.072474052052595 ], [ -51.213192852973272, -30.074134636312383 ], [ -51.213225886706084, -30.069729275192472 ], [ -51.213022185359883, -30.068501698526472 ], [ -51.213437692584868, -30.068407560676611 ], [ -51.216043305117523, -30.065267362514305 ], [ -51.217129170216332, -30.063506940797506 ], [ -51.219116908987218, -30.060676589175952 ], [ -51.216953536144743, -30.05972388911751 ], [ -51.216419736126021, -30.059297463426283 ], [ -51.21628177999505, -30.059341669254636 ], [ -51.213447704519794, -30.058025938454048 ] ] ] } },
{ "type": "Feature", "properties": { "bairro_oficial": "MENINO DEUS" }, "geometry": { "type": "Polygon", "coordinates": [ [ [ -51.220918511450137, -30.043926078279014 ], [ -51.22034862321253, -30.044274674612147 ], [ -51.219370257534507, -30.045156972204545 ], [ -51.218890748989054, -30.045810741736844 ], [ -51.218490193793585, -30.046779915816884 ], [ -51.218136100132583, -30.048980787538902 ], [ -51.218422636976769, -30.054130645908995 ], [ -51.218129751798841, -30.057285712161296 ], [ -51.218003662693569, -30.057987412555725 ], [ -51.21769889508974, -30.058670729944762 ], [ -51.2167675531539, -30.059588571539461 ], [ -51.219116908987218, -30.060676589175952 ], [ -51.219667247508546, -30.061186298850288 ], [ -51.22142174886735, -30.062101719034658 ], [ -51.222895300210631, -30.06317611775771 ], [ -51.223081612859069, -30.063473481487225 ], [ -51.224114985727105, -30.067095281481738 ], [ -51.229055942045825, -30.064038221223907 ], [ -51.231609474223831, -30.063201407359827 ], [ -51.23104228638298, -30.061475918581372 ], [ -51.230755065044761, -30.060933550867052 ], [ -51.230009395295149, -30.058809650390373 ], [ -51.230012935902479, -30.058612338436145 ], [ -51.228825615261066, -30.054534327874112 ], [ -51.22736876826589, -30.046173944097259 ], [ -51.227782402494292, -30.043132008496126 ], [ -51.221645213412437, -30.043684257048518 ], [ -51.220918511450137, -30.043926078279014 ] ] ] } },
{ "type": "Feature", "properties": { "bairro_oficial": "MOINHOS DE VENTO" }, "geometry": { "type": "Polygon", "coordinates": [ [ [ -51.197680534182851, -30.017922260219752 ], [ -51.196010236585153, -30.028287022081766 ], [ -51.205871265046362, -30.028789658620063 ], [ -51.208514926654971, -30.028995611352663 ], [ -51.208562062018494, -30.028671176610057 ], [ -51.210431181352114, -30.023918333765632 ], [ -51.208545188284155, -30.022035528269416 ], [ -51.205351396917628, -30.018386062428807 ], [ -51.197680534182851, -30.017922260219752 ] ] ] } },
{ "type": "Feature", "properties": { "bairro_oficial": "MONTSERRAT" }, "geometry": { "type": "Polygon", "coordinates": [ [ [ -51.18183670385811, -30.02733649016216 ], [ -51.185246461625049, -30.028515950069693 ], [ -51.185183706723713, -30.029201172132087 ], [ -51.186911763527796, -30.029312487762002 ], [ -51.186791068318975, -30.030575444944674 ], [ -51.189572556705699, -30.031294807590406 ], [ -51.189510597481949, -30.031073964063516 ], [ -51.189570112687029, -30.03055095291889 ], [ -51.190341732558657, -30.030685241093639 ], [ -51.192989609333942, -30.030685166335452 ], [ -51.192961574738973, -30.029499018157658 ], [ -51.194513248979312, -30.029479151511794 ], [ -51.194565624685474, -30.028687852026714 ], [ -51.195262689924498, -30.028764222136324 ], [ -51.195328055155869, -30.02884837656223 ], [ -51.195298445538178, -30.029204343279872 ], [ -51.195873929887952, -30.029283772742538 ], [ -51.196575127609769, -30.024825164658413 ], [ -51.186512525652368, -30.023865581472243 ], [ -51.185648640190188, -30.023834713622179 ], [ -51.185598866929183, -30.024386948663413 ], [ -51.18513100481757, -30.024347185576477 ], [ -51.183624439815411, -30.023792468709601 ], [ -51.18183670385811, -30.02733649016216 ] ] ] } },
{ "type": "Feature", "properties": { "bairro_oficial": "MORRO SANTANA" }, "geometry": { "type": "Polygon", "coordinates": [ [ [ -51.136120201603667, -30.053985674754422 ], [ -51.139571125019572, -30.050289130496008 ], [ -51.139506295599531, -30.048610550169837 ], [ -51.13947408389766, -30.048374018514902 ], [ -51.139127987956982, -30.047633687909773 ], [ -51.138379808453017, -30.04676314097626 ], [ -51.137315678403148, -30.045970686943079 ], [ -51.136367655409558, -30.045676992410026 ], [ -51.136101071019752, -30.045449019016537 ], [ -51.136157244502265, -30.045006088021747 ], [ -51.136893969092981, -30.043628798729539 ], [ -51.137181235762185, -30.042925614945059 ], [ -51.135746617409055, -30.042581988734057 ], [ -51.135173117172727, -30.033992655067703 ], [ -51.135045946537034, -30.032821198416809 ], [ -51.134841011660704, -30.031986985158341 ], [ -51.134699940722193, -30.031744759117974 ], [ -51.13246990170699, -30.032326548858833 ], [ -51.130890656678631, -30.032391963779986 ], [ -51.130149214052253, -30.032196509921224 ], [ -51.128085666423438, -30.031148406835314 ], [ -51.125412454194027, -30.030420066035106 ], [ -51.122705407707315, -30.029858245225988 ], [ -51.121957310366867, -30.029896914646915 ], [ -51.120840719383281, -30.030166259041639 ], [ -51.122362660158721, -30.038663800044404 ], [ -51.121096767467755, -30.038605564643358 ], [ -51.119717639097537, -30.038197495299325 ], [ -51.118146905407222, -30.037950312355349 ], [ -51.115453115467226, -30.038114047966218 ], [ -51.113516843384417, -30.038328601201709 ], [ -51.112515213171378, -30.03835131503363 ], [ -51.112117677047486, -30.03844828903452 ], [ -51.111738686336857, -30.038637240279616 ], [ -51.108906426663033, -30.040331729227411 ], [ -51.10795733908207, -30.040747717597743 ], [ -51.107077800652796, -30.040991169457861 ], [ -51.10760586989143, -30.046864282818916 ], [ -51.10781901522418, -30.050293967323075 ], [ -51.109445944526243, -30.050525005484463 ], [ -51.110454167888435, -30.050540045835628 ], [ -51.111137866588507, -30.051077061823651 ], [ -51.111630618422012, -30.051081065684688 ], [ -51.112221893685714, -30.051246433723829 ], [ -51.112748743621829, -30.051496775018972 ], [ -51.113588199662125, -30.051968487001034 ], [ -51.11377497637892, -30.052284364260931 ], [ -51.114042283157595, -30.052353170188681 ], [ -51.114501635239911, -30.052264962791696 ], [ -51.114742340548879, -30.052294533918769 ], [ -51.115052004267426, -30.052569963021096 ], [ -51.116804203329245, -30.053246972704102 ], [ -51.116971344546137, -30.053528028329424 ], [ -51.116966128297193, -30.053767814678437 ], [ -51.117218065695184, -30.053994015627374 ], [ -51.117978919816451, -30.054107044495304 ], [ -51.118444380173884, -30.054353446843873 ], [ -51.118618165039948, -30.054545241842128 ], [ -51.119620473978621, -30.054869216668351 ], [ -51.119820986720534, -30.055199963562874 ], [ -51.120058348624589, -30.055401900487052 ], [ -51.125930586518315, -30.053463183163512 ], [ -51.136120201603667, -30.053985674754422 ] ] ] } },
{ "type": "Feature", "properties": { "bairro_oficial": "MÁRIO QUINTANA" }, "geometry": { "type": "Polygon", "coordinates": [ [ [ -51.098408244625553, -30.04830277170268 ], [ -51.098504270136196, -30.048584807296628 ], [ -51.099050043931456, -30.048511749716052 ], [ -51.099229228532622, -30.048756901212968 ], [ -51.0994114432496, -30.048815513599326 ], [ -51.100117441928866, -30.048595230804438 ], [ -51.100638092721539, -30.04860602396958 ], [ -51.100889827024375, -30.048476689575004 ], [ -51.101388110229593, -30.048527656493221 ], [ -51.102265681391337, -30.048917198170248 ], [ -51.102393226126033, -30.049071688622725 ], [ -51.102755280256446, -30.049092885193751 ], [ -51.102976563730898, -30.049211294599449 ], [ -51.103339089980658, -30.048987472392383 ], [ -51.103869107556136, -30.048827230334105 ], [ -51.10408591568126, -30.048830938855335 ], [ -51.104478696819314, -30.049368039162825 ], [ -51.105356053507442, -30.0495365492419 ], [ -51.105706595894361, -30.049753127589749 ], [ -51.106270861417045, -30.049898599689016 ], [ -51.106833288283376, -30.049876214063023 ], [ -51.10781901522418, -30.050293967323075 ], [ -51.10760586989143, -30.046864282818916 ], [ -51.107077800652796, -30.040991169457861 ], [ -51.10795733908207, -30.040747717597743 ], [ -51.108906426663033, -30.040331729227411 ], [ -51.111738686336857, -30.038637240279616 ], [ -51.112117677047486, -30.03844828903452 ], [ -51.112515213171378, -30.03835131503363 ], [ -51.113516843384417, -30.038328601201709 ], [ -51.115453115467226, -30.038114047966218 ], [ -51.118146905407222, -30.037950312355349 ], [ -51.119717639097537, -30.038197495299325 ], [ -51.121096767467755, -30.038605564643358 ], [ -51.122362660158721, -30.038663800044404 ], [ -51.120199745013011, -30.026814431657638 ], [ -51.120152844225352, -30.025762653844755 ], [ -51.11432616592748, -30.026201498352346 ], [ -51.114294619563786, -30.025803140291192 ], [ -51.113475280781223, -30.025870726612737 ], [ -51.11326648621268, -30.02350139652302 ], [ -51.110027888843831, -30.023737090088087 ], [ -51.110262798410957, -30.026551825360166 ], [ -51.108825484790088, -30.026675723792689 ], [ -51.108753497248877, -30.025965075404955 ], [ -51.107974806308199, -30.026028044590731 ], [ -51.107977489764565, -30.026800474693989 ], [ -51.107849234667839, -30.027198118255882 ], [ -51.104551016977915, -30.027193905357386 ], [ -51.104463573791975, -30.025808331721681 ], [ -51.103409184562246, -30.025811968288821 ], [ -51.101001589910041, -30.025668419743212 ], [ -51.101002296142838, -30.024995735536013 ], [ -51.100577498904592, -30.022374096301363 ], [ -51.100470346042698, -30.021127720937638 ], [ -51.100367850601195, -30.020587685987422 ], [ -51.100262233147063, -30.02041058211227 ], [ -51.097669674676517, -30.020244986332074 ], [ -51.094444554913991, -30.020149904449863 ], [ -51.086899801216916, -30.022319127123772 ], [ -51.086764194085127, -30.02251747224668 ], [ -51.086511513102266, -30.022662741550562 ], [ -51.086269735843551, -30.02310479894285 ], [ -51.086208547588576, -30.024596214687023 ], [ -51.086113426255558, -30.025143213402405 ], [ -51.086187717762165, -30.025263920857835 ], [ -51.086894210367873, -30.025617792313312 ], [ -51.087682771439972, -30.025913936708136 ], [ -51.087796813502379, -30.026082008593676 ], [ -51.087881565787484, -30.026653899047474 ], [ -51.087836177703906, -30.026946267619223 ], [ -51.087653947101821, -30.027279470754479 ], [ -51.087095584137352, -30.027660304142632 ], [ -51.087310086058416, -30.028822675076423 ], [ -51.087450221133977, -30.029080656618273 ], [ -51.087911154993442, -30.029228978566426 ], [ -51.088229369031652, -30.029248317687546 ], [ -51.088394522460064, -30.029349910501548 ], [ -51.088296302670074, -30.029789362307028 ], [ -51.088501977097437, -30.029984754293118 ], [ -51.088615839579575, -30.030553672669701 ], [ -51.088919481524243, -30.030697395140503 ], [ -51.089189633390852, -30.030689383866218 ], [ -51.089358347183015, -30.030823263693719 ], [ -51.089459171867517, -30.031052403407202 ], [ -51.08947136811247, -30.031691858450852 ], [ -51.089635823141705, -30.032652049629558 ], [ -51.089661811691563, -30.03362075689677 ], [ -51.089984105499724, -30.034044307078641 ], [ -51.090295974853817, -30.034258236457219 ], [ -51.090214426770359, -30.034388352573977 ], [ -51.089931167330718, -30.034508896477806 ], [ -51.089778664183818, -30.034662988085611 ], [ -51.089430135094503, -30.035810333037016 ], [ -51.088470673873758, -30.03647232685314 ], [ -51.087819147386689, -30.037341355738764 ], [ -51.087279685051499, -30.037595871204875 ], [ -51.086654274733839, -30.038016616731525 ], [ -51.086758329056138, -30.038382476431096 ], [ -51.087266915978525, -30.038784149539524 ], [ -51.087245675804425, -30.038974934962173 ], [ -51.087012836453319, -30.039171679945575 ], [ -51.086964006030421, -30.039383091101282 ], [ -51.087180459312101, -30.039658188960455 ], [ -51.087503451557957, -30.039890448032683 ], [ -51.087513226818977, -30.040224294686872 ], [ -51.087701066509617, -30.040599362296238 ], [ -51.087785335345679, -30.041090259653608 ], [ -51.087653200760528, -30.041429923773503 ], [ -51.087196796319496, -30.042044794242031 ], [ -51.087170473959233, -30.042534357876548 ], [ -51.08696611013405, -30.042958113964076 ], [ -51.086745454588261, -30.043907076559506 ], [ -51.086413748079984, -30.044712427298485 ], [ -51.086248993124336, -30.045524032944495 ], [ -51.086102346939676, -30.045674862354861 ], [ -51.08574669317025, -30.045509544395625 ], [ -51.085528863736016, -30.045586040683286 ], [ -51.084674528658184, -30.046304762528194 ], [ -51.08441772055955, -30.046858253600487 ], [ -51.084444028020762, -30.047177359177319 ], [ -51.084325975651147, -30.047345164636482 ], [ -51.084368449044682, -30.047513209912147 ], [ -51.08490568897097, -30.047852896353245 ], [ -51.08542517872143, -30.047928364136244 ], [ -51.085958746687915, -30.047581358460953 ], [ -51.086098228412474, -30.047331843560709 ], [ -51.086556233438777, -30.047348774823245 ], [ -51.086800486863417, -30.047298879413468 ], [ -51.086981522401459, -30.047144354083308 ], [ -51.087276750929377, -30.047159762999161 ], [ -51.087412977547736, -30.046926209667422 ], [ -51.087339204120994, -30.046779171652126 ], [ -51.087555190154866, -30.046690937314921 ], [ -51.087671759813396, -30.046724543994145 ], [ -51.087909584844013, -30.04711197150926 ], [ -51.088242366264517, -30.047273668873746 ], [ -51.088398688841473, -30.047120272263502 ], [ -51.088718856347384, -30.047167176860654 ], [ -51.089018079015439, -30.047324796661652 ], [ -51.089324069784588, -30.047191472085164 ], [ -51.09009087781287, -30.047283123620922 ], [ -51.090973085198861, -30.047640042001511 ], [ -51.091372420866712, -30.047721699096503 ], [ -51.09165510692231, -30.048046584959263 ], [ -51.092349578676931, -30.048314875496448 ], [ -51.093164078438058, -30.048441347064845 ], [ -51.093434821147312, -30.049048367544316 ], [ -51.093743599151125, -30.049282350317206 ], [ -51.0941628357375, -30.049865533621972 ], [ -51.094573568325821, -30.050255819009642 ], [ -51.095905937399444, -30.050497522808467 ], [ -51.096518503453105, -30.050196166685662 ], [ -51.096981603773173, -30.04979739227899 ], [ -51.097155141176366, -30.049360116036521 ], [ -51.097500912693171, -30.048962509795615 ], [ -51.097721161835118, -30.04834976094169 ], [ -51.098091007479198, -30.048387297944927 ], [ -51.098408244625553, -30.04830277170268 ] ] ] } },
{ "type": "Feature", "properties": { "bairro_oficial": "NAVEGANTES" }, "geometry": { "type": "Polygon", "coordinates": [ [ [ -51.201979949350964, -29.988687801950842 ], [ -51.200383903984402, -29.98853736359569 ], [ -51.197530190322105, -29.989617269338108 ], [ -51.197358216682701, -29.989777646931579 ], [ -51.196908112539568, -29.990883384624919 ], [ -51.196616072160488, -29.991338248263009 ], [ -51.195887153195876, -29.992090736014323 ], [ -51.196404231181724, -29.993735783968475 ], [ -51.198344330706405, -29.993271664861453 ], [ -51.199548928356016, -29.997238076450476 ], [ -51.197498430196646, -29.997124342434567 ], [ -51.197799463746783, -29.997938567333151 ], [ -51.197522278175327, -29.997655920038628 ], [ -51.197115633092046, -29.997509517485554 ], [ -51.193190373784496, -29.997335926500892 ], [ -51.192204044369461, -29.9972031065764 ], [ -51.190915631703909, -29.996795026990259 ], [ -51.189843634933673, -29.996227718392863 ], [ -51.189766821628005, -29.996372668018772 ], [ -51.193767848598135, -30.007435548757602 ], [ -51.209319600319574, -30.002694685301321 ], [ -51.207817316752866, -29.99828712027335 ], [ -51.207485853638389, -29.995787653988693 ], [ -51.206947342404696, -29.995890808925942 ], [ -51.206625556779507, -29.9949024784937 ], [ -51.206707739509802, -29.99481193538638 ], [ -51.207286417230591, -29.99467461873142 ], [ -51.207201656810476, -29.994329620396957 ], [ -51.206495532632715, -29.994482574296626 ], [ -51.206320104033232, -29.993950586301828 ], [ -51.207014483151184, -29.993757331434779 ], [ -51.206962286184563, -29.993594981813001 ], [ -51.20681957605489, -29.993607829172149 ], [ -51.206391419273309, -29.992309671674619 ], [ -51.205976577225563, -29.991022647973431 ], [ -51.206108090684126, -29.990953236459617 ], [ -51.205214531545934, -29.988228879671638 ], [ -51.204821397589818, -29.988015610254699 ], [ -51.201979949350964, -29.988687801950842 ] ] ] } },
{ "type": "Feature", "properties": { "bairro_oficial": "NONOAI" }, "geometry": { "type": "Polygon", "coordinates": [ [ [ -51.21275964488963, -30.103118379599429 ], [ -51.220155552222636, -30.103356380263865 ], [ -51.22052675800883, -30.103475286953934 ], [ -51.222844273106396, -30.10469230422509 ], [ -51.223660785035797, -30.101772958441739 ], [ -51.22394467657741, -30.101459179067778 ], [ -51.224782842940606, -30.100793339748847 ], [ -51.225284822339091, -30.099869499393197 ], [ -51.225444698480409, -30.098774937122801 ], [ -51.224738075918502, -30.097694083581953 ], [ -51.224645283201241, -30.097165858784226 ], [ -51.224723507225704, -30.096827710912414 ], [ -51.225634813897145, -30.095252201514242 ], [ -51.225875695855116, -30.095072179233522 ], [ -51.226929704012413, -30.094708072026982 ], [ -51.231777708034073, -30.093266310590529 ], [ -51.231006398704139, -30.091347885103708 ], [ -51.230322835069266, -30.09057060874629 ], [ -51.227888160705511, -30.089629077378309 ], [ -51.226011875408105, -30.089069887779971 ], [ -51.227292791594671, -30.08736253928085 ], [ -51.22784714146924, -30.086732166560708 ], [ -51.227959280009301, -30.086688740382051 ], [ -51.220839938637511, -30.081401792056621 ], [ -51.219426497039649, -30.080642333303153 ], [ -51.218426998372784, -30.079592774154531 ], [ -51.214559239175514, -30.076737677589222 ], [ -51.214173518842827, -30.078734077830386 ], [ -51.213790852824779, -30.079603852440759 ], [ -51.215357829819212, -30.080759021940647 ], [ -51.213582203146622, -30.082595732497634 ], [ -51.213860289452342, -30.083153705653743 ], [ -51.213847876799065, -30.083526670615047 ], [ -51.213357906855862, -30.083708550647877 ], [ -51.212717467081617, -30.083558623963434 ], [ -51.2125217319021, -30.083815338943818 ], [ -51.212256742934663, -30.083868059507765 ], [ -51.211982646069039, -30.084120604454046 ], [ -51.211675416220928, -30.08421176417065 ], [ -51.211483654419496, -30.084574441501644 ], [ -51.211478003305025, -30.084943564132036 ], [ -51.210983769667706, -30.085172151482787 ], [ -51.210883944850039, -30.085378601600588 ], [ -51.210653488036137, -30.085482726845047 ], [ -51.210438851776928, -30.085741671874366 ], [ -51.209739188503185, -30.086233800472595 ], [ -51.209432084126163, -30.086618980965991 ], [ -51.208987989231467, -30.086605993277143 ], [ -51.208439541544543, -30.08674459351089 ], [ -51.208163319007923, -30.087296190065519 ], [ -51.208085725998053, -30.087686679598779 ], [ -51.207870966895761, -30.087931041908831 ], [ -51.207672246247085, -30.087958557685731 ], [ -51.20737611306955, -30.088322427567867 ], [ -51.206910369987597, -30.088319969169479 ], [ -51.206550436481464, -30.088572571959894 ], [ -51.206365214094568, -30.088884325578459 ], [ -51.205896238775338, -30.088917243207295 ], [ -51.205313657675347, -30.089163764754911 ], [ -51.205028710705868, -30.089095818602882 ], [ -51.204305193632159, -30.089288062966034 ], [ -51.203075390339784, -30.090051778228428 ], [ -51.202759913904053, -30.090552731011982 ], [ -51.202355626414118, -30.090832111499886 ], [ -51.202292689155001, -30.091041389378329 ], [ -51.202714322273835, -30.094390702406375 ], [ -51.203072802131295, -30.094317324172884 ], [ -51.203430912097929, -30.094342730575576 ], [ -51.204113426332761, -30.094595031940987 ], [ -51.204413916132623, -30.094903400329862 ], [ -51.204859448377711, -30.095139930561118 ], [ -51.205404018779959, -30.095898598444467 ], [ -51.205537096584344, -30.096335865392973 ], [ -51.206007330541262, -30.096643859756938 ], [ -51.20626775281508, -30.09697590145435 ], [ -51.206774674203928, -30.097238334093657 ], [ -51.207214039573337, -30.097654987679821 ], [ -51.207591523098472, -30.097626714870948 ], [ -51.208259321118526, -30.097815647829705 ], [ -51.208743576001417, -30.098291042128032 ], [ -51.208861957521528, -30.099145213488931 ], [ -51.209601719807068, -30.099810658616111 ], [ -51.209828729634907, -30.100154206452981 ], [ -51.210774599162328, -30.10095805299299 ], [ -51.211294227702417, -30.101591221798849 ], [ -51.211904218568492, -30.102044555044859 ], [ -51.212026885071346, -30.102305499747537 ], [ -51.211998527691001, -30.102652656130619 ], [ -51.212067513375437, -30.102766367482509 ], [ -51.21275964488963, -30.103118379599429 ] ] ] } },
{ "type": "Feature", "properties": { "bairro_oficial": "PARQUE SANTA FÉ" }, "geometry": { "type": "Polygon", "coordinates": [ [ [ -51.098713879561735, -30.004897392607127 ], [ -51.09935437117224, -30.014080431915158 ], [ -51.099913404781653, -30.014525426079697 ], [ -51.100357568567958, -30.01478578658109 ], [ -51.103429729191504, -30.015868221631482 ], [ -51.104276240016922, -30.01610644912677 ], [ -51.105279119147362, -30.016231529978878 ], [ -51.107746358234756, -30.016345538988148 ], [ -51.108467437658788, -30.016272965290884 ], [ -51.1090664251428, -30.016118607824961 ], [ -51.111293233072502, -30.015285925183058 ], [ -51.112300658988978, -30.015229672277918 ], [ -51.111737324583004, -30.008416378600501 ], [ -51.110269087571723, -30.007373251562566 ], [ -51.10982483461332, -30.00214841521781 ], [ -51.108123879294801, -30.00207341415264 ], [ -51.106478781046832, -30.00174764594319 ], [ -51.105133241995055, -30.00170000383406 ], [ -51.104908830430183, -30.002001723612949 ], [ -51.104442854630797, -30.00215728209503 ], [ -51.102487036242508, -30.002199936197812 ], [ -51.101643485596021, -30.002319662457108 ], [ -51.101150025059923, -30.002656239387271 ], [ -51.098713879561735, -30.004897392607127 ] ] ] } },
{ "type": "Feature", "properties": { "bairro_oficial": "PARTENON" }, "geometry": { "type": "Polygon", "coordinates": [ [ [ -51.180603219451811, -30.05904405698935 ], [ -51.179746930979867, -30.059000262660387 ], [ -51.178722865672086, -30.058771047995659 ], [ -51.17244209828867, -30.056065105423645 ], [ -51.171775267683728, -30.05585824823947 ], [ -51.170906424374969, -30.05574750696189 ], [ -51.159846575056079, -30.055823856560369 ], [ -51.158990439879943, -30.055972018019574 ], [ -51.157728034249892, -30.056355184012538 ], [ -51.153776609633844, -30.058063287554795 ], [ -51.152811806844156, -30.058742649668776 ], [ -51.15196320729126, -30.059713763962662 ], [ -51.151532971189553, -30.060582836102476 ], [ -51.150583913999974, -30.063421390780764 ], [ -51.150191410461957, -30.063977965518816 ], [ -51.151657058056109, -30.065712870313011 ], [ -51.151689165995116, -30.068109008325582 ], [ -51.148751399716012, -30.07545619687367 ], [ -51.156989756429887, -30.07727331927612 ], [ -51.157163630846718, -30.076532004743861 ], [ -51.157916934344044, -30.07584685399636 ], [ -51.158319790846413, -30.075127091358272 ], [ -51.158892323003968, -30.074987349321152 ], [ -51.159117911770714, -30.075160228613509 ], [ -51.159880758805556, -30.071850872396418 ], [ -51.159826299818207, -30.0717505825736 ], [ -51.159956621063671, -30.071368302877257 ], [ -51.159852385944433, -30.071150686945163 ], [ -51.159973739977609, -30.07020412724637 ], [ -51.160086230768947, -30.070002681898558 ], [ -51.160321833031297, -30.070002329850212 ], [ -51.160301811120831, -30.069445851119259 ], [ -51.16042917607367, -30.069015476622699 ], [ -51.160588797956919, -30.067691577772635 ], [ -51.161488392848241, -30.062573864365124 ], [ -51.162700059298096, -30.06219416044425 ], [ -51.164599517595107, -30.062144240706246 ], [ -51.169242069407161, -30.061592583818328 ], [ -51.171523175817875, -30.061790005676308 ], [ -51.17310895280486, -30.061695405165224 ], [ -51.174505101525313, -30.062048575203118 ], [ -51.177146040590223, -30.062333661522661 ], [ -51.17769863184126, -30.062507174268884 ], [ -51.178097309030939, -30.062817403494698 ], [ -51.17910531539254, -30.063859041371586 ], [ -51.179730449586707, -30.064200965871059 ], [ -51.180129315905731, -30.064333469819974 ], [ -51.179707413416878, -30.066295615913777 ], [ -51.179911508383192, -30.067148926272846 ], [ -51.186268888064596, -30.064445761658035 ], [ -51.187108238490033, -30.067366012114661 ], [ -51.189062500775968, -30.070230440501646 ], [ -51.189929818313843, -30.071217621150698 ], [ -51.19015460048098, -30.071432668953957 ], [ -51.190116702103751, -30.07139553861807 ], [ -51.19053098771392, -30.071620449296972 ], [ -51.191239679752137, -30.071789018137082 ], [ -51.199705899513667, -30.073431256949586 ], [ -51.200397867575212, -30.071635381153907 ], [ -51.201834906602571, -30.068932276419936 ], [ -51.202658542671422, -30.068920831989988 ], [ -51.202440674365924, -30.068534974690113 ], [ -51.20328403501145, -30.06829448359013 ], [ -51.20190087704605, -30.064721586492468 ], [ -51.200565602531611, -30.064892661591028 ], [ -51.199188114765221, -30.065211951351195 ], [ -51.19514553295997, -30.058098842958501 ], [ -51.197958601743281, -30.056233385484731 ], [ -51.200603248988457, -30.05407417988572 ], [ -51.203358418415661, -30.053302827124412 ], [ -51.204702488080763, -30.052795552789199 ], [ -51.196524264852641, -30.04844164459606 ], [ -51.193571028267641, -30.052673084781169 ], [ -51.192967179809798, -30.053311827154388 ], [ -51.192332031027497, -30.053812320480606 ], [ -51.191474059033901, -30.054297705905022 ], [ -51.182822298905919, -30.058549232775988 ], [ -51.181760391159798, -30.058903614959956 ], [ -51.180603219451811, -30.05904405698935 ] ] ] } },
{ "type": "Feature", "properties": { "bairro_oficial": "PASSO DA AREIA" }, "geometry": { "type": "Polygon", "coordinates": [ [ [ -51.166160941389087, -30.011704577749068 ], [ -51.162046905834607, -30.010979304536093 ], [ -51.160839614265932, -30.019551009315524 ], [ -51.161499956472987, -30.020346012546256 ], [ -51.163915019442015, -30.02059056553345 ], [ -51.164022050687819, -30.019805037767785 ], [ -51.164886887591067, -30.020094363766137 ], [ -51.167277736301209, -30.021295836485191 ], [ -51.171201331399828, -30.021882829531638 ], [ -51.171597591758797, -30.018617890272857 ], [ -51.175139912377546, -30.018829084574939 ], [ -51.175315535366856, -30.018477647896837 ], [ -51.176764483961406, -30.01894514806478 ], [ -51.178099148314104, -30.019612814911476 ], [ -51.178554780802493, -30.014331088920287 ], [ -51.178512727809434, -30.01382088726114 ], [ -51.178821113589322, -30.010769744428305 ], [ -51.179178157613727, -30.01092570482281 ], [ -51.180651022337528, -30.010913755853661 ], [ -51.180629485408311, -30.011508248201263 ], [ -51.181791654194193, -30.011531124893356 ], [ -51.181853560259505, -30.008559545008985 ], [ -51.180571273043533, -30.008680891932421 ], [ -51.178908901821906, -30.008665588957932 ], [ -51.175823423682061, -30.00835717923238 ], [ -51.173956106604415, -30.007982881330133 ], [ -51.17278220424501, -30.008070805464946 ], [ -51.172603708783889, -30.007987442800687 ], [ -51.169742512721804, -30.00783708904337 ], [ -51.16938643346333, -30.007935520471488 ], [ -51.166997184829832, -30.007554192321468 ], [ -51.166912073853474, -30.007645856370683 ], [ -51.166160941389087, -30.011704577749068 ] ] ] } },
{ "type": "Feature", "properties": { "bairro_oficial": "PASSO DAS PEDRAS" }, "geometry": { "type": "Polygon", "coordinates": [ [ [ -51.129820204200399, -30.011582046368943 ], [ -51.127136695155748, -30.011596129684563 ], [ -51.124530769931638, -30.012506900481142 ], [ -51.124042380341365, -30.012771768603137 ], [ -51.123037145542845, -30.013769726708187 ], [ -51.122633558786504, -30.01403043908363 ], [ -51.120902744300452, -30.014688427582374 ], [ -51.119167263847096, -30.014992457976799 ], [ -51.120025133059187, -30.023638275640131 ], [ -51.120199745013011, -30.026814431657638 ], [ -51.120840719383281, -30.030166259041639 ], [ -51.121957310366867, -30.029896914646915 ], [ -51.122705407707315, -30.029858245225988 ], [ -51.125412454194027, -30.030420066035106 ], [ -51.128085666423438, -30.031148406835314 ], [ -51.130510004475909, -30.032322757613791 ], [ -51.131149640670692, -30.032405277051236 ], [ -51.13246990170699, -30.032326548858833 ], [ -51.134699940722193, -30.031744759117974 ], [ -51.133289935329515, -30.030306211258278 ], [ -51.13285573100373, -30.02973738787901 ], [ -51.131670766196208, -30.026852900650574 ], [ -51.131613355189934, -30.026558899728474 ], [ -51.13123629723129, -30.017790791149466 ], [ -51.130812904973055, -30.011250471150383 ], [ -51.129820204200399, -30.011582046368943 ] ] ] } },
{ "type": "Feature", "properties": { "bairro_oficial": "PEDRA REDONDA" }, "geometry": { "type": "Polygon", "coordinates": [ [ [ -51.240872603449368, -30.132092675687879 ], [ -51.241636755366962, -30.131938400272045 ], [ -51.241774196712235, -30.13201684043899 ], [ -51.241707180213311, -30.132123360837706 ], [ -51.241945777323522, -30.132130502514659 ], [ -51.241989411783806, -30.132270209703076 ], [ -51.242040650114951, -30.13229285676163 ], [ -51.242384269923292, -30.132196925114261 ], [ -51.24271973087113, -30.132246030028515 ], [ -51.242880961072878, -30.13216008999478 ], [ -51.242928125430552, -30.132257015393225 ], [ -51.243170178036202, -30.132106762133912 ], [ -51.243448300818322, -30.132186293056616 ], [ -51.24341182833102, -30.132131221788995 ], [ -51.243488158055435, -30.132097780799093 ], [ -51.243816429140708, -30.13209401256578 ], [ -51.244710814500237, -30.131409292879088 ], [ -51.24474602043199, -30.131287308111958 ], [ -51.244926565975717, -30.131288505008726 ], [ -51.244994910937059, -30.131091194908212 ], [ -51.245155231686134, -30.130974751662222 ], [ -51.245082665370688, -30.130765792515035 ], [ -51.244938872523932, -30.130722473091758 ], [ -51.244802879202474, -30.130516157908549 ], [ -51.244748258380611, -30.13034263047858 ], [ -51.24479667717781, -30.130106372287322 ], [ -51.245384880067718, -30.129547476118699 ], [ -51.245543792577081, -30.129534545394179 ], [ -51.245523506617111, -30.129685651503088 ], [ -51.245648902951281, -30.129679189905005 ], [ -51.245688169743495, -30.129562972396236 ], [ -51.245617712254393, -30.129493255942005 ], [ -51.245773049027818, -30.129335579830933 ], [ -51.245492977108995, -30.129305059454722 ], [ -51.245540679772255, -30.129241619701759 ], [ -51.245384750582019, -30.12903353728019 ], [ -51.245424418543706, -30.128743419177713 ], [ -51.245092635122546, -30.128665978019079 ], [ -51.245005532093238, -30.128581582025067 ], [ -51.244696772562641, -30.127988803699921 ], [ -51.24476292817377, -30.127872265704013 ], [ -51.244678231408891, -30.127795355890875 ], [ -51.24469429588617, -30.127657793487035 ], [ -51.244843637815428, -30.127680346842027 ], [ -51.244856496773352, -30.127632493524718 ], [ -51.244710738867958, -30.127589990254631 ], [ -51.244724880618115, -30.127515241660802 ], [ -51.24490085853266, -30.127182635824582 ], [ -51.244992321543847, -30.127141222886564 ], [ -51.244971469638855, -30.126937130315927 ], [ -51.245060757804602, -30.126729943775668 ], [ -51.245344952005667, -30.126709469871891 ], [ -51.245781156015575, -30.126237761400219 ], [ -51.245815044571344, -30.126088343672972 ], [ -51.24568234134594, -30.126076950623453 ], [ -51.245671586164221, -30.126009829596658 ], [ -51.245756200516382, -30.126012288219876 ], [ -51.245806300328624, -30.125785320534707 ], [ -51.246652981328559, -30.125274486297236 ], [ -51.248331586029082, -30.124670930500738 ], [ -51.251346192633839, -30.124093409060759 ], [ -51.254004073481177, -30.12380204172112 ], [ -51.255428703467977, -30.123729880427391 ], [ -51.25583811502851, -30.123560418306084 ], [ -51.256780417980863, -30.123522571695428 ], [ -51.256984282482179, -30.123434094436661 ], [ -51.258605931891807, -30.123359348026373 ], [ -51.258887592578162, -30.123407163689347 ], [ -51.258952740938739, -30.123509101433967 ], [ -51.258960543992963, -30.123396370769914 ], [ -51.259047765214945, -30.123364252384363 ], [ -51.25967568035567, -30.123349295238896 ], [ -51.259624111102937, -30.123239570388595 ], [ -51.259683223858332, -30.123057973345308 ], [ -51.260386854776876, -30.122860299496864 ], [ -51.26064131280323, -30.122867465151916 ], [ -51.260796288019293, -30.123098994641889 ], [ -51.260941727418555, -30.123059359589842 ], [ -51.26077873035053, -30.123014561156889 ], [ -51.260664379004005, -30.12283556321032 ], [ -51.261057983344287, -30.122738386601622 ], [ -51.258946770881018, -30.122926790607366 ], [ -51.258224302358663, -30.122785470195804 ], [ -51.256681636739067, -30.122269899313711 ], [ -51.256145428635136, -30.122416314230623 ], [ -51.252570075985716, -30.122771208488896 ], [ -51.25232750396524, -30.122720982194714 ], [ -51.25175727812978, -30.122874634178114 ], [ -51.250283258708798, -30.122786634318899 ], [ -51.249864888772265, -30.122846965763745 ], [ -51.24962544360303, -30.121250443610336 ], [ -51.249430554279414, -30.121353921151798 ], [ -51.248632839830293, -30.121501558681157 ], [ -51.247681601584659, -30.121945659417701 ], [ -51.244875738285018, -30.123035382588988 ], [ -51.241863349811553, -30.124804957761935 ], [ -51.240948887499037, -30.124603638393257 ], [ -51.241029450172235, -30.124678661175661 ], [ -51.240947166261286, -30.124991860397799 ], [ -51.240207503429765, -30.126426461731505 ], [ -51.24247790378832, -30.127218731181646 ], [ -51.238184119387697, -30.130471919652376 ], [ -51.240872603449368, -30.132092675687879 ] ] ] } },
{ "type": "Feature", "properties": { "bairro_oficial": "PETRÓPOLIS" }, "geometry": { "type": "Polygon", "coordinates": [ [ [ -51.173860883379028, -30.038253491333641 ], [ -51.173774209171164, -30.038621641689069 ], [ -51.173138202010755, -30.038869583667694 ], [ -51.171706700628128, -30.039720387505312 ], [ -51.172486015248118, -30.047596300230843 ], [ -51.178410562890647, -30.047713002020647 ], [ -51.179052439979941, -30.047225433711244 ], [ -51.178956871438949, -30.046974746824219 ], [ -51.179887814026706, -30.046899721538711 ], [ -51.180396933139797, -30.04667810726767 ], [ -51.18188077802553, -30.046763618489969 ], [ -51.183657010273855, -30.046507959052327 ], [ -51.183629481978741, -30.047419993833124 ], [ -51.183294114698676, -30.047568287152917 ], [ -51.183047538456854, -30.04843438713943 ], [ -51.183407260388442, -30.048999880644072 ], [ -51.183838138635188, -30.049449610588617 ], [ -51.184528539499276, -30.050658367216712 ], [ -51.190056083133989, -30.048984043292233 ], [ -51.190474577827615, -30.04997496243109 ], [ -51.1910208274439, -30.049869859118406 ], [ -51.191942303629091, -30.049959266522311 ], [ -51.193493476623566, -30.049694498325721 ], [ -51.193665210288977, -30.050437686536995 ], [ -51.194644264745733, -30.050273918231248 ], [ -51.19514160573884, -30.050424006134271 ], [ -51.197825854119948, -30.046579442723846 ], [ -51.197352229637929, -30.046306320406103 ], [ -51.195907622237549, -30.040288592055624 ], [ -51.195881911399042, -30.038962231809677 ], [ -51.195287660527839, -30.038680817706066 ], [ -51.194570316033321, -30.038522151797924 ], [ -51.189907076185385, -30.038382353891837 ], [ -51.188852874601693, -30.038051058184877 ], [ -51.187695010014053, -30.037453922236239 ], [ -51.185562754949601, -30.035313317822411 ], [ -51.183282565361232, -30.030772815592272 ], [ -51.182895009266161, -30.030319306362646 ], [ -51.182090745293578, -30.029822743327387 ], [ -51.180909661969466, -30.029486686511994 ], [ -51.179865689237772, -30.031829370159336 ], [ -51.177493665803333, -30.03491611717266 ], [ -51.17673253491612, -30.035682845001457 ], [ -51.174983182611179, -30.036689368606908 ], [ -51.174611713528471, -30.036989285458834 ], [ -51.174252254747486, -30.03742791258966 ], [ -51.173860883379028, -30.038253491333641 ] ] ] } },
{ "type": "Feature", "properties": { "bairro_oficial": "PITINGA" }, "geometry": { "type": "Polygon", "coordinates": [ [ [ -51.088531367160549, -30.175470215509314 ], [ -51.11404744088631, -30.161978767195968 ], [ -51.125941652482659, -30.142527256761376 ], [ -51.125981353939913, -30.1420169954554 ], [ -51.126235601288435, -30.141023718121172 ], [ -51.126903686067124, -30.139997935603667 ], [ -51.127099518803021, -30.139568881750574 ], [ -51.127332325289011, -30.138224855273045 ], [ -51.127855275759664, -30.137717479274343 ], [ -51.127376905268861, -30.137612801780712 ], [ -51.126803709897807, -30.137756363200129 ], [ -51.125940136486427, -30.138132774620207 ], [ -51.12550653660459, -30.138208893670125 ], [ -51.122648811193351, -30.138287256734344 ], [ -51.121527085832085, -30.138588675056774 ], [ -51.121095132982447, -30.138814540291225 ], [ -51.120402644372241, -30.138815363915281 ], [ -51.118152857678432, -30.138366245580777 ], [ -51.11780644736784, -30.138441866505524 ], [ -51.117374635912142, -30.138667566939226 ], [ -51.116770194229041, -30.139269253294888 ], [ -51.115992654389707, -30.139871349673331 ], [ -51.115644569711577, -30.139948220265413 ], [ -51.115213079797186, -30.140173803220485 ], [ -51.113397822976481, -30.140851828846095 ], [ -51.112791515594949, -30.141003145379756 ], [ -51.110717314344392, -30.141155405770263 ], [ -51.110108563470682, -30.140704202577954 ], [ -51.109416303916724, -30.139878681210256 ], [ -51.108896906348747, -30.139427757722689 ], [ -51.108117690967283, -30.139127240759869 ], [ -51.107424553236172, -30.138751400445461 ], [ -51.107078384336333, -30.138226020373938 ], [ -51.106642391863545, -30.13732155610467 ], [ -51.106036276065559, -30.136870770872843 ], [ -51.104479180285693, -30.135369492590662 ], [ -51.103056538128051, -30.132822069420079 ], [ -51.098162173368635, -30.136754850950741 ], [ -51.097665405276409, -30.136440254761983 ], [ -51.098058630713318, -30.137135135562964 ], [ -51.09706645445884, -30.138544687003012 ], [ -51.094400501660232, -30.145097616582468 ], [ -51.088531367160549, -30.175470215509314 ] ] ] } },
{ "type": "Feature", "properties": { "bairro_oficial": "PONTA GROSSA" }, "geometry": { "type": "Polygon", "coordinates": [ [ [ -51.183071564416736, -30.169365228670344 ], [ -51.180746627129182, -30.169572347095794 ], [ -51.180639300779369, -30.169521430907931 ], [ -51.180075772711128, -30.171030055829647 ], [ -51.179872082161417, -30.171346762852462 ], [ -51.176833667355034, -30.174416396568212 ], [ -51.176491944580164, -30.174849499872906 ], [ -51.176275018316119, -30.175545036882671 ], [ -51.175709996132539, -30.181512704155931 ], [ -51.175250164813306, -30.183041822798437 ], [ -51.174664486559138, -30.185520355663385 ], [ -51.179202907211135, -30.185228896880091 ], [ -51.179403164385839, -30.184107759038177 ], [ -51.182160378450398, -30.184554854098945 ], [ -51.181945034658071, -30.18576155815914 ], [ -51.189202135254455, -30.190954510221431 ], [ -51.189338149681156, -30.191017468271838 ], [ -51.190706677465222, -30.189919877242453 ], [ -51.190818018591145, -30.189935778568511 ], [ -51.191092088690894, -30.190547549045299 ], [ -51.191663276079147, -30.190887165340779 ], [ -51.192168076200495, -30.191310175892664 ], [ -51.192367748830058, -30.191230392256202 ], [ -51.19251760700498, -30.191256142227381 ], [ -51.192647923452711, -30.191626070757128 ], [ -51.194651838957469, -30.193015109277567 ], [ -51.19424133105133, -30.193421853045681 ], [ -51.194306446294377, -30.193670937787701 ], [ -51.1964732686438, -30.194741839442951 ], [ -51.197054359192514, -30.195267286956344 ], [ -51.197185884959765, -30.195577827972418 ], [ -51.197439248466871, -30.195459026861698 ], [ -51.197430549081922, -30.195370958640094 ], [ -51.197317536597794, -30.195351638493396 ], [ -51.197360021834506, -30.195203665816482 ], [ -51.197543799321203, -30.195121803637559 ], [ -51.197560518744417, -30.195217131400735 ], [ -51.197767195465737, -30.195201966319836 ], [ -51.197666897092198, -30.195091742328284 ], [ -51.197823569962345, -30.19511717553738 ], [ -51.197741868420266, -30.195041326889605 ], [ -51.197777191912245, -30.194893973772025 ], [ -51.198235169985026, -30.194685115824466 ], [ -51.198112201070089, -30.194483529976154 ], [ -51.198173584901475, -30.194385017219144 ], [ -51.198420487999606, -30.194459330304767 ], [ -51.198505437947212, -30.194412532888283 ], [ -51.198550531073408, -30.194319127806065 ], [ -51.198470729894183, -30.194247888134296 ], [ -51.198573848276958, -30.194146738401034 ], [ -51.198506593970073, -30.193969494928353 ], [ -51.198715087695057, -30.194086407467129 ], [ -51.19877352080951, -30.193754379573331 ], [ -51.198854691558878, -30.193678354101756 ], [ -51.198948158019718, -30.193725102220942 ], [ -51.198911799200999, -30.193547960014495 ], [ -51.199077923480957, -30.193481814051733 ], [ -51.199039821443137, -30.193406099361095 ], [ -51.19915694497589, -30.193282841492028 ], [ -51.19926821457981, -30.19333082074516 ], [ -51.199364691961549, -30.193106732111357 ], [ -51.199453465112619, -30.193141987353236 ], [ -51.199454620736944, -30.192991455377712 ], [ -51.199548832366304, -30.193061865182447 ], [ -51.199642916753135, -30.192968751401011 ], [ -51.199538138168187, -30.192783029205696 ], [ -51.199749194259681, -30.192915263389587 ], [ -51.199920822862886, -30.192897526869878 ], [ -51.200355588860326, -30.192649288811268 ], [ -51.20051246912471, -30.192657189381201 ], [ -51.20061864591581, -30.192474499265124 ], [ -51.20195627476042, -30.191796134179192 ], [ -51.202137545033473, -30.191644775320633 ], [ -51.20213863648398, -30.191534987442637 ], [ -51.202442607059879, -30.191561638592418 ], [ -51.20270992329106, -30.191391382924532 ], [ -51.20306523507633, -30.191354802572292 ], [ -51.203299955836222, -30.191202206483347 ], [ -51.203382445855866, -30.191241816820156 ], [ -51.203609331944669, -30.190974579428719 ], [ -51.203781748451057, -30.190966265133731 ], [ -51.203901384661094, -30.191105718679157 ], [ -51.204219864750449, -30.190998797191288 ], [ -51.204391792240912, -30.191069472195569 ], [ -51.204459348219871, -30.190914096248328 ], [ -51.204931251675205, -30.190825930576697 ], [ -51.204929406350665, -30.190958300412273 ], [ -51.205023320574249, -30.19102556844431 ], [ -51.205097393653553, -30.190863684332758 ], [ -51.205344498981866, -30.190828019309741 ], [ -51.205461000306357, -30.190658394598021 ], [ -51.206211038676699, -30.190456776293917 ], [ -51.206191285126728, -30.190557000879327 ], [ -51.206355422461769, -30.190579555320259 ], [ -51.20645383820289, -30.190392648253031 ], [ -51.206661688136293, -30.190311778191269 ], [ -51.206983287009031, -30.190330878566726 ], [ -51.207264987339528, -30.190687182907183 ], [ -51.207383069005829, -30.190501810074124 ], [ -51.20765456376364, -30.190555247940907 ], [ -51.208162172875191, -30.190328564472686 ], [ -51.208276782636688, -30.19034182885779 ], [ -51.208298471044415, -30.190429781955224 ], [ -51.208415652230144, -30.190381495328694 ], [ -51.208544152105468, -30.190430383821013 ], [ -51.208615303609115, -30.190327844506548 ], [ -51.208809991508971, -30.190334393171685 ], [ -51.208880883101152, -30.190207759690125 ], [ -51.208970214795897, -30.190204728942597 ], [ -51.209058164962791, -30.190334719484586 ], [ -51.20914147053962, -30.190281884715802 ], [ -51.209578911440744, -30.190378108132617 ], [ -51.209666619436412, -30.190344307005162 ], [ -51.209680191904148, -30.190228863850155 ], [ -51.209848341023942, -30.190163349605541 ], [ -51.210106703139004, -30.190167718777246 ], [ -51.210302726134373, -30.190265138169543 ], [ -51.210445966956378, -30.190210491610966 ], [ -51.210623790262339, -30.190346473678609 ], [ -51.210920461965088, -30.19034022092535 ], [ -51.211367675525068, -30.190292665210304 ], [ -51.211459099013041, -30.190150836072689 ], [ -51.211788241093984, -30.190268883706683 ], [ -51.212011329052004, -30.190197682393809 ], [ -51.212486065534641, -30.19019664350645 ], [ -51.212882579277242, -30.190050889958968 ], [ -51.213147418076495, -30.19012003689954 ], [ -51.213957653240918, -30.18995772425421 ], [ -51.214075476752505, -30.189967909468635 ], [ -51.214143227673723, -30.190073202765145 ], [ -51.214737492644232, -30.19000689562646 ], [ -51.214971551886222, -30.189965902572126 ], [ -51.215011768445599, -30.189877127460637 ], [ -51.215026803727937, -30.189959946706001 ], [ -51.215233670023188, -30.189930368423294 ], [ -51.215241748025065, -30.189823056009484 ], [ -51.21538021768842, -30.189773916362775 ], [ -51.215749850168173, -30.189737030983675 ], [ -51.215928282513509, -30.189816061340885 ], [ -51.216067929814209, -30.189687686144048 ], [ -51.216159264381417, -30.189793300373633 ], [ -51.216251183676107, -30.189548589906476 ], [ -51.216506443389854, -30.189464964963889 ], [ -51.216612708078095, -30.189605117250998 ], [ -51.216828483235282, -30.189374369760451 ], [ -51.21709219795892, -30.189641233786549 ], [ -51.217218834036252, -30.189643732146404 ], [ -51.217077144641749, -30.189598303678743 ], [ -51.21686455031918, -30.189336679153307 ], [ -51.216955784903639, -30.189254316726373 ], [ -51.217017061394614, -30.189295907471305 ], [ -51.216997469042802, -30.189219684749094 ], [ -51.21712125814441, -30.18910848040948 ], [ -51.217271484260124, -30.189068164154008 ], [ -51.217343611373153, -30.189130763247778 ], [ -51.218271575339223, -30.188942870593436 ], [ -51.218404879085206, -30.188985366464419 ], [ -51.218559433305515, -30.188902620530961 ], [ -51.218962461616975, -30.188952797403623 ], [ -51.219310753204219, -30.188737999647806 ], [ -51.220403678224287, -30.188460113611637 ], [ -51.220499417334025, -30.188582682757175 ], [ -51.220493855386053, -30.188370892022505 ], [ -51.220914373900577, -30.188191141389353 ], [ -51.220892577407447, -30.188106079010222 ], [ -51.221335665892227, -30.187986481800205 ], [ -51.222454991306662, -30.187952642055048 ], [ -51.22253506804774, -30.187853780378372 ], [ -51.223031204224618, -30.18776648456878 ], [ -51.223784918144077, -30.187752566299025 ], [ -51.224028234670349, -30.187858367602171 ], [ -51.224188060450217, -30.187793028722972 ], [ -51.224396742212079, -30.187834184473967 ], [ -51.224408245844771, -30.187776679137954 ], [ -51.225217867440655, -30.187726470215718 ], [ -51.22665411718009, -30.187780759258388 ], [ -51.228574759964054, -30.188062233926708 ], [ -51.229190209208468, -30.188047262566869 ], [ -51.229330803120511, -30.188111450243802 ], [ -51.229403079966467, -30.188325741701068 ], [ -51.229528992582175, -30.188285543250068 ], [ -51.229703770239148, -30.188442621419519 ], [ -51.229840518576758, -30.188371631204387 ], [ -51.229906812644813, -30.188514008603949 ], [ -51.230141097078963, -30.188529480559353 ], [ -51.230145129190333, -30.188655001741619 ], [ -51.230243753850814, -30.188539678765046 ], [ -51.230914528647737, -30.188906059937164 ], [ -51.230943040342694, -30.188837785803926 ], [ -51.231702657944773, -30.188991032865108 ], [ -51.232442329961287, -30.189010570136553 ], [ -51.23309757729335, -30.188953998204013 ], [ -51.235201400815129, -30.189191191080198 ], [ -51.235372372082324, -30.189271923165357 ], [ -51.235316168294716, -30.189357664291649 ], [ -51.235401119632705, -30.189260410712073 ], [ -51.23569110565284, -30.189283984344883 ], [ -51.236440784263998, -30.189490374726827 ], [ -51.237144451549824, -30.189568518467226 ], [ -51.237262456420694, -30.189697352249251 ], [ -51.237503472507008, -30.189615878149542 ], [ -51.237904422905679, -30.189689873034077 ], [ -51.238401683580804, -30.189855377628017 ], [ -51.238422403457356, -30.18991860065394 ], [ -51.238858597642718, -30.189960582468267 ], [ -51.238892606288054, -30.190105992686 ], [ -51.239073535665149, -30.19009275792957 ], [ -51.239136080183108, -30.190267896248297 ], [ -51.239597174729838, -30.190339338856205 ], [ -51.239780093498489, -30.190117999913731 ], [ -51.240259809130436, -30.190157640497208 ], [ -51.240290238543146, -30.190068695227747 ], [ -51.2405455289625, -30.190005598932739 ], [ -51.240900964737961, -30.189773653749501 ], [ -51.24113083046813, -30.189806710938608 ], [ -51.241300587461403, -30.189557327824129 ], [ -51.241408778619594, -30.189621020869282 ], [ -51.241663256750684, -30.189396117876111 ], [ -51.241805127593558, -30.189426358244294 ], [ -51.241841839076521, -30.18952880682227 ], [ -51.241876013553473, -30.189442471194958 ], [ -51.242021698043885, -30.189460611985481 ], [ -51.242109202283615, -30.189603125305425 ], [ -51.242257222309426, -30.189556737933277 ], [ -51.242928446484889, -30.189111860653888 ], [ -51.242964598736158, -30.188985634045437 ], [ -51.243186031436558, -30.189096403456986 ], [ -51.243020659695432, -30.188971813236847 ], [ -51.243063760545802, -30.188840881131732 ], [ -51.243188102465353, -30.188797784958236 ], [ -51.243289611810084, -30.188931968838038 ], [ -51.243408856481359, -30.188885994369894 ], [ -51.24350490195868, -30.188699283297019 ], [ -51.243468124151114, -30.188613079860037 ], [ -51.244001593229179, -30.188505691512997 ], [ -51.244056864743598, -30.188550890865724 ], [ -51.24404055446805, -30.188466092821582 ], [ -51.244265146544244, -30.188468111249122 ], [ -51.2448363673318, -30.188168792354659 ], [ -51.245136427262203, -30.188275621171925 ], [ -51.244910368413223, -30.18805873820315 ], [ -51.245231910411029, -30.187989642880073 ], [ -51.245212238854286, -30.188183521971002 ], [ -51.245325599834615, -30.187985677157712 ], [ -51.246341589939263, -30.18767306591479 ], [ -51.247040378061449, -30.187130563642544 ], [ -51.247359366860501, -30.187121931281908 ], [ -51.247818218675647, -30.186674361337229 ], [ -51.248027988882981, -30.186608267633286 ], [ -51.24839368693258, -30.186627429363796 ], [ -51.248551077909177, -30.186510266523126 ], [ -51.248751265121278, -30.186061469258537 ], [ -51.248747528350961, -30.185731817606104 ], [ -51.248541742835094, -30.185398488703118 ], [ -51.24825346218595, -30.185181639081978 ], [ -51.248275802704427, -30.185060490528048 ], [ -51.248019510760855, -30.185089762403233 ], [ -51.247901397482465, -30.184921412224643 ], [ -51.247676154365905, -30.184863901057209 ], [ -51.247725870408907, -30.184764720546472 ], [ -51.247642555130589, -30.184720116905613 ], [ -51.247509311171513, -30.184814673125196 ], [ -51.247293018895888, -30.184555902286725 ], [ -51.246847643802681, -30.184573255479012 ], [ -51.246431540430684, -30.184373246785725 ], [ -51.246340440755638, -30.183955231196613 ], [ -51.24617083778697, -30.183881370154165 ], [ -51.246067069929317, -30.183590349714134 ], [ -51.245961105334025, -30.183668699739528 ], [ -51.24590559284006, -30.183609332704645 ], [ -51.245757949253758, -30.183635780412388 ], [ -51.245703903579894, -30.183372462148753 ], [ -51.245596021847192, -30.183389990340782 ], [ -51.245542424696701, -30.183223140897752 ], [ -51.245326963347324, -30.183128607829492 ], [ -51.245244107877454, -30.182933296566215 ], [ -51.24487123261234, -30.183030011872695 ], [ -51.244748011889413, -30.182935395830388 ], [ -51.244744879454807, -30.182802744272408 ], [ -51.244660784035048, -30.182861830127692 ], [ -51.244594089478205, -30.182774509121344 ], [ -51.244442977464111, -30.182784446619795 ], [ -51.244323193953647, -30.182566823075071 ], [ -51.244065979607178, -30.182515050986556 ], [ -51.243948241213133, -30.182410587748763 ], [ -51.243856912992371, -30.182105554747796 ], [ -51.243494264076574, -30.182136098838246 ], [ -51.243233870781822, -30.182058070688527 ], [ -51.243126635274123, -30.182126944497643 ], [ -51.243073955307494, -30.182077950272426 ], [ -51.242595416806438, -30.18212179118051 ], [ -51.242194303951116, -30.181884922059691 ], [ -51.241987085258778, -30.181930426309773 ], [ -51.241888652086281, -30.181690831643774 ], [ -51.241612081758596, -30.181750901789506 ], [ -51.241515026160094, -30.18169251325601 ], [ -51.241404983711035, -30.181973642915327 ], [ -51.241259801406251, -30.18190135426725 ], [ -51.241093434395218, -30.182044334229353 ], [ -51.241010711906654, -30.182028242565718 ], [ -51.241036687994615, -30.181903479272268 ], [ -51.240933370006637, -30.181960521493117 ], [ -51.240880929153278, -30.181881294681197 ], [ -51.240417239658314, -30.181965800225829 ], [ -51.239849480974193, -30.182313103113206 ], [ -51.239611144848624, -30.182678211770469 ], [ -51.239340482276042, -30.182648383529049 ], [ -51.239286907295046, -30.182786914692645 ], [ -51.239100195200592, -30.182765687432155 ], [ -51.23875919067855, -30.182986230978553 ], [ -51.238587500596104, -30.182992047836571 ], [ -51.238248026428053, -30.183158532196074 ], [ -51.237879882443202, -30.183195658618271 ], [ -51.237743606341702, -30.183328202279057 ], [ -51.237554283259982, -30.183301381979796 ], [ -51.237284881476455, -30.183407724548317 ], [ -51.237090249895758, -30.183332994025836 ], [ -51.236400817299952, -30.183412027922323 ], [ -51.236011419559638, -30.183205441163697 ], [ -51.2357039647611, -30.183123420687039 ], [ -51.235566982870289, -30.183178715922676 ], [ -51.23503432135972, -30.182917875522364 ], [ -51.234772374268758, -30.183015085012581 ], [ -51.234427207934438, -30.18292997175994 ], [ -51.234363261188136, -30.182990368138185 ], [ -51.234231500279179, -30.182882311999236 ], [ -51.234139326639287, -30.182910271314135 ], [ -51.234186911088578, -30.18295855657226 ], [ -51.234055286066884, -30.182907443543272 ], [ -51.234025601964774, -30.183005229194013 ], [ -51.233465522739131, -30.182744612628245 ], [ -51.233396006078266, -30.182821804277449 ], [ -51.23345573095407, -30.182909143416598 ], [ -51.233339358920567, -30.182850782305707 ], [ -51.23327009695381, -30.182948007634916 ], [ -51.232775418498242, -30.182713712536646 ], [ -51.23273313279536, -30.18275394527603 ], [ -51.231439653090639, -30.181312432415368 ], [ -51.231357845824228, -30.181108988081025 ], [ -51.231433130247098, -30.181054709067823 ], [ -51.23128945984805, -30.181092594367591 ], [ -51.231150561229143, -30.181038783187375 ], [ -51.231214706736331, -30.180884895935908 ], [ -51.231162929734559, -30.180686181337553 ], [ -51.230947404581734, -30.180689628915538 ], [ -51.230662829788002, -30.180525345555417 ], [ -51.23071028040097, -30.180294600329294 ], [ -51.230225089319433, -30.179977616106115 ], [ -51.230228892413898, -30.179736839861459 ], [ -51.230107536387507, -30.17963219002656 ], [ -51.230207695983005, -30.179555217835961 ], [ -51.230039821202901, -30.179591157870838 ], [ -51.229881375621098, -30.179393442495577 ], [ -51.229902412873805, -30.179238457776847 ], [ -51.229778192575189, -30.179241833586051 ], [ -51.229553547759018, -30.179029252953338 ], [ -51.229442824298403, -30.179029897694704 ], [ -51.229522252900644, -30.178881488958353 ], [ -51.229306504320235, -30.178607436557261 ], [ -51.229136600916931, -30.178574252862273 ], [ -51.229236008766144, -30.178352080873125 ], [ -51.228979197401443, -30.178241981702104 ], [ -51.229001489787215, -30.178134914114462 ], [ -51.228899953742442, -30.177975541036119 ], [ -51.228711752765086, -30.177979569598953 ], [ -51.228581401067032, -30.177800843736296 ], [ -51.228217266898703, -30.17781339052252 ], [ -51.227931868904804, -30.177691877224472 ], [ -51.227714177099891, -30.177382901608034 ], [ -51.227949096735806, -30.177234855247303 ], [ -51.227866917968278, -30.177090969737073 ], [ -51.227589180839942, -30.177138017054141 ], [ -51.227326272723822, -30.177039295863928 ], [ -51.22706927782373, -30.177118432698546 ], [ -51.227061892523288, -30.176932725015181 ], [ -51.226991516772145, -30.176998363735809 ], [ -51.226842248819793, -30.176902873688817 ], [ -51.226605909911726, -30.176930625884388 ], [ -51.226494878587978, -30.176614063272364 ], [ -51.226623050967966, -30.176485687477211 ], [ -51.226360682702051, -30.17627039251547 ], [ -51.226129824113094, -30.175732514118312 ], [ -51.225207912192467, -30.175148050242861 ], [ -51.225007427519159, -30.17485722540135 ], [ -51.224811354848967, -30.174732601295091 ], [ -51.224235403748409, -30.174602815535337 ], [ -51.223187391961723, -30.174626065697211 ], [ -51.222541477624681, -30.174030959304602 ], [ -51.222140745881674, -30.174018346317926 ], [ -51.221687582610357, -30.174165867272411 ], [ -51.221359468111935, -30.174109754592934 ], [ -51.220725078640477, -30.173515906079992 ], [ -51.22002357918393, -30.173360158088467 ], [ -51.219883881277461, -30.172997137403467 ], [ -51.219562925215257, -30.1728521283096 ], [ -51.219149464058638, -30.17279179222934 ], [ -51.21868615217209, -30.172889918414882 ], [ -51.217928067623482, -30.172872289400566 ], [ -51.217478153489161, -30.173070678449211 ], [ -51.217158360189153, -30.173413323781652 ], [ -51.215347348495499, -30.174367272674406 ], [ -51.214122863173849, -30.174920652759035 ], [ -51.213537233138673, -30.175089585803374 ], [ -51.209694252104519, -30.175683840700838 ], [ -51.208874849548081, -30.175867250224439 ], [ -51.207085982129669, -30.17606428627073 ], [ -51.20633480416118, -30.175911503257993 ], [ -51.205694322120543, -30.175437922396476 ], [ -51.205487359745689, -30.175230376462711 ], [ -51.204840916076712, -30.173999196082487 ], [ -51.204395990315007, -30.173356415285024 ], [ -51.202652120970271, -30.171593363024016 ], [ -51.201927577181756, -30.171287695934161 ], [ -51.200929931147179, -30.171292650031234 ], [ -51.193012913641489, -30.172439674920657 ], [ -51.192184867785258, -30.172418271745414 ], [ -51.191262575176196, -30.172254537324289 ], [ -51.190276569310434, -30.171938403276531 ], [ -51.184639429811135, -30.169818036754183 ], [ -51.184019564564387, -30.169527673181147 ], [ -51.183071564416736, -30.169365228670344 ] ] ] } },
{ "type": "Feature", "properties": { "bairro_oficial": "PRAIA DE BELAS" }, "geometry": { "type": "Polygon", "coordinates": [ [ [ -51.240985523850235, -30.03589131860145 ], [ -51.240759107568536, -30.036266653129449 ], [ -51.240307794441016, -30.036621329811219 ], [ -51.239877314214958, -30.036864312778793 ], [ -51.239377233417422, -30.037019327758909 ], [ -51.235354962851055, -30.03740174241441 ], [ -51.232619730423359, -30.037346839952651 ], [ -51.231111923306699, -30.037484598049865 ], [ -51.230450834886405, -30.037704064057269 ], [ -51.229301290872868, -30.038521943503653 ], [ -51.228857775539183, -30.038665117047614 ], [ -51.228376292334261, -30.038723180043213 ], [ -51.228565446164588, -30.04030259681085 ], [ -51.228246158364392, -30.040771199812873 ], [ -51.228043369154946, -30.041269422478656 ], [ -51.227363333910027, -30.046059542622078 ], [ -51.227533078603173, -30.047334137042899 ], [ -51.228910780700211, -30.054914344408271 ], [ -51.230012935902479, -30.058612338436145 ], [ -51.230009395295149, -30.058809650390373 ], [ -51.230755065044761, -30.060933550867052 ], [ -51.23104228638298, -30.061475918581372 ], [ -51.231708654988346, -30.063441877446202 ], [ -51.231975883311655, -30.063872971659993 ], [ -51.232445926162484, -30.064369974583542 ], [ -51.235175333977551, -30.066507090227095 ], [ -51.238902042876873, -30.070139921930213 ], [ -51.239071127790275, -30.070471201574183 ], [ -51.239721340465337, -30.07121943862764 ], [ -51.240523049673186, -30.073234990505313 ], [ -51.241394758104619, -30.074108472807975 ], [ -51.242305244241535, -30.073048671775574 ], [ -51.242215706933401, -30.072754490941076 ], [ -51.241916641675566, -30.072612905522345 ], [ -51.241824326737593, -30.072369234857035 ], [ -51.241491917390732, -30.071954810212361 ], [ -51.241414906875598, -30.071390019119001 ], [ -51.24132782628503, -30.071335491549139 ], [ -51.241235292648284, -30.070957806197043 ], [ -51.241139198462378, -30.070908347647205 ], [ -51.241084333473914, -30.070575264605079 ], [ -51.240861847443973, -30.070090336648196 ], [ -51.240863772018649, -30.06985677995473 ], [ -51.240984587123684, -30.069789235500743 ], [ -51.240795259905305, -30.069671542887871 ], [ -51.240883336829256, -30.069581046140691 ], [ -51.240783818373735, -30.06948827607771 ], [ -51.240876438199919, -30.069217643265457 ], [ -51.240652645836079, -30.068963111318979 ], [ -51.240533812407712, -30.068476548648402 ], [ -51.24061657757921, -30.068206926307937 ], [ -51.240546251243565, -30.068128542385622 ], [ -51.240571063623271, -30.06693392686228 ], [ -51.240671839711851, -30.066904232310034 ], [ -51.240511968309136, -30.066823033528735 ], [ -51.240510951195915, -30.066316581380079 ], [ -51.240147568553013, -30.065353070255362 ], [ -51.240114402919104, -30.06446439997611 ], [ -51.239876603486543, -30.063300855855804 ], [ -51.239175105819818, -30.062674661099848 ], [ -51.238074624084284, -30.061449328459894 ], [ -51.237256000107045, -30.060813859633559 ], [ -51.236917748090882, -30.060797143027624 ], [ -51.236843353256361, -30.06066254142722 ], [ -51.236587988884395, -30.060599558781043 ], [ -51.236509391079501, -30.060398905218516 ], [ -51.236007784057925, -30.060181503693489 ], [ -51.235756147642391, -30.059852020157027 ], [ -51.235631958095261, -30.059411125788248 ], [ -51.235560320529828, -30.059344472219937 ], [ -51.235087946543871, -30.059289907433268 ], [ -51.234783390169085, -30.059042007115501 ], [ -51.23463075247998, -30.058716539280361 ], [ -51.234640349116191, -30.058499279272624 ], [ -51.23442301385856, -30.058381116565901 ], [ -51.234445368668027, -30.057910895096317 ], [ -51.234287207968144, -30.057698787324391 ], [ -51.234408383161743, -30.056826981782482 ], [ -51.234212952437773, -30.056106521541889 ], [ -51.234249168294589, -30.055640702727519 ], [ -51.234182490586548, -30.05532038894993 ], [ -51.233951483184981, -30.055192227469973 ], [ -51.233860460696071, -30.054902078607316 ], [ -51.233792345633212, -30.053900734438837 ], [ -51.233654024652203, -30.053613862856967 ], [ -51.233723929153335, -30.053478263140907 ], [ -51.233735774351373, -30.053023843140082 ], [ -51.233665206451924, -30.05290323684579 ], [ -51.233759680029046, -30.052715409131871 ], [ -51.233703398724678, -30.052585145803612 ], [ -51.23376880010062, -30.052517158749147 ], [ -51.233687870974833, -30.05245034106769 ], [ -51.233776299925907, -30.052181844420854 ], [ -51.233740442087452, -30.052047721718374 ], [ -51.233941433754403, -30.051684608103873 ], [ -51.233699888995723, -30.051484325286101 ], [ -51.233878158685769, -30.050615739463026 ], [ -51.233729373462133, -30.050269834438041 ], [ -51.233788909388231, -30.050166958469759 ], [ -51.233744438563939, -30.049937511427654 ], [ -51.233608754013609, -30.049735473254977 ], [ -51.2337448644018, -30.049528905380026 ], [ -51.233669612533653, -30.04928613944524 ], [ -51.233775373162132, -30.049018109842514 ], [ -51.233698304248691, -30.048886801767651 ], [ -51.233782946440051, -30.048704885687876 ], [ -51.233679694021788, -30.048580475538422 ], [ -51.233728217734246, -30.048371085422794 ], [ -51.23412663742176, -30.047770807087065 ], [ -51.234091116841036, -30.047678192752826 ], [ -51.233900684515305, -30.047593009396746 ], [ -51.233308407413077, -30.047642211521062 ], [ -51.232859905036051, -30.047580133058862 ], [ -51.232814559160119, -30.047149782609971 ], [ -51.234553013988382, -30.046990258145918 ], [ -51.234743359340236, -30.047050246129427 ], [ -51.234924546042876, -30.04697407544408 ], [ -51.235119589054669, -30.046719394955616 ], [ -51.235017767731165, -30.046508354230689 ], [ -51.235167443544675, -30.046146273764677 ], [ -51.234996060759315, -30.045308483737202 ], [ -51.235209899102728, -30.045184592143805 ], [ -51.236138912216681, -30.046342688230052 ], [ -51.2374176372793, -30.04697778630279 ], [ -51.237822143367829, -30.047041440696983 ], [ -51.237832955710054, -30.046913184838168 ], [ -51.236878004873269, -30.046525684192599 ], [ -51.236832899290363, -30.04643138379425 ], [ -51.236620356140101, -30.046338766709887 ], [ -51.236608767071452, -30.04619887181391 ], [ -51.236423518443772, -30.046081187518411 ], [ -51.236385983486798, -30.045936504906287 ], [ -51.235866823922528, -30.045379573540053 ], [ -51.235786210446406, -30.045171842107017 ], [ -51.235656216061422, -30.045106655170002 ], [ -51.235278530996105, -30.04442521692809 ], [ -51.23542313561277, -30.044173658061656 ], [ -51.235716742487469, -30.043909388603886 ], [ -51.236301781740607, -30.04347623370532 ], [ -51.237123506336616, -30.043007819857753 ], [ -51.237411902380103, -30.042887957922193 ], [ -51.237701187122902, -30.042903506302618 ], [ -51.238286181590269, -30.042728504149455 ], [ -51.238934950489977, -30.042787801930494 ], [ -51.23912592776351, -30.042606755379136 ], [ -51.239700116655527, -30.042363990399252 ], [ -51.240099370762657, -30.042508672721585 ], [ -51.24066217733845, -30.042211058917609 ], [ -51.240675705697029, -30.042043968006642 ], [ -51.240749214377324, -30.04200187164701 ], [ -51.241098666710549, -30.042153154304817 ], [ -51.241215325619869, -30.042100158864734 ], [ -51.241210267243098, -30.0419847775824 ], [ -51.241347303615612, -30.041810903639384 ], [ -51.241557824810094, -30.04167873378821 ], [ -51.241513415680906, -30.041577516391126 ], [ -51.241597374677497, -30.041302347760276 ], [ -51.241514111333011, -30.041168813797562 ], [ -51.241678708759089, -30.040648171389449 ], [ -51.241851704424576, -30.039332427405281 ], [ -51.241904537434017, -30.037802448829794 ], [ -51.241850877592348, -30.037603615608038 ], [ -51.241995633475668, -30.036926386303158 ], [ -51.241924078854154, -30.036276007785027 ], [ -51.242089359778852, -30.035997183526149 ], [ -51.241984963380048, -30.035814642588061 ], [ -51.242136741988134, -30.035457632293816 ], [ -51.240973324601946, -30.03538208987402 ], [ -51.240985523850235, -30.03589131860145 ] ] ] } },
{ "type": "Feature", "properties": { "bairro_oficial": "RESTINGA" }, "geometry": { "type": "Polygon", "coordinates": [ [ [ -51.127855275759664, -30.137717479274343 ], [ -51.127332325289011, -30.138224855273045 ], [ -51.127099518803021, -30.139568881750574 ], [ -51.126903686067124, -30.139997935603667 ], [ -51.126235601288435, -30.141023718121172 ], [ -51.125981353939913, -30.1420169954554 ], [ -51.125941652482659, -30.142527256761376 ], [ -51.11404744088631, -30.161978767195968 ], [ -51.12250832126243, -30.16999706774023 ], [ -51.143073348688112, -30.168840513481882 ], [ -51.142830506844518, -30.169650853981569 ], [ -51.142501018675162, -30.171467585984008 ], [ -51.14178715631045, -30.172417948810111 ], [ -51.141135141435427, -30.174298950690488 ], [ -51.140382117407462, -30.175347651734555 ], [ -51.140353578032581, -30.175550626626713 ], [ -51.140456202601491, -30.17570915011898 ], [ -51.140652413014763, -30.175771339427328 ], [ -51.145136562733924, -30.175978461040781 ], [ -51.145336250829644, -30.176094568474209 ], [ -51.145908346384331, -30.17557074387144 ], [ -51.149495825867866, -30.171678644260115 ], [ -51.153964147018954, -30.167905086903446 ], [ -51.155203173090229, -30.165907553208225 ], [ -51.155493669166013, -30.164082870977097 ], [ -51.155631622897801, -30.163704480442597 ], [ -51.15589621462756, -30.1633401687766 ], [ -51.15632213670672, -30.162965364521718 ], [ -51.157071887052922, -30.16251877288893 ], [ -51.159121218810078, -30.161642185133253 ], [ -51.159499999114708, -30.161357223485954 ], [ -51.159783155095425, -30.161002981032663 ], [ -51.160452857231085, -30.159496369989675 ], [ -51.161431398318292, -30.158165455626396 ], [ -51.161127394627023, -30.157335585284066 ], [ -51.161032105801162, -30.156795727219013 ], [ -51.161047598979856, -30.15336191590179 ], [ -51.161458612929316, -30.150693960939858 ], [ -51.161314179978064, -30.148208908997983 ], [ -51.161445917118975, -30.147175995133395 ], [ -51.16207483360607, -30.145945322396216 ], [ -51.162638356611673, -30.144295198474417 ], [ -51.162900256645074, -30.143932832652119 ], [ -51.164319696169983, -30.142592175641827 ], [ -51.166596752239542, -30.141291347824868 ], [ -51.167110406037246, -30.139813925844493 ], [ -51.167353826536463, -30.139344481828143 ], [ -51.167891382372694, -30.138712350520837 ], [ -51.168775585545824, -30.138034937347282 ], [ -51.169722467742282, -30.137518053183424 ], [ -51.17050159372284, -30.137281939919045 ], [ -51.171317479356986, -30.137210878855495 ], [ -51.172151493094105, -30.13734978683198 ], [ -51.172429405799882, -30.137325231861606 ], [ -51.174022349031212, -30.13643431066011 ], [ -51.174756610763794, -30.135740848941463 ], [ -51.175329266949014, -30.135018421063084 ], [ -51.175709646107578, -30.133669549510621 ], [ -51.176084776207659, -30.131096263743462 ], [ -51.175974454782931, -30.1298747969864 ], [ -51.176283597783872, -30.128598886841516 ], [ -51.176268349330556, -30.128153382937786 ], [ -51.175889405934875, -30.127302891171997 ], [ -51.175669993179554, -30.12704560260903 ], [ -51.174145445970098, -30.126347431999498 ], [ -51.173452814605987, -30.125735775058754 ], [ -51.173297176428946, -30.125210219048466 ], [ -51.173580933516568, -30.124560316647678 ], [ -51.173499656221864, -30.124528201558938 ], [ -51.173185704990985, -30.124511475429323 ], [ -51.17237573783266, -30.124666441360208 ], [ -51.170982007868211, -30.125147378971239 ], [ -51.170299810643066, -30.125167072082409 ], [ -51.168098910861083, -30.124846438811776 ], [ -51.1655484015659, -30.125296000903578 ], [ -51.164683760235981, -30.125337387799085 ], [ -51.164266210852979, -30.125280681542293 ], [ -51.162384721690529, -30.12460656733019 ], [ -51.161954756683862, -30.124335214151607 ], [ -51.159822131843534, -30.122507586523923 ], [ -51.157587042971578, -30.119959491517545 ], [ -51.156151031283351, -30.120727606662143 ], [ -51.155840175486027, -30.120712045939857 ], [ -51.154867109453356, -30.120305100268926 ], [ -51.154480916594736, -30.120241980538676 ], [ -51.154067760871271, -30.120308921655607 ], [ -51.153148156239304, -30.120654437259248 ], [ -51.152431948111897, -30.120743029035729 ], [ -51.152156918393942, -30.120606121660011 ], [ -51.151446286780725, -30.119989845479431 ], [ -51.150730311629296, -30.11950470694304 ], [ -51.150102865642886, -30.118839344549524 ], [ -51.149828703880551, -30.118651070034613 ], [ -51.149057892002325, -30.118313207164213 ], [ -51.148381086179661, -30.118199648435553 ], [ -51.14735753965423, -30.11771158098853 ], [ -51.146964191458331, -30.117672987498739 ], [ -51.143848232168033, -30.118950644791216 ], [ -51.142720760472976, -30.1196549784068 ], [ -51.142311171383859, -30.120034985781476 ], [ -51.142275520584342, -30.120336473823478 ], [ -51.142671263239826, -30.121117236220279 ], [ -51.142642371880257, -30.121522887214656 ], [ -51.140852651019983, -30.124647746161347 ], [ -51.140058218847642, -30.125450944569756 ], [ -51.139663888132439, -30.126442483694671 ], [ -51.139532781157349, -30.126999590730808 ], [ -51.139815921863459, -30.127972841283729 ], [ -51.140033704683255, -30.128439541394417 ], [ -51.140745992736385, -30.129433870458232 ], [ -51.142096860578377, -30.131732955027147 ], [ -51.142111435515801, -30.132038085782085 ], [ -51.141951719932102, -30.132254463078823 ], [ -51.140929539451356, -30.132906784757097 ], [ -51.140244947466883, -30.133740686116965 ], [ -51.139972914319657, -30.133918623972832 ], [ -51.137634903371413, -30.134498482210436 ], [ -51.136434125606677, -30.135041676418805 ], [ -51.134974947312692, -30.135578880386731 ], [ -51.133349729837917, -30.13641245621783 ], [ -51.131171792346329, -30.137135127133746 ], [ -51.130684140192798, -30.137179698302109 ], [ -51.129225997878294, -30.136849078805849 ], [ -51.128959640535093, -30.136858667350186 ], [ -51.127855275759664, -30.137717479274343 ] ] ] } },
{ "type": "Feature", "properties": { "bairro_oficial": "RIO BRANCO" }, "geometry": { "type": "Polygon", "coordinates": [ [ [ -51.195873929887952, -30.029283772742538 ], [ -51.195957689541764, -30.034010966116554 ], [ -51.195736610198928, -30.03459972694812 ], [ -51.195706607617083, -30.035029616384431 ], [ -51.195907622237549, -30.040288592055624 ], [ -51.197499434046144, -30.040049738953545 ], [ -51.199808975314617, -30.039342702637253 ], [ -51.201505499777582, -30.03898256442864 ], [ -51.204793965634288, -30.037495594214604 ], [ -51.208322849956062, -30.036947196047009 ], [ -51.208514926654971, -30.028995611352663 ], [ -51.205871265046362, -30.028789658620063 ], [ -51.196010236585153, -30.028287022081766 ], [ -51.195873929887952, -30.029283772742538 ] ] ] } },
{ "type": "Feature", "properties": { "bairro_oficial": "RUBEM BERTA" }, "geometry": { "type": "Polygon", "coordinates": [ [ [ -51.094444554913991, -30.020149904449863 ], [ -51.097669674676517, -30.020244986332074 ], [ -51.100262233147063, -30.02041058211227 ], [ -51.100367850601195, -30.020587685987422 ], [ -51.100470346042698, -30.021127720937638 ], [ -51.100577498904592, -30.022374096301363 ], [ -51.101002296142838, -30.024995735536013 ], [ -51.101001589910041, -30.025668419743212 ], [ -51.103409184562246, -30.025811968288821 ], [ -51.104463573791975, -30.025808331721681 ], [ -51.104551016977915, -30.027193905357386 ], [ -51.107849234667839, -30.027198118255882 ], [ -51.107977489764565, -30.026800474693989 ], [ -51.107974806308199, -30.026028044590731 ], [ -51.106930866001555, -30.016311813268345 ], [ -51.10478604829153, -30.016188823767422 ], [ -51.103869774108539, -30.016004136634177 ], [ -51.100257947009219, -30.014744069929471 ], [ -51.09935437117224, -30.014080431915158 ], [ -51.098713879561735, -30.004897392607127 ], [ -51.098552799157503, -30.004952769830233 ], [ -51.098302841751618, -30.004878539518877 ], [ -51.098322839786817, -30.004154598391228 ], [ -51.098088734009934, -30.002935832793472 ], [ -51.097815749622775, -30.002182798346624 ], [ -51.097605980872025, -30.001866392327937 ], [ -51.097684665800543, -29.999368384894911 ], [ -51.087767908535831, -30.000477555661359 ], [ -51.087471001251068, -30.002976747815193 ], [ -51.087545424046851, -30.004070435814263 ], [ -51.087947232397887, -30.004679683226477 ], [ -51.089059636820444, -30.005917469106496 ], [ -51.089778984112456, -30.006869760195062 ], [ -51.091541394203496, -30.008789457366817 ], [ -51.091743637389193, -30.009097970135766 ], [ -51.092091729936008, -30.009350966250206 ], [ -51.092356546338223, -30.009807979895282 ], [ -51.092921864159756, -30.010428689609594 ], [ -51.093145709405412, -30.011347778374876 ], [ -51.093119029386223, -30.011625747643986 ], [ -51.092694844829488, -30.01258289530481 ], [ -51.092716500971562, -30.012735002461802 ], [ -51.092933133996986, -30.013021371790135 ], [ -51.093688994813469, -30.01450323237356 ], [ -51.093861273626644, -30.014682147104246 ], [ -51.094044400453079, -30.015146330061498 ], [ -51.094318895782919, -30.01535004835835 ], [ -51.09438565009004, -30.015555366701896 ], [ -51.094032062574279, -30.016224819683458 ], [ -51.093470835394157, -30.016353289955113 ], [ -51.093322680459472, -30.016451689905093 ], [ -51.093068247076118, -30.016933789054313 ], [ -51.0930387940043, -30.017191176780962 ], [ -51.092516998456638, -30.017650016129004 ], [ -51.092230219734326, -30.017706092687479 ], [ -51.091345108417393, -30.017353623811076 ], [ -51.090550736136066, -30.01743060693682 ], [ -51.090479567487108, -30.017538312695248 ], [ -51.090561664433629, -30.017838371004181 ], [ -51.090341791242153, -30.018061853606998 ], [ -51.08995586907627, -30.01805626692963 ], [ -51.089473082419033, -30.017836298319796 ], [ -51.089303362418207, -30.017842655236269 ], [ -51.088507438824323, -30.018455173217035 ], [ -51.088396838542288, -30.018777894986339 ], [ -51.088547290624028, -30.019498533207866 ], [ -51.088303427349558, -30.019997456279899 ], [ -51.08825645808809, -30.020882860494652 ], [ -51.088127407774827, -30.021278822357473 ], [ -51.087995956768232, -30.021439000799802 ], [ -51.08757776324682, -30.021449811803112 ], [ -51.087311642894313, -30.021599770803569 ], [ -51.087137994344403, -30.022006419566136 ], [ -51.086899801216916, -30.022319127123772 ], [ -51.094444554913991, -30.020149904449863 ] ] ] } },
{ "type": "Feature", "properties": { "bairro_oficial": "SANTA CECÍLIA" }, "geometry": { "type": "Polygon", "coordinates": [ [ [ -51.195907622237549, -30.040288592055624 ], [ -51.197352229637929, -30.046306320406103 ], [ -51.197825854119948, -30.046579442723846 ], [ -51.199315005828439, -30.044412840716856 ], [ -51.199788913780232, -30.043876754959495 ], [ -51.200190235568328, -30.043601511631689 ], [ -51.20082182772542, -30.043382020671103 ], [ -51.205332533694204, -30.043295618223055 ], [ -51.205912282413308, -30.043468594517513 ], [ -51.207009283182515, -30.044072421526689 ], [ -51.207777965061517, -30.043140487695524 ], [ -51.20803825652505, -30.042560090963121 ], [ -51.208322849956062, -30.036947196047009 ], [ -51.204793965634288, -30.037495594214604 ], [ -51.201505499777582, -30.03898256442864 ], [ -51.199808975314617, -30.039342702637253 ], [ -51.197499434046144, -30.040049738953545 ], [ -51.195907622237549, -30.040288592055624 ] ] ] } },
{ "type": "Feature", "properties": { "bairro_oficial": "SANTA MARIA GORETTI" }, "geometry": { "type": "Polygon", "coordinates": [ [ [ -51.167759780965319, -30.007694536859585 ], [ -51.16938643346333, -30.007935520471488 ], [ -51.169742512721804, -30.00783708904337 ], [ -51.172603708783889, -30.007987442800687 ], [ -51.17278220424501, -30.008070805464946 ], [ -51.173956106604415, -30.007982881330133 ], [ -51.175823423682061, -30.00835717923238 ], [ -51.178908901821906, -30.008665588957932 ], [ -51.180571273043533, -30.008680891932421 ], [ -51.182484694637886, -30.008516121247915 ], [ -51.182697120786166, -30.003232956916857 ], [ -51.171438520726191, -30.003190690464336 ], [ -51.16869426863574, -30.002818953906321 ], [ -51.167759780965319, -30.007694536859585 ] ] ] } },
{ "type": "Feature", "properties": { "bairro_oficial": "SANTA ROSA DE LIMA" }, "geometry": { "type": "Polygon", "coordinates": [ [ [ -51.08845332404556, -29.979891995765438 ], [ -51.089043497648944, -29.986810955854686 ], [ -51.088570253264351, -29.993594887609021 ], [ -51.087767908535831, -30.000477555661359 ], [ -51.097684665800543, -29.999368384894911 ], [ -51.097605980872025, -30.001866392327937 ], [ -51.097815749622775, -30.002182798346624 ], [ -51.098088734009934, -30.002935832793472 ], [ -51.098322839786817, -30.004154598391228 ], [ -51.098302841751618, -30.004878539518877 ], [ -51.098552799157503, -30.004952769830233 ], [ -51.098713879561735, -30.004897392607127 ], [ -51.101150025059923, -30.002656239387271 ], [ -51.101643485596021, -30.002319662457108 ], [ -51.102487036242508, -30.002199936197812 ], [ -51.104442854630797, -30.00215728209503 ], [ -51.104908830430183, -30.002001723612949 ], [ -51.105133241995055, -30.00170000383406 ], [ -51.106478781046832, -30.00174764594319 ], [ -51.108123879294801, -30.00207341415264 ], [ -51.10982483461332, -30.00214841521781 ], [ -51.115274523993961, -30.000606167589687 ], [ -51.113370025279828, -29.995536635698805 ], [ -51.112666615087221, -29.994418958368904 ], [ -51.112608967515975, -29.992927969500922 ], [ -51.112959146757582, -29.992212644188374 ], [ -51.112218312757051, -29.991981286051978 ], [ -51.112383644060351, -29.990656576256736 ], [ -51.112327133533121, -29.98891688223253 ], [ -51.112383406741642, -29.986169917714719 ], [ -51.111065379322966, -29.98594943546227 ], [ -51.110932637247807, -29.986028294859185 ], [ -51.111075803496703, -29.985769065069306 ], [ -51.1092626081209, -29.98523597240813 ], [ -51.109186392933204, -29.983888306536247 ], [ -51.10719705020464, -29.983999345546863 ], [ -51.107224809206521, -29.983191827960717 ], [ -51.107611283310241, -29.982878289757711 ], [ -51.10759278332042, -29.979992445882374 ], [ -51.10767560040253, -29.979821278355548 ], [ -51.107709442483007, -29.978652951294865 ], [ -51.107886877272705, -29.978363544639624 ], [ -51.107637129793609, -29.978213319060771 ], [ -51.107024864321346, -29.978244494136863 ], [ -51.099126030532553, -29.979110800286541 ], [ -51.089216721475793, -29.979982424052 ], [ -51.08845332404556, -29.979891995765438 ] ] ] } },
{ "type": "Feature", "properties": { "bairro_oficial": "SANTA TEREZA" }, "geometry": { "type": "Polygon", "coordinates": [ [ [ -51.213192852973272, -30.074134636312383 ], [ -51.214827122693002, -30.074659079393719 ], [ -51.21474659900025, -30.075802620466973 ], [ -51.214559239175514, -30.076737677589222 ], [ -51.218426998372784, -30.079592774154531 ], [ -51.219426497039649, -30.080642333303153 ], [ -51.220839938637511, -30.081401792056621 ], [ -51.227959280009301, -30.086688740382051 ], [ -51.229547365585212, -30.085081030537481 ], [ -51.232182075179701, -30.084605699522534 ], [ -51.232147062234461, -30.084280596963538 ], [ -51.232348920192578, -30.083819199534201 ], [ -51.231073324269886, -30.082836457745938 ], [ -51.234125046848327, -30.081150275707902 ], [ -51.233831927386049, -30.080560906575574 ], [ -51.2341716081539, -30.080371120989479 ], [ -51.234702318590728, -30.07838213781897 ], [ -51.2350501529829, -30.077662213097383 ], [ -51.237849573174238, -30.077145286470461 ], [ -51.23830149452543, -30.07681254751499 ], [ -51.238682599135551, -30.076676399118117 ], [ -51.239144999053515, -30.076388670572467 ], [ -51.239656138660038, -30.076262209323719 ], [ -51.240336633673415, -30.075756409829875 ], [ -51.240379527179584, -30.075515648308645 ], [ -51.240791318889528, -30.075157616385312 ], [ -51.240971261265109, -30.074738009503925 ], [ -51.24089728666781, -30.074526612109594 ], [ -51.240964899577115, -30.074253678010034 ], [ -51.241236826186608, -30.074081024343283 ], [ -51.241394758104619, -30.074108472807975 ], [ -51.240523049673186, -30.073234990505313 ], [ -51.239721340465337, -30.07121943862764 ], [ -51.239071127790275, -30.070471201574183 ], [ -51.238902042876873, -30.070139921930213 ], [ -51.235175333977551, -30.066507090227095 ], [ -51.232281607901037, -30.064214952684804 ], [ -51.231812833416477, -30.063637176293732 ], [ -51.231609474223831, -30.063201407359827 ], [ -51.229055942045825, -30.064038221223907 ], [ -51.224114985727105, -30.067095281481738 ], [ -51.223081612859069, -30.063473481487225 ], [ -51.222957858215565, -30.063241158109868 ], [ -51.22142174886735, -30.062101719034658 ], [ -51.219667247508546, -30.061186298850288 ], [ -51.219116908987218, -30.060676589175952 ], [ -51.217129170216332, -30.063506940797506 ], [ -51.216043305117523, -30.065267362514305 ], [ -51.213437692584868, -30.068407560676611 ], [ -51.213022185359883, -30.068501698526472 ], [ -51.213225886706084, -30.069729275192472 ], [ -51.213192852973272, -30.074134636312383 ] ] ] } },
{ "type": "Feature", "properties": { "bairro_oficial": "SANTANA" }, "geometry": { "type": "Polygon", "coordinates": [ [ [ -51.207777965061517, -30.043140487695524 ], [ -51.207009283182515, -30.044072421526689 ], [ -51.205912282413308, -30.043468594517513 ], [ -51.205332533694204, -30.043295618223055 ], [ -51.201171336489359, -30.043346400490243 ], [ -51.20082182772542, -30.043382020671103 ], [ -51.200190235568328, -30.043601511631689 ], [ -51.199788913780232, -30.043876754959495 ], [ -51.199315005828439, -30.044412840716856 ], [ -51.196524264852641, -30.04844164459606 ], [ -51.204702488080763, -30.052795552789199 ], [ -51.208477406991022, -30.051424732341967 ], [ -51.216380601802648, -30.041185612938921 ], [ -51.208968381600158, -30.036793809037324 ], [ -51.208322849956062, -30.036947196047009 ], [ -51.20803825652505, -30.042560090963121 ], [ -51.207777965061517, -30.043140487695524 ] ] ] } },
{ "type": "Feature", "properties": { "bairro_oficial": "SANTO ANTÔNIO" }, "geometry": { "type": "Polygon", "coordinates": [ [ [ -51.208652932120188, -30.051380212564496 ], [ -51.203358418415661, -30.053302827124412 ], [ -51.200603248988457, -30.05407417988572 ], [ -51.197958601743281, -30.056233385484731 ], [ -51.19514553295997, -30.058098842958501 ], [ -51.199188114765221, -30.065211951351195 ], [ -51.200565602531611, -30.064892661591028 ], [ -51.202143697841151, -30.064672658248355 ], [ -51.206149652775785, -30.063523683368928 ], [ -51.206264730982397, -30.062456589339547 ], [ -51.206487295757796, -30.061786265356638 ], [ -51.208033646645646, -30.059286350093242 ], [ -51.210005943286099, -30.057028184033705 ], [ -51.211796976670932, -30.053535435832714 ], [ -51.21086167316426, -30.05362140187145 ], [ -51.210789327321692, -30.052692527652976 ], [ -51.209036486684035, -30.052807180594712 ], [ -51.208652932120188, -30.051380212564496 ] ] ] } },
{ "type": "Feature", "properties": { "bairro_oficial": "SARANDI" }, "geometry": { "type": "Polygon", "coordinates": [ [ [ -51.089040776683568, -29.979980216584529 ], [ -51.099126030532553, -29.979110800286541 ], [ -51.107024864321346, -29.978244494136863 ], [ -51.107637129793609, -29.978213319060771 ], [ -51.107886877272705, -29.978363544639624 ], [ -51.107709442483007, -29.978652951294865 ], [ -51.10767560040253, -29.979821278355548 ], [ -51.10759278332042, -29.979992445882374 ], [ -51.107611283310241, -29.982878289757711 ], [ -51.107224809206521, -29.983191827960717 ], [ -51.10719705020464, -29.983999345546863 ], [ -51.109186392933204, -29.983888306536247 ], [ -51.1092626081209, -29.98523597240813 ], [ -51.111075803496703, -29.985769065069306 ], [ -51.110932637247807, -29.986028294859185 ], [ -51.111065379322966, -29.98594943546227 ], [ -51.112383406741642, -29.986169917714719 ], [ -51.112327133533121, -29.98891688223253 ], [ -51.112383644060351, -29.990656576256736 ], [ -51.112218312757051, -29.991981286051978 ], [ -51.112959146757582, -29.992212644188374 ], [ -51.112608967515975, -29.992927969500922 ], [ -51.112666615087221, -29.994418958368904 ], [ -51.113480575407088, -29.995808175800668 ], [ -51.116523233785713, -30.003929659286531 ], [ -51.116879068750528, -30.004935171613987 ], [ -51.116901245560221, -30.006119407365617 ], [ -51.11749411700405, -30.007746942174897 ], [ -51.119948475392356, -30.007455610997237 ], [ -51.119790059306588, -30.005448975393808 ], [ -51.127658555919858, -30.004719374526388 ], [ -51.127730187868018, -30.006126914587885 ], [ -51.128580855720209, -30.011611044942185 ], [ -51.129530416409118, -30.011610009256575 ], [ -51.130056905447731, -30.011527109239513 ], [ -51.133790389079607, -30.010075685828095 ], [ -51.134284173557134, -30.009951332515435 ], [ -51.135031299071443, -30.009947568697953 ], [ -51.13789590837554, -30.010405751518103 ], [ -51.138450685255158, -30.010340686001115 ], [ -51.140491852727699, -30.009781243428385 ], [ -51.141171958977743, -30.009662344924504 ], [ -51.143017000207358, -30.009928998200241 ], [ -51.142968540714882, -30.008706708150694 ], [ -51.137925021037837, -30.005067420965091 ], [ -51.137935998565126, -30.004928222246576 ], [ -51.139624540398621, -30.001818236084176 ], [ -51.139820853176367, -29.997833084794127 ], [ -51.155240899762696, -29.998152778346313 ], [ -51.155293754276627, -29.996817450688017 ], [ -51.154633068171279, -29.996794201682437 ], [ -51.154543689090758, -29.996671749562488 ], [ -51.155686708094628, -29.972078701851579 ], [ -51.15518740037168, -29.967105704780064 ], [ -51.154942468672218, -29.967097930040833 ], [ -51.154423656445637, -29.967262713742468 ], [ -51.154026179409847, -29.967250349288193 ], [ -51.153975488078849, -29.967170998731259 ], [ -51.153167911821306, -29.96693579816241 ], [ -51.15252274902209, -29.966458279918985 ], [ -51.152351135771831, -29.966468220350656 ], [ -51.152316372186661, -29.966362067146342 ], [ -51.152122589167782, -29.966356319097621 ], [ -51.15099935177885, -29.965989787733211 ], [ -51.150343642090384, -29.965486335200637 ], [ -51.149969400879208, -29.964905245898976 ], [ -51.149838643435402, -29.964355532845552 ], [ -51.149938324145289, -29.964055471247772 ], [ -51.149891483347041, -29.963912505248054 ], [ -51.149987287987926, -29.963387750928881 ], [ -51.150073586755582, -29.963237936092337 ], [ -51.150036389490943, -29.962432040449929 ], [ -51.149623612182388, -29.961806001994741 ], [ -51.149250007016548, -29.961435364227423 ], [ -51.148244497675314, -29.960788007949859 ], [ -51.147629374694745, -29.959949880205627 ], [ -51.147077215572295, -29.959774784998359 ], [ -51.146249470041866, -29.959799483250382 ], [ -51.14527105037169, -29.960071762949745 ], [ -51.145115445781457, -29.960218942040548 ], [ -51.144005690534712, -29.960651076153813 ], [ -51.143384407931777, -29.960768170838911 ], [ -51.142925854174329, -29.960729883805417 ], [ -51.142821977220947, -29.960542123310518 ], [ -51.142699780948455, -29.960521925791905 ], [ -51.142379173224732, -29.960177534523027 ], [ -51.141756840820065, -29.959183899483079 ], [ -51.141204580175568, -29.958553646846642 ], [ -51.140820913477874, -29.95766562804571 ], [ -51.140546174607394, -29.957538341508616 ], [ -51.139547410180342, -29.957700581969863 ], [ -51.139456024883785, -29.957786430501656 ], [ -51.138248353277454, -29.958051347209345 ], [ -51.137676492724268, -29.958326552470272 ], [ -51.13619389058919, -29.959982598926818 ], [ -51.135628622373524, -29.960496918530669 ], [ -51.134956015124338, -29.960949185870732 ], [ -51.134156212608396, -29.961075033130836 ], [ -51.133819616693295, -29.960964923041015 ], [ -51.133414755858951, -29.960692997812917 ], [ -51.132837037617556, -29.959988382313046 ], [ -51.132613454145087, -29.9595208252742 ], [ -51.131846555073437, -29.95888511821537 ], [ -51.131400153148512, -29.958755566623172 ], [ -51.131189253146431, -29.958606521924331 ], [ -51.130742644750278, -29.958521842816392 ], [ -51.130655217580021, -29.958615343838083 ], [ -51.130490981565465, -29.958389804301426 ], [ -51.130372354526138, -29.958407972933433 ], [ -51.129673151585457, -29.958145719728311 ], [ -51.128930363287161, -29.957640202976339 ], [ -51.128542429374519, -29.957240426152207 ], [ -51.128309756758235, -29.956834252658709 ], [ -51.1282887793543, -29.956572838168892 ], [ -51.12816618460603, -29.9564257386217 ], [ -51.128291066151434, -29.95600110692849 ], [ -51.128235489319195, -29.95558664169544 ], [ -51.128095506850983, -29.955216958923486 ], [ -51.127818968777802, -29.954910816895502 ], [ -51.12749695125941, -29.95465675377309 ], [ -51.126986520854231, -29.954433232056669 ], [ -51.12640083706043, -29.95434202624169 ], [ -51.125818552059414, -29.954351881542316 ], [ -51.124750965478775, -29.95465493824253 ], [ -51.123732569245391, -29.955561549822008 ], [ -51.121717224955162, -29.956690873471683 ], [ -51.121376700648554, -29.957001682850038 ], [ -51.121049723859343, -29.95767511335016 ], [ -51.120791643945026, -29.957906181037977 ], [ -51.120403117799725, -29.958093519550808 ], [ -51.119859753296623, -29.958171850744368 ], [ -51.119794858617873, -29.958242303156887 ], [ -51.119638892567849, -29.958177230476196 ], [ -51.117638180740059, -29.958432571534221 ], [ -51.116920527037337, -29.958649434184672 ], [ -51.116842706900158, -29.958586036215337 ], [ -51.116516677057817, -29.958707417767258 ], [ -51.116063235431753, -29.958722364475388 ], [ -51.115391413881724, -29.958663034630401 ], [ -51.115070059569703, -29.958398576331327 ], [ -51.115131523605996, -29.958570148048697 ], [ -51.11503956928177, -29.958561345293234 ], [ -51.114965568309316, -29.958349641505283 ], [ -51.114848587067051, -29.958419483795105 ], [ -51.114859293767239, -29.958211103425608 ], [ -51.114409218129069, -29.957893250620142 ], [ -51.113719954417121, -29.957930720117442 ], [ -51.112956752754485, -29.958186065552347 ], [ -51.112425663232798, -29.958640727359324 ], [ -51.111937142106072, -29.958864220502132 ], [ -51.111497842475515, -29.959183678979688 ], [ -51.110833701726868, -29.959736345549238 ], [ -51.110512051992586, -29.959826432428322 ], [ -51.109502041370661, -29.960373699506395 ], [ -51.109204199545935, -29.960577058393323 ], [ -51.109176040099079, -29.960692120497121 ], [ -51.109051993262945, -29.960670453527033 ], [ -51.109007251690592, -29.960874286033157 ], [ -51.108654857713788, -29.961004069466419 ], [ -51.108559474167969, -29.961202730276266 ], [ -51.108584194336295, -29.961441723711935 ], [ -51.10841715864396, -29.961554237896056 ], [ -51.108253300675756, -29.96185757238247 ], [ -51.108203030484859, -29.962361461398078 ], [ -51.10793605412217, -29.962846952744908 ], [ -51.107834947408463, -29.963277835824677 ], [ -51.10764812881758, -29.963388491519346 ], [ -51.107634223395991, -29.963507050804857 ], [ -51.107493666145842, -29.963598032273573 ], [ -51.107354524701165, -29.963845945988147 ], [ -51.106665430079801, -29.9645009215287 ], [ -51.105792020931617, -29.965096353531838 ], [ -51.104810298083294, -29.965149443360403 ], [ -51.104255657181895, -29.964985629299292 ], [ -51.103704170070706, -29.964692373150935 ], [ -51.103219875112252, -29.964572503281698 ], [ -51.103091364097502, -29.964476138709486 ], [ -51.102069550035466, -29.964262008697546 ], [ -51.101693511821779, -29.964230775298507 ], [ -51.100001607085574, -29.964349602530529 ], [ -51.099709766033158, -29.964440959268327 ], [ -51.099402450610235, -29.964427822241511 ], [ -51.098531826727417, -29.96475396882531 ], [ -51.097224554585182, -29.96558271771589 ], [ -51.097061123145536, -29.965574585733258 ], [ -51.096811518093908, -29.965736331641249 ], [ -51.096510648123129, -29.96583425436711 ], [ -51.096420382567246, -29.965801711939832 ], [ -51.096157983445799, -29.965952557671823 ], [ -51.095664321307609, -29.965993987365543 ], [ -51.094922771426731, -29.965746920178244 ], [ -51.094619217792108, -29.965540349967675 ], [ -51.093937852628329, -29.96463804226951 ], [ -51.093892357675692, -29.964420086407419 ], [ -51.093295556507393, -29.963926416299085 ], [ -51.092826116295946, -29.963736710513672 ], [ -51.092042139851316, -29.963204562452695 ], [ -51.091494296546983, -29.963084417757017 ], [ -51.091036678200027, -29.963094280873197 ], [ -51.090210201075259, -29.963261256911252 ], [ -51.089194052868947, -29.9636078895427 ], [ -51.088726557432835, -29.963841787398412 ], [ -51.088445194290124, -29.964074632301333 ], [ -51.088436594697214, -29.964625338608041 ], [ -51.088640267136697, -29.96502899559675 ], [ -51.089030995923935, -29.965358083045615 ], [ -51.089760895197649, -29.965757019886905 ], [ -51.089987929585639, -29.966009137006651 ], [ -51.090192603566656, -29.966340382160261 ], [ -51.090259602803144, -29.966766396770772 ], [ -51.090171939432764, -29.966966159288045 ], [ -51.090012188620548, -29.967084606235741 ], [ -51.089994008009086, -29.967245000026008 ], [ -51.089727614148757, -29.967427476219608 ], [ -51.089399515223406, -29.967600639795929 ], [ -51.088593597340733, -29.967776724626379 ], [ -51.087949050110581, -29.968287655172759 ], [ -51.087670042621404, -29.968715716572635 ], [ -51.087370770936239, -29.969451895061422 ], [ -51.087428187020777, -29.969679547288646 ], [ -51.087370616143929, -29.970273289053615 ], [ -51.087118447776888, -29.970648247713473 ], [ -51.086539651594109, -29.971010858097024 ], [ -51.086843864161871, -29.972747097518283 ], [ -51.088119635044997, -29.976732417197724 ], [ -51.088415944119745, -29.9798760734197 ], [ -51.089040776683568, -29.979980216584529 ] ] ] } },
{ "type": "Feature", "properties": { "bairro_oficial": "SERRARIA" }, "geometry": { "type": "Polygon", "coordinates": [ [ [ -51.227320532086665, -30.15887754119748 ], [ -51.227234619052894, -30.1589545778053 ], [ -51.225847445354873, -30.159192966209567 ], [ -51.222591726463016, -30.159566177424107 ], [ -51.222487482164077, -30.16036145586477 ], [ -51.222185704735665, -30.160672974273368 ], [ -51.221464285415323, -30.161043761104231 ], [ -51.220563968472376, -30.161110834179777 ], [ -51.220327037527191, -30.161652713292924 ], [ -51.219871043572837, -30.162193923575519 ], [ -51.218370197388737, -30.163094089360204 ], [ -51.206507467834022, -30.163928868034557 ], [ -51.208130959145208, -30.16828591565972 ], [ -51.201384773933547, -30.167409093493923 ], [ -51.202234137482947, -30.171417255647992 ], [ -51.202708492612366, -30.171641040984468 ], [ -51.204395990315007, -30.173356415285024 ], [ -51.204840916076712, -30.173999196082487 ], [ -51.205487359745689, -30.175230376462711 ], [ -51.206166709025375, -30.175816920384946 ], [ -51.206722778096236, -30.176017436868619 ], [ -51.207233161155003, -30.176061793260956 ], [ -51.208874849548081, -30.175867250224439 ], [ -51.209694252104519, -30.175683840700838 ], [ -51.213537233138673, -30.175089585803374 ], [ -51.214122863173849, -30.174920652759035 ], [ -51.215347348495499, -30.174367272674406 ], [ -51.217158360189153, -30.173413323781652 ], [ -51.217478153489161, -30.173070678449211 ], [ -51.217928067623482, -30.172872289400566 ], [ -51.21868615217209, -30.172889918414882 ], [ -51.219149464058638, -30.17279179222934 ], [ -51.219808471745694, -30.172949313832131 ], [ -51.22002357918393, -30.173360158088467 ], [ -51.220725078640477, -30.173515906079992 ], [ -51.221359468111935, -30.174109754592934 ], [ -51.221687582610357, -30.174165867272411 ], [ -51.222140745881674, -30.174018346317926 ], [ -51.222419262920276, -30.174006464969175 ], [ -51.222662079787483, -30.174083063436473 ], [ -51.222981277979279, -30.174500003579475 ], [ -51.223187391961723, -30.174626065697211 ], [ -51.224235403748409, -30.174602815535337 ], [ -51.224811354848967, -30.174732601295091 ], [ -51.225007427519159, -30.17485722540135 ], [ -51.225207912192467, -30.175148050242861 ], [ -51.226129824113094, -30.175732514118312 ], [ -51.226483161592427, -30.176409671984086 ], [ -51.226623050965905, -30.176485686575145 ], [ -51.226813942309093, -30.176380503782283 ], [ -51.227106373933275, -30.17644560502421 ], [ -51.226834498412487, -30.176185420278308 ], [ -51.227379157243838, -30.175915313910707 ], [ -51.22726694434882, -30.175763538154587 ], [ -51.227303283659182, -30.175621702982721 ], [ -51.227102176319548, -30.175566371465688 ], [ -51.22707799540153, -30.175484382050598 ], [ -51.22712535290502, -30.175346227267795 ], [ -51.227459213162163, -30.175090441352264 ], [ -51.2273103253427, -30.175069491571843 ], [ -51.227341126660875, -30.174913317533221 ], [ -51.227153977116885, -30.174920139362403 ], [ -51.227103182291053, -30.174736853074357 ], [ -51.226904163912245, -30.174640816807397 ], [ -51.226877370210708, -30.174370313980429 ], [ -51.226958231215605, -30.174167306895985 ], [ -51.227063608424018, -30.174238145997386 ], [ -51.227096258058246, -30.174117794791691 ], [ -51.22697349183106, -30.173892128915057 ], [ -51.226880776035344, -30.173861966858578 ], [ -51.226984523972405, -30.173539167606108 ], [ -51.226742337342337, -30.173458909105957 ], [ -51.226664902205954, -30.173343711427673 ], [ -51.226847596501152, -30.173297281480046 ], [ -51.226802334895865, -30.173080504858856 ], [ -51.226607309017254, -30.173093386138103 ], [ -51.226484358202619, -30.172831351026534 ], [ -51.226756407318781, -30.172527392525026 ], [ -51.226637889059283, -30.172386546680691 ], [ -51.226662863470068, -30.172271353354748 ], [ -51.226552085812159, -30.172245012784604 ], [ -51.226362751518991, -30.17202099472016 ], [ -51.226517571853556, -30.17177670924454 ], [ -51.22645688399426, -30.171671680480372 ], [ -51.226507560569317, -30.171532076790804 ], [ -51.226292553194007, -30.17152631096527 ], [ -51.226233315981567, -30.17146486707577 ], [ -51.226207433950314, -30.171274137631226 ], [ -51.226302136452233, -30.171129403759767 ], [ -51.226189151917644, -30.171091245855397 ], [ -51.226194132488182, -30.170952713328504 ], [ -51.226316769144915, -30.171033179160759 ], [ -51.226303436892728, -30.170925632107355 ], [ -51.226429731201442, -30.170879841252308 ], [ -51.226377735200536, -30.170624181137168 ], [ -51.226308200217915, -30.170601198882441 ], [ -51.226423586244238, -30.170554254145912 ], [ -51.226250730012879, -30.170313150927615 ], [ -51.226050481487576, -30.170265215977643 ], [ -51.226105939379252, -30.17021819343487 ], [ -51.226296636047572, -30.170267318378592 ], [ -51.226248715623285, -30.170158476938493 ], [ -51.226357114136079, -30.170099270638037 ], [ -51.226237724830924, -30.170030079711211 ], [ -51.226398961661488, -30.170004804119738 ], [ -51.22632220195846, -30.169865330089834 ], [ -51.226006392709344, -30.170014595503432 ], [ -51.225949351542418, -30.169868589620773 ], [ -51.226056029700707, -30.169465017423686 ], [ -51.226364221815452, -30.169437412928087 ], [ -51.226297926490673, -30.169332032890331 ], [ -51.226431197212818, -30.169203928022363 ], [ -51.226346092441823, -30.169139099997121 ], [ -51.226424738406365, -30.169058918424085 ], [ -51.226220198128395, -30.169040861626776 ], [ -51.226480095878181, -30.168877523270098 ], [ -51.226303440466957, -30.168699507113601 ], [ -51.226348220334664, -30.168615955189171 ], [ -51.226254807971856, -30.168506290111907 ], [ -51.226407921877744, -30.168472004130624 ], [ -51.226665674580609, -30.168053009372169 ], [ -51.226995283825779, -30.16785552856895 ], [ -51.227461158491188, -30.168022484846386 ], [ -51.227500079199274, -30.167920622379381 ], [ -51.22736578604961, -30.167873296696108 ], [ -51.227305300053089, -30.167674595221929 ], [ -51.227558895017673, -30.167708808995059 ], [ -51.227643872422483, -30.167582411263371 ], [ -51.227714492809689, -30.167671449215586 ], [ -51.227792498667149, -30.167585222196426 ], [ -51.227924115862123, -30.167643200222951 ], [ -51.228009982051191, -30.167542339442178 ], [ -51.228213291208199, -30.167568426804905 ], [ -51.228528006734521, -30.167489908848921 ], [ -51.228690529083124, -30.167303544133858 ], [ -51.228992465085952, -30.167223422694711 ], [ -51.229099848120356, -30.167086335883486 ], [ -51.229317156457597, -30.167103102986566 ], [ -51.22956194279049, -30.166876975930439 ], [ -51.229849525169357, -30.166788304281546 ], [ -51.230053465776827, -30.166818539958907 ], [ -51.230304776593215, -30.166540600045685 ], [ -51.230596707774005, -30.166536477222248 ], [ -51.230719835905781, -30.166293866982997 ], [ -51.231316091151093, -30.16603390908373 ], [ -51.231408281963603, -30.165930327785205 ], [ -51.2314464330031, -30.165990362357462 ], [ -51.231487409280788, -30.165881275735959 ], [ -51.232123122219811, -30.165575761772917 ], [ -51.232318466908957, -30.16495237500245 ], [ -51.232457996827605, -30.164930650318077 ], [ -51.232502308363863, -30.165048609653173 ], [ -51.232677657368548, -30.165022489484901 ], [ -51.232791359319499, -30.164881417479545 ], [ -51.232834605915038, -30.164590666776682 ], [ -51.232961879316413, -30.164479892995651 ], [ -51.233111463544688, -30.164494246430664 ], [ -51.233165973919057, -30.164400296455291 ], [ -51.233086270983748, -30.164292507089268 ], [ -51.233201298469737, -30.164053608281556 ], [ -51.233135136687451, -30.163962399430055 ], [ -51.233358042001001, -30.16371266063927 ], [ -51.23320404999729, -30.163501584639977 ], [ -51.23311756630028, -30.163512747269898 ], [ -51.233134024534735, -30.163136313167193 ], [ -51.232871110997351, -30.162977590200473 ], [ -51.232715262983739, -30.162771389016115 ], [ -51.232726142874235, -30.1624957666792 ], [ -51.232793264693882, -30.16246550647265 ], [ -51.232732443971024, -30.162348477643206 ], [ -51.232530066999047, -30.162361651331693 ], [ -51.232588618778152, -30.162308665013036 ], [ -51.23250717371333, -30.162209541001634 ], [ -51.232248828725723, -30.16227028168646 ], [ -51.232278118667097, -30.162360472888501 ], [ -51.232165675543698, -30.162417164542283 ], [ -51.232037428842169, -30.16228888485951 ], [ -51.232123269866236, -30.162446929672154 ], [ -51.231942406255875, -30.162555811924278 ], [ -51.231940214276051, -30.162817251702108 ], [ -51.231795673593965, -30.162915511616298 ], [ -51.231540990312752, -30.162811188419916 ], [ -51.231483990331505, -30.162906676572678 ], [ -51.231076106047915, -30.162972280157074 ], [ -51.230684430163734, -30.162773802048576 ], [ -51.230627173174035, -30.162714612669745 ], [ -51.230674063258768, -30.162647930690937 ], [ -51.230603515809193, -30.162634427882363 ], [ -51.230328806336473, -30.162804387458277 ], [ -51.230092680921452, -30.162730350437954 ], [ -51.230092019952259, -30.162579825342135 ], [ -51.229863172582341, -30.162733189171238 ], [ -51.229679342093213, -30.162683065006924 ], [ -51.229763059261025, -30.162553870690019 ], [ -51.229504005749412, -30.162668842892845 ], [ -51.229403646664863, -30.162473189722125 ], [ -51.229285569719181, -30.16242971833552 ], [ -51.228903838002239, -30.161992884685734 ], [ -51.229059706590689, -30.161897585927441 ], [ -51.229042107483721, -30.161651883164676 ], [ -51.228946386901413, -30.161709806694237 ], [ -51.228906277078231, -30.161655189038843 ], [ -51.228613704089945, -30.161689901372359 ], [ -51.22849777159562, -30.161630000480081 ], [ -51.228188301169041, -30.161272453348147 ], [ -51.228086001469144, -30.160998651782887 ], [ -51.227850877422618, -30.160860896914873 ], [ -51.227948128004648, -30.160745216816085 ], [ -51.227951053499119, -30.160301663999377 ], [ -51.228071486093128, -30.160377259159951 ], [ -51.228135129883157, -30.160325168939703 ], [ -51.228002213276973, -30.160194546153416 ], [ -51.227797927577086, -30.160143913604109 ], [ -51.227809746141411, -30.160044986433629 ], [ -51.228017249067634, -30.160049769718178 ], [ -51.227996738192552, -30.159981490905992 ], [ -51.227782903290645, -30.159887828607697 ], [ -51.227597774409851, -30.159902859106978 ], [ -51.227531570012061, -30.159699204158674 ], [ -51.227605120660826, -30.159755388906831 ], [ -51.227744821673745, -30.159720493174156 ], [ -51.227670034192407, -30.159668191394292 ], [ -51.227704849490792, -30.15931807556785 ], [ -51.227616678132392, -30.159180697530012 ], [ -51.227671788662221, -30.159121041253041 ], [ -51.227399764098415, -30.15919235406869 ], [ -51.227375745360867, -30.159088886606121 ], [ -51.227273426902023, -30.159076971468092 ], [ -51.227466348066152, -30.158882793932225 ], [ -51.227320532086665, -30.15887754119748 ] ] ] } },
{ "type": "Feature", "properties": { "bairro_oficial": "SÃO CAETANO" }, "geometry": { "type": "Polygon", "coordinates": [ [ [ -51.06804311339841, -30.178081215754212 ], [ -51.067299881763041, -30.17829296456264 ], [ -51.067304757425944, -30.178428758448064 ], [ -51.067737775816582, -30.179166361023924 ], [ -51.067781063747702, -30.179380980403497 ], [ -51.067137601814274, -30.179656669299877 ], [ -51.066950698668791, -30.179874207502323 ], [ -51.066585354846247, -30.179882588844201 ], [ -51.066437184199764, -30.18023365591403 ], [ -51.066262787648334, -30.18041043353859 ], [ -51.066099271449964, -30.180420067250513 ], [ -51.065891667268865, -30.180254226042987 ], [ -51.06558249612295, -30.180268707800458 ], [ -51.065474063403663, -30.180456196051988 ], [ -51.065329757449582, -30.180422840538203 ], [ -51.065233605622232, -30.18048019298978 ], [ -51.065115560198876, -30.180678430388589 ], [ -51.06446864615107, -30.181147933170219 ], [ -51.064168033001572, -30.181172198559103 ], [ -51.063685223780219, -30.181346582983331 ], [ -51.063376355375439, -30.181205613969802 ], [ -51.063634721505579, -30.181106346752014 ], [ -51.063674121027354, -30.180931547030752 ], [ -51.063330388203639, -30.181043265476212 ], [ -51.063091886917441, -30.181398346858789 ], [ -51.062367002065528, -30.182116028820808 ], [ -51.06216821737096, -30.182265052867727 ], [ -51.061894994410622, -30.182222933186402 ], [ -51.061091972072667, -30.183846315210573 ], [ -51.060896285736291, -30.184073224968206 ], [ -51.060754752714139, -30.184057019798008 ], [ -51.060650847960815, -30.184143735128703 ], [ -51.060552536211276, -30.184538807273153 ], [ -51.060250817285997, -30.185013345935321 ], [ -51.05964828497271, -30.185430651499249 ], [ -51.059442368884042, -30.185825930393531 ], [ -51.058672116514224, -30.186308048621996 ], [ -51.058580920261299, -30.186638582173849 ], [ -51.057374442412936, -30.187139086271646 ], [ -51.057310354497965, -30.187341036479562 ], [ -51.057404383193152, -30.187723274631114 ], [ -51.057210495279051, -30.18786296592873 ], [ -51.056833970111718, -30.187859018849444 ], [ -51.056444230178201, -30.188258757433047 ], [ -51.05618220860238, -30.188373789321762 ], [ -51.055794322102194, -30.188337643531074 ], [ -51.055663519705888, -30.188546722425407 ], [ -51.05523802416667, -30.188564281756765 ], [ -51.054960475611317, -30.188810633302939 ], [ -51.054902529686579, -30.188989496428878 ], [ -51.05469964485799, -30.189107674090327 ], [ -51.054091122248309, -30.189072288049474 ], [ -51.053636730176542, -30.18940488874949 ], [ -51.05580669151901, -30.191234945155969 ], [ -51.089369008658544, -30.196190115494666 ], [ -51.090335658360871, -30.198150289758409 ], [ -51.091252334721176, -30.20125541371257 ], [ -51.091270043580288, -30.202126678123786 ], [ -51.090858304833304, -30.204796267657287 ], [ -51.090795913707304, -30.20722025965291 ], [ -51.090961622065166, -30.208102168067665 ], [ -51.091741576473986, -30.210066783050767 ], [ -51.091782832183654, -30.210688824279913 ], [ -51.105675803213963, -30.208513017399952 ], [ -51.10683886798072, -30.209179174686795 ], [ -51.107795823445493, -30.21005332294768 ], [ -51.109789954658531, -30.211217337413437 ], [ -51.113497826819014, -30.207050511099407 ], [ -51.116408822581981, -30.203955912157461 ], [ -51.116426137205359, -30.203717570195021 ], [ -51.116287375424299, -30.203668761138076 ], [ -51.114891639626435, -30.203720830728848 ], [ -51.114293173034866, -30.203562822965246 ], [ -51.112255566984452, -30.202619659687262 ], [ -51.110541488468648, -30.201375274958281 ], [ -51.108614470961406, -30.200773132926489 ], [ -51.107087449544885, -30.200192400831103 ], [ -51.104868212792866, -30.199170179789114 ], [ -51.103200286800131, -30.198844892696659 ], [ -51.101592596017007, -30.197921763068159 ], [ -51.099335232301748, -30.195571376532826 ], [ -51.096779999220814, -30.193442088142529 ], [ -51.096568212443351, -30.193074048730491 ], [ -51.096488640169078, -30.192212423919585 ], [ -51.096310644497564, -30.191777324862347 ], [ -51.095006279826691, -30.190827899473081 ], [ -51.094020884276439, -30.189687637134586 ], [ -51.093804625190529, -30.189349643544766 ], [ -51.094091175495194, -30.189192503780419 ], [ -51.094278529489003, -30.188975813684774 ], [ -51.094728904612474, -30.188275568597351 ], [ -51.094794152375009, -30.188014998581657 ], [ -51.093677464996048, -30.186585665831515 ], [ -51.09292440158503, -30.185756444492011 ], [ -51.092507351853051, -30.185365862341072 ], [ -51.090982118459891, -30.184227131119304 ], [ -51.088849633880585, -30.182792444566392 ], [ -51.087369070215473, -30.181549638906329 ], [ -51.086161407521985, -30.180851797186602 ], [ -51.083495851055851, -30.179879497995703 ], [ -51.08313706093741, -30.179612802365639 ], [ -51.082682843396164, -30.178973301270254 ], [ -51.078552440574349, -30.177451606283359 ], [ -51.077793803490714, -30.177657006362466 ], [ -51.077213358632967, -30.178117919633603 ], [ -51.076721129343198, -30.17813381259834 ], [ -51.075748510541395, -30.177995538705353 ], [ -51.075306353704761, -30.177788904873466 ], [ -51.074884871249232, -30.177479928512277 ], [ -51.074044414566195, -30.177324644338213 ], [ -51.073556937385028, -30.177039509508681 ], [ -51.072836801376518, -30.177383075129512 ], [ -51.072198884883164, -30.177509127170804 ], [ -51.071902415501562, -30.177637106593551 ], [ -51.071450093464563, -30.177697071410719 ], [ -51.071061289894821, -30.177552059460083 ], [ -51.070524004264016, -30.177502187436136 ], [ -51.070177785055733, -30.177684745685124 ], [ -51.069963722086499, -30.177606116566793 ], [ -51.069148703451603, -30.177697619967748 ], [ -51.068740642499563, -30.177883595215803 ], [ -51.068621722025597, -30.178033098727489 ], [ -51.06804311339841, -30.178081215754212 ] ] ] } },
{ "type": "Feature", "properties": { "bairro_oficial": "SÃO GERALDO" }, "geometry": { "type": "Polygon", "coordinates": [ [ [ -51.209319600319574, -30.002694685301321 ], [ -51.192047192492623, -30.007956077511142 ], [ -51.192496100815553, -30.009335006460262 ], [ -51.193989228899504, -30.012172097367845 ], [ -51.195798329182686, -30.014696209153566 ], [ -51.196753383952533, -30.016217100878855 ], [ -51.202507762899394, -30.014170288376938 ], [ -51.202626769083899, -30.01370068311854 ], [ -51.20459134343762, -30.014021811719189 ], [ -51.204720294895779, -30.014130201468213 ], [ -51.204801746594136, -30.014067860536272 ], [ -51.205426195824465, -30.014165324501896 ], [ -51.205586639398291, -30.013455528289025 ], [ -51.211129700990242, -30.012375535987537 ], [ -51.210631484403748, -30.011266668324023 ], [ -51.212828991916915, -30.010353058829136 ], [ -51.210262783904753, -30.005462101864786 ], [ -51.209319600319574, -30.002694685301321 ] ] ] } },
{ "type": "Feature", "properties": { "bairro_oficial": "SÃO JOÃO" }, "geometry": { "type": "Polygon", "coordinates": [ [ [ -51.182697120786166, -30.003232956916857 ], [ -51.182484694637886, -30.008516121247915 ], [ -51.181853560259505, -30.008559545008985 ], [ -51.181791654194193, -30.011531124893356 ], [ -51.184693977675927, -30.011607424510029 ], [ -51.185512858651663, -30.011783976801127 ], [ -51.191955660931356, -30.014170094303271 ], [ -51.19184609197471, -30.014627493415468 ], [ -51.192019275390891, -30.015791055381822 ], [ -51.191844347583903, -30.01769905665029 ], [ -51.197680534182851, -30.017922260219752 ], [ -51.197714666499728, -30.017825596800364 ], [ -51.195798329182686, -30.014696209153566 ], [ -51.193989228899504, -30.012172097367845 ], [ -51.192496100815553, -30.009335006460262 ], [ -51.192047192492623, -30.007956077511142 ], [ -51.193767848598135, -30.007435548757602 ], [ -51.19002215872915, -29.997125470591879 ], [ -51.189766821628005, -29.996372668018772 ], [ -51.189843634933673, -29.996227718392863 ], [ -51.188149658063601, -29.994721339817129 ], [ -51.187238877466548, -29.995273069756042 ], [ -51.187247057754952, -29.995764041104501 ], [ -51.186908745887266, -29.995997108250926 ], [ -51.187519719145172, -29.996665681782599 ], [ -51.186839192127515, -29.997152807705465 ], [ -51.186939251886564, -29.997504236691857 ], [ -51.186618784513271, -29.997730217858127 ], [ -51.187843510961649, -29.999818272034563 ], [ -51.187611747083082, -29.999895830578957 ], [ -51.188284850537542, -30.000958549973042 ], [ -51.188048988056515, -30.001187647532312 ], [ -51.187397683604544, -30.002622605275075 ], [ -51.185314037302767, -30.003203111116683 ], [ -51.182697120786166, -30.003232956916857 ] ] ] } },
{ "type": "Feature", "properties": { "bairro_oficial": "SÃO SEBASTIÃO" }, "geometry": { "type": "Polygon", "coordinates": [ [ [ -51.143017000207358, -30.009928998200241 ], [ -51.145325778447166, -30.010427383041396 ], [ -51.146145018256227, -30.010506368815577 ], [ -51.146704946431555, -30.010440251544086 ], [ -51.149044271715894, -30.010527718127978 ], [ -51.148487487604044, -30.005198530271748 ], [ -51.148485368107657, -30.004380695617971 ], [ -51.147258370982094, -30.004225611427 ], [ -51.147825406455752, -29.997965359292376 ], [ -51.139820853176367, -29.997833084794127 ], [ -51.139624540398621, -30.001818236084176 ], [ -51.137935998565126, -30.004928222246576 ], [ -51.137925021037837, -30.005067420965091 ], [ -51.142968540714882, -30.008706708150694 ], [ -51.143017000207358, -30.009928998200241 ] ] ] } },
{ "type": "Feature", "properties": { "bairro_oficial": "SÉTIMO CÉU" }, "geometry": { "type": "Polygon", "coordinates": [ [ [ -51.230449105920215, -30.12343201278701 ], [ -51.231758706065911, -30.122607980049047 ], [ -51.232248910760603, -30.122737176555006 ], [ -51.233784491540483, -30.122877205904505 ], [ -51.235537541337976, -30.123184362456435 ], [ -51.241863349811553, -30.124804957761935 ], [ -51.244875738285018, -30.123035382588988 ], [ -51.247681601584659, -30.121945659417701 ], [ -51.248632839830293, -30.121501558681157 ], [ -51.249430554279414, -30.121353921151798 ], [ -51.24962544360303, -30.121250443610336 ], [ -51.249864888772265, -30.122846965763745 ], [ -51.250283258708798, -30.122786634318899 ], [ -51.251564448571031, -30.122890026983509 ], [ -51.252086757042456, -30.122807440134363 ], [ -51.252539290879547, -30.122582077349477 ], [ -51.252806957336084, -30.12222821359472 ], [ -51.253000971714918, -30.121160605735255 ], [ -51.253575362402088, -30.11983594461266 ], [ -51.25362254570819, -30.119388256679642 ], [ -51.253279648676056, -30.118268773753726 ], [ -51.253220693143561, -30.117631188003866 ], [ -51.253457399692586, -30.11692465127274 ], [ -51.250792297421413, -30.115955814613596 ], [ -51.250305114607869, -30.117056234049464 ], [ -51.248718372091453, -30.119034781047592 ], [ -51.246437788640428, -30.118119628892241 ], [ -51.246414311872847, -30.118165201130097 ], [ -51.245774544671384, -30.11804671853027 ], [ -51.245790887389937, -30.117989213453708 ], [ -51.244633552349327, -30.117406588957266 ], [ -51.243862288165857, -30.11709940207313 ], [ -51.234751978497428, -30.113683718061399 ], [ -51.234115428754279, -30.114720658096417 ], [ -51.233534436239935, -30.115213942133998 ], [ -51.232767070588423, -30.115689606110653 ], [ -51.232354691250265, -30.11622523295399 ], [ -51.232242642549501, -30.116855797228204 ], [ -51.232352933150985, -30.117191083009192 ], [ -51.232825689877352, -30.117976839380741 ], [ -51.232936114576276, -30.118427585786321 ], [ -51.232958369155924, -30.118976754355831 ], [ -51.232874193929611, -30.119423290232483 ], [ -51.232680426412237, -30.120067957396266 ], [ -51.232419195180235, -30.120475609104627 ], [ -51.23153591102345, -30.121173570225814 ], [ -51.231073070375722, -30.121658164147703 ], [ -51.230449105920215, -30.12343201278701 ] ] ] } },
{ "type": "Feature", "properties": { "bairro_oficial": "TERESÓPOLIS" }, "geometry": { "type": "Polygon", "coordinates": [ [ [ -51.207117317723636, -30.07030522239933 ], [ -51.205345134017641, -30.074193297308749 ], [ -51.204377132126552, -30.07370942732603 ], [ -51.203753953620428, -30.074656621998979 ], [ -51.205549228718866, -30.075845810064678 ], [ -51.206606795340257, -30.077670315662914 ], [ -51.202485883048794, -30.079527807194602 ], [ -51.198863228434384, -30.081648371921204 ], [ -51.197634260807568, -30.082648625227616 ], [ -51.197949660573578, -30.082925438798476 ], [ -51.197937097806935, -30.083102437053611 ], [ -51.19763946276413, -30.083591374161834 ], [ -51.198006887591795, -30.084111253334733 ], [ -51.198942603050796, -30.084267728674867 ], [ -51.199554750744888, -30.084472715403752 ], [ -51.20001082147305, -30.085120018813257 ], [ -51.200757824155268, -30.085161522594657 ], [ -51.200622838253764, -30.085268278191766 ], [ -51.200280474933287, -30.085359281800518 ], [ -51.199623755000729, -30.085350801754359 ], [ -51.199444180394565, -30.08555031903397 ], [ -51.199392169793128, -30.085814607516394 ], [ -51.199162529407126, -30.085986403344304 ], [ -51.198848445146972, -30.08606624120511 ], [ -51.198666687194034, -30.086234070288921 ], [ -51.198144611111978, -30.086936159457217 ], [ -51.197986983322586, -30.087395897277958 ], [ -51.197531671132097, -30.088169159244654 ], [ -51.197310190040525, -30.08830852564526 ], [ -51.196858820920106, -30.089480414520519 ], [ -51.196649788966745, -30.089776318799956 ], [ -51.196670062771553, -30.090176673713877 ], [ -51.19654624163293, -30.090385950690976 ], [ -51.195712026531936, -30.091170235565084 ], [ -51.195563192011129, -30.091498558796104 ], [ -51.195312418694805, -30.091658975942355 ], [ -51.194609948795808, -30.09252348633137 ], [ -51.194504072656841, -30.092767363255444 ], [ -51.193651410104607, -30.093086549481718 ], [ -51.193345276217364, -30.093343254950636 ], [ -51.1931747552076, -30.09370673375798 ], [ -51.193069764529497, -30.093770762286454 ], [ -51.193109839728848, -30.094205571710205 ], [ -51.192884409390892, -30.094238092049114 ], [ -51.190732150350158, -30.101490841319503 ], [ -51.21275964488963, -30.103118379599429 ], [ -51.212067513375437, -30.102766367482509 ], [ -51.211998527691001, -30.102652656130619 ], [ -51.212026885071346, -30.102305499747537 ], [ -51.211904218568492, -30.102044555044859 ], [ -51.211294227702417, -30.101591221798849 ], [ -51.210774599162328, -30.10095805299299 ], [ -51.209828729634907, -30.100154206452981 ], [ -51.209601719807068, -30.099810658616111 ], [ -51.208861957521528, -30.099145213488931 ], [ -51.208743576001417, -30.098291042128032 ], [ -51.208259321118526, -30.097815647829705 ], [ -51.207591523098472, -30.097626714870948 ], [ -51.207214039573337, -30.097654987679821 ], [ -51.206774674203928, -30.097238334093657 ], [ -51.20626775281508, -30.09697590145435 ], [ -51.206007330541262, -30.096643859756938 ], [ -51.205537096584344, -30.096335865392973 ], [ -51.205404018779959, -30.095898598444467 ], [ -51.204859448377711, -30.095139930561118 ], [ -51.204413916132623, -30.094903400329862 ], [ -51.204113426332761, -30.094595031940987 ], [ -51.203430912097929, -30.094342730575576 ], [ -51.203072802131295, -30.094317324172884 ], [ -51.202714322273835, -30.094390702406375 ], [ -51.202292689155001, -30.091041389378329 ], [ -51.202355626414118, -30.090832111499886 ], [ -51.202759913904053, -30.090552731011982 ], [ -51.203045027523963, -30.090080509783238 ], [ -51.20437901859583, -30.089252743231444 ], [ -51.205028710705868, -30.089095818602882 ], [ -51.205313657675347, -30.089163764754911 ], [ -51.205896238775338, -30.088917243207295 ], [ -51.206365214094568, -30.088884325578459 ], [ -51.206550436481464, -30.088572571959894 ], [ -51.206910369987597, -30.088319969169479 ], [ -51.20737611306955, -30.088322427567867 ], [ -51.207672246247085, -30.087958557685731 ], [ -51.207870966895761, -30.087931041908831 ], [ -51.208085725998053, -30.087686679598779 ], [ -51.208163319007923, -30.087296190065519 ], [ -51.208439541544543, -30.08674459351089 ], [ -51.208987989231467, -30.086605993277143 ], [ -51.209432084126163, -30.086618980965991 ], [ -51.209739188503185, -30.086233800472595 ], [ -51.210438851776928, -30.085741671874366 ], [ -51.210653488036137, -30.085482726845047 ], [ -51.210883944850039, -30.085378601600588 ], [ -51.210983769667706, -30.085172151482787 ], [ -51.211478003305025, -30.084943564132036 ], [ -51.211483654419496, -30.084574441501644 ], [ -51.211675416220928, -30.08421176417065 ], [ -51.211982646069039, -30.084120604454046 ], [ -51.212256742934663, -30.083868059507765 ], [ -51.2125217319021, -30.083815338943818 ], [ -51.212717467081617, -30.083558623963434 ], [ -51.213357906855862, -30.083708550647877 ], [ -51.213847876799065, -30.083526670615047 ], [ -51.213860289452342, -30.083153705653743 ], [ -51.213582203146622, -30.082595732497634 ], [ -51.215357829819212, -30.080759021940647 ], [ -51.213790852824779, -30.079603852440759 ], [ -51.214070084285808, -30.079090499953033 ], [ -51.214251033454474, -30.078415310531526 ], [ -51.21474659900025, -30.075802620466973 ], [ -51.214827122693002, -30.074659079393719 ], [ -51.213192852973272, -30.074134636312383 ], [ -51.210434829453106, -30.072474052052595 ], [ -51.211302364202446, -30.07079127252176 ], [ -51.211180353224279, -30.070077628835779 ], [ -51.208693107437696, -30.070532314629251 ], [ -51.207117317723636, -30.07030522239933 ] ] ] } },
{ "type": "Feature", "properties": { "bairro_oficial": "TRISTEZA" }, "geometry": { "type": "Polygon", "coordinates": [ [ [ -51.259785664301702, -30.110458059383973 ], [ -51.259859195866774, -30.110535838737061 ], [ -51.260339820809762, -30.110646016719528 ], [ -51.26075797707707, -30.111144699602413 ], [ -51.260793548034037, -30.111271029993482 ], [ -51.260613078292458, -30.111355632945578 ], [ -51.260891158829502, -30.111535132533941 ], [ -51.260993884404371, -30.112082657090141 ], [ -51.260844740277761, -30.112315417815388 ], [ -51.260884594818194, -30.112391945488589 ], [ -51.262409561523292, -30.1117932814103 ], [ -51.262858744371044, -30.111666035569272 ], [ -51.263242256378156, -30.111711272985158 ], [ -51.263259567291591, -30.111584840916358 ], [ -51.263069449772068, -30.111336237438216 ], [ -51.263200789618203, -30.110858015644453 ], [ -51.2628343015664, -30.110571439084953 ], [ -51.263070573965862, -30.109751888529352 ], [ -51.263246197247078, -30.109491091295634 ], [ -51.26362001373618, -30.109183951257908 ], [ -51.264710048373601, -30.109376612317512 ], [ -51.262941856652503, -30.108962458454812 ], [ -51.26246983552609, -30.108767999076505 ], [ -51.262911133922863, -30.1090123105215 ], [ -51.262384992286975, -30.110698062658134 ], [ -51.260150630701737, -30.11033407173294 ], [ -51.258585358417037, -30.110578018922276 ], [ -51.25848681330222, -30.109912019574807 ], [ -51.258671951350607, -30.109016098549539 ], [ -51.258835585292914, -30.108876168653492 ], [ -51.258861454533353, -30.108650084929184 ], [ -51.25901389560579, -30.108672857985351 ], [ -51.25896729395371, -30.108554640498721 ], [ -51.259037903807439, -30.10840650069218 ], [ -51.258945599005393, -30.108315175155724 ], [ -51.259185120480389, -30.107958988981828 ], [ -51.25917559885351, -30.107833719862501 ], [ -51.259249786064913, -30.107823376308424 ], [ -51.260073839327902, -30.106802619421469 ], [ -51.260429977286918, -30.106573054860689 ], [ -51.260433114941037, -30.106463131347798 ], [ -51.261207200315354, -30.105977456148143 ], [ -51.252647701042143, -30.103793193069812 ], [ -51.251946652047124, -30.103482350819878 ], [ -51.251036220163208, -30.102830121742166 ], [ -51.250024295063497, -30.101498193193823 ], [ -51.24915671235194, -30.100964660490803 ], [ -51.248777701044823, -30.100615832785177 ], [ -51.248512963902044, -30.099883520125172 ], [ -51.248206782734812, -30.098532607839246 ], [ -51.248164210785006, -30.098209731228529 ], [ -51.248299326056014, -30.097363821774533 ], [ -51.248063866602038, -30.097449869153472 ], [ -51.246374424568764, -30.097674837618698 ], [ -51.245989444197214, -30.097614167378833 ], [ -51.245076407327026, -30.100421426891451 ], [ -51.244817414486974, -30.101562009206312 ], [ -51.24493544383521, -30.101948222340287 ], [ -51.244642379997408, -30.102845115726424 ], [ -51.247088559735261, -30.103448774185647 ], [ -51.244250491608298, -30.109640106176965 ], [ -51.244351431195604, -30.10967998187742 ], [ -51.243452129615953, -30.111691194632648 ], [ -51.24219351817348, -30.114202277548021 ], [ -51.241342347283968, -30.116142770841794 ], [ -51.244633552349327, -30.117406588957266 ], [ -51.245790887389937, -30.117989213453708 ], [ -51.245774544671384, -30.11804671853027 ], [ -51.246414311872847, -30.118165201130097 ], [ -51.246437788640428, -30.118119628892241 ], [ -51.248718372091453, -30.119034781047592 ], [ -51.250305114607869, -30.117056234049464 ], [ -51.250792297421413, -30.115955814613596 ], [ -51.262176465732637, -30.120195083029763 ], [ -51.262128209611816, -30.119964697040217 ], [ -51.262198256855775, -30.119838034605802 ], [ -51.262033027578077, -30.119811020405816 ], [ -51.261789106976657, -30.119388172578354 ], [ -51.261826462775069, -30.119303990553586 ], [ -51.261510565050166, -30.119102021876767 ], [ -51.261483779066126, -30.118824755770806 ], [ -51.261328484402533, -30.118745830338163 ], [ -51.261199882422822, -30.118790667126383 ], [ -51.261107015279542, -30.118687251084019 ], [ -51.260858878323802, -30.118237607101211 ], [ -51.260768637855811, -30.117790356371373 ], [ -51.260832354382501, -30.117703866157317 ], [ -51.260686960429425, -30.117638908895142 ], [ -51.260701519324193, -30.117569663108657 ], [ -51.260524684082803, -30.117548986411951 ], [ -51.260319184824191, -30.117285250186509 ], [ -51.260028263928227, -30.116231865864204 ], [ -51.260089794459127, -30.116222448964404 ], [ -51.260097548191425, -30.116091580009364 ], [ -51.259902126127592, -30.115868973470082 ], [ -51.259716094049374, -30.115307121132279 ], [ -51.25944174876291, -30.113561620552858 ], [ -51.259233542743097, -30.113449497492944 ], [ -51.25905623313772, -30.112488116081092 ], [ -51.258674479724768, -30.111540403084511 ], [ -51.258614553505545, -30.11084970187035 ], [ -51.258718118176475, -30.110839932232217 ], [ -51.258589407149529, -30.110620304297608 ], [ -51.259785664301702, -30.110458059383973 ] ] ] } },
{ "type": "Feature", "properties": { "bairro_oficial": "TRÊS FIGUEIRAS" }, "geometry": { "type": "Polygon", "coordinates": [ [ [ -51.165845430843341, -30.028130828907688 ], [ -51.166061592681913, -30.030595632033815 ], [ -51.16652406133344, -30.031735881786595 ], [ -51.166714806695857, -30.033729862720701 ], [ -51.166920866424363, -30.034327189965797 ], [ -51.166914859783063, -30.035391551335263 ], [ -51.16772462236603, -30.037749570884145 ], [ -51.168388517024376, -30.038206313508834 ], [ -51.167845643735212, -30.038819016299694 ], [ -51.168626272222546, -30.039243306337838 ], [ -51.169146939999443, -30.039740655998948 ], [ -51.169332460031306, -30.040261679726523 ], [ -51.169310555889147, -30.04096606260152 ], [ -51.170028304575034, -30.040993664751181 ], [ -51.170402280120349, -30.040837159554378 ], [ -51.171490306768348, -30.039833205495029 ], [ -51.173138202010755, -30.038869583667694 ], [ -51.173774209171164, -30.038621641689069 ], [ -51.173886904757339, -30.038169978662427 ], [ -51.174151010250135, -30.037614613021567 ], [ -51.174533097430071, -30.037065958909157 ], [ -51.174983182611179, -30.036689368606908 ], [ -51.176508596403032, -30.035842534554323 ], [ -51.177342798976916, -30.03509812216755 ], [ -51.179865689237772, -30.031829370159336 ], [ -51.180909661969466, -30.029486686511994 ], [ -51.174479780012334, -30.027655191890592 ], [ -51.173647413606922, -30.027480047265065 ], [ -51.172666657516942, -30.027520912088701 ], [ -51.171073658103666, -30.02803748595683 ], [ -51.169931944944082, -30.028204807246947 ], [ -51.165845430843341, -30.028130828907688 ] ] ] } },
{ "type": "Feature", "properties": { "bairro_oficial": "VILA ASSUNÇÃO" }, "geometry": { "type": "Polygon", "coordinates": [ [ [ -51.256627442900424, -30.094500710404457 ], [ -51.256219388575197, -30.094545816302251 ], [ -51.257040000785658, -30.094591772596619 ], [ -51.257577155449447, -30.09478519720518 ], [ -51.258069665148085, -30.095170656968278 ], [ -51.258617872077089, -30.095980153854079 ], [ -51.258573503879099, -30.096079420205129 ], [ -51.257078525395293, -30.096806022956272 ], [ -51.256856904148918, -30.096708811786975 ], [ -51.256454455811138, -30.096034660094006 ], [ -51.256441176659315, -30.095715040528258 ], [ -51.25657004444534, -30.095381696963276 ], [ -51.254491111289958, -30.095352440113533 ], [ -51.254405610277061, -30.095439240316132 ], [ -51.25451347613695, -30.095615819746545 ], [ -51.25448046246246, -30.095732840171905 ], [ -51.254309187980773, -30.095801125977353 ], [ -51.254308965172775, -30.095916729760354 ], [ -51.254126284082545, -30.096110025162904 ], [ -51.253834896571007, -30.096001754290228 ], [ -51.253665073207699, -30.096069494299254 ], [ -51.252730628374572, -30.095871584556068 ], [ -51.251864406521989, -30.095363884261193 ], [ -51.249262352392563, -30.101024933288819 ], [ -51.249761259122678, -30.101298953509808 ], [ -51.250185787400071, -30.101653527249642 ], [ -51.251036220163208, -30.102830121742166 ], [ -51.251946652047124, -30.103482350819878 ], [ -51.252647701042143, -30.103793193069812 ], [ -51.261207199277841, -30.105977456150203 ], [ -51.261291528669055, -30.105922134954024 ], [ -51.261327153420261, -30.10596765368544 ], [ -51.261607730355983, -30.105747958884361 ], [ -51.261657905360764, -30.105803719696262 ], [ -51.261741396249924, -30.105661870046589 ], [ -51.262389938086919, -30.105324958176606 ], [ -51.263150267857313, -30.105030956062926 ], [ -51.263686241788946, -30.104988369236299 ], [ -51.264039265982653, -30.105154972692159 ], [ -51.264040835757527, -30.105042976538037 ], [ -51.264340493148467, -30.104929298442759 ], [ -51.264378720128079, -30.104746477058381 ], [ -51.264681822571312, -30.104679807944368 ], [ -51.265145998865165, -30.104725979766972 ], [ -51.265209606907469, -30.10495308578399 ], [ -51.265420194316086, -30.105067180239548 ], [ -51.26542051000304, -30.104797079006406 ], [ -51.265712796768035, -30.104800549365134 ], [ -51.265811322342564, -30.104577897607445 ], [ -51.26597112555914, -30.104603203335234 ], [ -51.266121260282894, -30.104506518698265 ], [ -51.266248549201222, -30.104599212578602 ], [ -51.266847061571873, -30.104540512888637 ], [ -51.266862761521637, -30.10424141172917 ], [ -51.266741834801856, -30.104160437143111 ], [ -51.26677977612232, -30.103988896216137 ], [ -51.267640891761282, -30.10366632714446 ], [ -51.266939003569505, -30.103800233587076 ], [ -51.266810353664837, -30.103896334279778 ], [ -51.266595878152188, -30.103686590969534 ], [ -51.266362503193463, -30.103047684133564 ], [ -51.26645025014254, -30.102870627067308 ], [ -51.266639825522475, -30.102775306070328 ], [ -51.266765730042316, -30.102816743080492 ], [ -51.266647342953853, -30.102714556095112 ], [ -51.266257690456307, -30.1018140770238 ], [ -51.265889768462678, -30.101701115107975 ], [ -51.265823660926948, -30.101586909500618 ], [ -51.265872278580225, -30.101371217126207 ], [ -51.266010276846821, -30.101317333154974 ], [ -51.26594969833716, -30.101009848120494 ], [ -51.266138671012612, -30.100994297800394 ], [ -51.266115117744427, -30.100774473798559 ], [ -51.265950251089521, -30.100683488558975 ], [ -51.265954917034726, -30.10052672454303 ], [ -51.266188834765558, -30.100287374872014 ], [ -51.266244905770293, -30.100335902639955 ], [ -51.266384991413744, -30.100286887111835 ], [ -51.266379968408138, -30.100000733069031 ], [ -51.266270436428208, -30.100103201124423 ], [ -51.266078373729258, -30.100120646854993 ], [ -51.265879546361639, -30.100557741054438 ], [ -51.265702321887545, -30.100535357982093 ], [ -51.265552138766857, -30.100301387171719 ], [ -51.26570403436628, -30.100244317226814 ], [ -51.265707894448639, -30.10001923986292 ], [ -51.265825522058641, -30.099877949957335 ], [ -51.266153664797777, -30.099866457016212 ], [ -51.266013813509737, -30.099808712648187 ], [ -51.265778722468816, -30.099842308494118 ], [ -51.265545846301116, -30.099733493431533 ], [ -51.265379207263898, -30.099827142795665 ], [ -51.264975957970343, -30.09942366240535 ], [ -51.264804521202322, -30.099430324435854 ], [ -51.264667171704303, -30.099025675441407 ], [ -51.264976793275956, -30.098880750983046 ], [ -51.26506637788966, -30.098770743096942 ], [ -51.265025286139121, -30.098617681513559 ], [ -51.264907024261404, -30.098559892398463 ], [ -51.264138675329079, -30.098628220692714 ], [ -51.264014538805803, -30.098507542811124 ], [ -51.264007428808988, -30.098298926183826 ], [ -51.263873490763892, -30.098232400251437 ], [ -51.263821747240499, -30.098093257204308 ], [ -51.263743293861396, -30.098135377957114 ], [ -51.263480094232364, -30.097861022240107 ], [ -51.263363669557755, -30.097908183085377 ], [ -51.263349058679211, -30.097995207777892 ], [ -51.263147240475732, -30.097815303988131 ], [ -51.263166652564287, -30.097678861522823 ], [ -51.262659615383747, -30.097523617548926 ], [ -51.262600752503332, -30.097399197651441 ], [ -51.26260468067882, -30.097470803741288 ], [ -51.262319947248201, -30.097412302965264 ], [ -51.262178693500367, -30.097221162127255 ], [ -51.261864498983662, -30.097080751043368 ], [ -51.261832408968836, -30.096959789252661 ], [ -51.26167122332393, -30.096883902969743 ], [ -51.261231473958809, -30.096430898482687 ], [ -51.259978932105831, -30.096159671499606 ], [ -51.259712536688049, -30.095847772267316 ], [ -51.259631084163317, -30.095893867492947 ], [ -51.259750869792221, -30.096100380931393 ], [ -51.25960010862692, -30.096193088638174 ], [ -51.259283343844452, -30.096185773002706 ], [ -51.259237724602073, -30.096043908830087 ], [ -51.258932620097333, -30.096170040302024 ], [ -51.258777538112163, -30.096158342643239 ], [ -51.258193005570234, -30.095228893363604 ], [ -51.257813041234073, -30.094861893721784 ], [ -51.257181186237204, -30.094568213479835 ], [ -51.256627442900424, -30.094500710404457 ] ] ] } },
{ "type": "Feature", "properties": { "bairro_oficial": "VILA CONCEIÇÃO" }, "geometry": { "type": "Polygon", "coordinates": [ [ [ -51.25232750396524, -30.122720982194714 ], [ -51.252570075985716, -30.122771208488896 ], [ -51.256145428635136, -30.122416314230623 ], [ -51.256681636739067, -30.122269899313711 ], [ -51.258224302358663, -30.122785470195804 ], [ -51.258946770881018, -30.122926790607366 ], [ -51.261057983344287, -30.122738386601622 ], [ -51.261203098422691, -30.122616373677815 ], [ -51.261128770344918, -30.122616341070792 ], [ -51.26105397448891, -30.122359564770399 ], [ -51.261196458080562, -30.122302066849141 ], [ -51.261278734344359, -30.122048137277321 ], [ -51.261234802448193, -30.121961680614678 ], [ -51.261309084743488, -30.12194411631819 ], [ -51.261236036969855, -30.121838946133099 ], [ -51.261237720877297, -30.121571549983525 ], [ -51.261486840929649, -30.121444803159818 ], [ -51.261653097004498, -30.121151810971167 ], [ -51.261522863834415, -30.120933138357902 ], [ -51.26153047798698, -30.120789274283535 ], [ -51.261906817617579, -30.120329814049725 ], [ -51.262082278808045, -30.120300496333268 ], [ -51.262176465732637, -30.120195083029763 ], [ -51.253457399692586, -30.11692465127274 ], [ -51.253220693143561, -30.117631188003866 ], [ -51.253279648676056, -30.118268773753726 ], [ -51.25362254570819, -30.119388256679642 ], [ -51.253601870700571, -30.11971088717468 ], [ -51.253000971714918, -30.121160605735255 ], [ -51.252806957336084, -30.12222821359472 ], [ -51.252654692508315, -30.122463711331044 ], [ -51.25232750396524, -30.122720982194714 ] ] ] } },
{ "type": "Feature", "properties": { "bairro_oficial": "VILA IPIRANGA" }, "geometry": { "type": "Polygon", "coordinates": [ [ [ -51.146353953869145, -30.027332110510649 ], [ -51.150742219033106, -30.027370525718652 ], [ -51.151623634443318, -30.027322641722705 ], [ -51.152675050630101, -30.02738290582182 ], [ -51.152814901248618, -30.027302585643969 ], [ -51.152959822725826, -30.026331280275659 ], [ -51.153243475605109, -30.026116233441098 ], [ -51.154070570113788, -30.026202810035681 ], [ -51.154751031538396, -30.021120528043031 ], [ -51.154832040707674, -30.02093099083838 ], [ -51.155407806935372, -30.021203567286939 ], [ -51.156972308924367, -30.021368781134349 ], [ -51.161396282696877, -30.021144038136146 ], [ -51.161499956472987, -30.020346012546256 ], [ -51.160839614265932, -30.019551009315524 ], [ -51.161062775999063, -30.018090799908506 ], [ -51.152400877229091, -30.01728976268512 ], [ -51.152448986064485, -30.016919197986816 ], [ -51.150271692424916, -30.016993881834104 ], [ -51.150040674426997, -30.010505170200855 ], [ -51.148500685525434, -30.01053398509703 ], [ -51.146704946431555, -30.010440251544086 ], [ -51.146145018256227, -30.010506368815577 ], [ -51.145325778447166, -30.010427383041396 ], [ -51.143017000207358, -30.009928998200241 ], [ -51.143548694314518, -30.015237203546899 ], [ -51.143322622523094, -30.015254372441085 ], [ -51.142429640057614, -30.016217172812151 ], [ -51.142370674948602, -30.016429235753009 ], [ -51.142758709573705, -30.0167355261278 ], [ -51.143343692622231, -30.018040646927979 ], [ -51.143879767392278, -30.018079606434767 ], [ -51.143945767321327, -30.018831876282665 ], [ -51.143495750317655, -30.018799348145766 ], [ -51.143556716359406, -30.01951079272721 ], [ -51.144353853178998, -30.019566290316234 ], [ -51.144986973196318, -30.026660482659945 ], [ -51.146399935398684, -30.026667900380474 ], [ -51.146353953869145, -30.027332110510649 ] ] ] } },
{ "type": "Feature", "properties": { "bairro_oficial": "VILA JARDIM" }, "geometry": { "type": "Polygon", "coordinates": [ [ [ -51.147144097364652, -30.02732895960207 ], [ -51.147659880407289, -30.030049043447299 ], [ -51.147876121916596, -30.033033799438321 ], [ -51.147939532233451, -30.033371500911286 ], [ -51.14851027345474, -30.034604915018203 ], [ -51.148913343578471, -30.036430093289212 ], [ -51.148796790462015, -30.036432662636436 ], [ -51.14974748682986, -30.04173717234055 ], [ -51.15109946319658, -30.041514584506185 ], [ -51.152766474413056, -30.041659901234986 ], [ -51.153722148207784, -30.041577130057171 ], [ -51.158500740949513, -30.040942527631191 ], [ -51.159430949165113, -30.040731351979204 ], [ -51.158349446496743, -30.039407031596902 ], [ -51.158026429573717, -30.037809610333014 ], [ -51.158389348094239, -30.036831535355756 ], [ -51.158857412755566, -30.035165493426678 ], [ -51.15951436350948, -30.033710076113213 ], [ -51.159618350267941, -30.033205907098829 ], [ -51.159621614562255, -30.031927835402197 ], [ -51.158821508019969, -30.0309001460929 ], [ -51.158567319060502, -30.03047503377471 ], [ -51.158477153939316, -30.030124352298383 ], [ -51.158485396401154, -30.029641088955803 ], [ -51.158693537991404, -30.028440802987451 ], [ -51.155992838379802, -30.030103209841467 ], [ -51.155512542665882, -30.030473730917194 ], [ -51.155080539785189, -30.029283780647891 ], [ -51.154216624869569, -30.028126568553279 ], [ -51.154079954083507, -30.02812661139383 ], [ -51.152814901248618, -30.027302585643969 ], [ -51.152675050630101, -30.02738290582182 ], [ -51.151623634443318, -30.027322641722705 ], [ -51.150742219033106, -30.027370525718652 ], [ -51.147144097364652, -30.02732895960207 ] ] ] } },
{ "type": "Feature", "properties": { "bairro_oficial": "VILA JOÃO PESSOA" }, "geometry": { "type": "Polygon", "coordinates": [ [ [ -51.171824239742769, -30.061788479577611 ], [ -51.171202290009568, -30.061761112121197 ], [ -51.169899608045206, -30.068716444705696 ], [ -51.170505310775553, -30.06881164328399 ], [ -51.170693148541623, -30.069547124134424 ], [ -51.170777798251855, -30.069619076102455 ], [ -51.17098638888875, -30.068730510290237 ], [ -51.171342807051694, -30.068164247098856 ], [ -51.172179621169704, -30.067623959190819 ], [ -51.172456970265813, -30.067608092307228 ], [ -51.171897633064702, -30.068591698680997 ], [ -51.17177889205675, -30.069104187750199 ], [ -51.171589872871493, -30.070729987208939 ], [ -51.171665354912577, -30.073079918674853 ], [ -51.171504271465864, -30.073521353204022 ], [ -51.170873090570957, -30.074336308166107 ], [ -51.1707824695591, -30.075434615084745 ], [ -51.170326157504469, -30.076707441247663 ], [ -51.170004676424895, -30.077049928016365 ], [ -51.169760408985809, -30.077153431303074 ], [ -51.169531158296301, -30.077157969706199 ], [ -51.169409369510298, -30.077470188317395 ], [ -51.169194408444483, -30.077723713974727 ], [ -51.169496147204242, -30.077781851167359 ], [ -51.170016890529517, -30.077555697169533 ], [ -51.170388421070086, -30.077767497286391 ], [ -51.170814468393679, -30.078170305711744 ], [ -51.17107211113462, -30.078208374510613 ], [ -51.170792730629017, -30.077527565499715 ], [ -51.170783370279949, -30.077325632644705 ], [ -51.171366222937117, -30.076303008576598 ], [ -51.171861007297984, -30.075656737077406 ], [ -51.172051866163827, -30.075543003312237 ], [ -51.172326998209698, -30.075526041719634 ], [ -51.173940275733962, -30.075733700267211 ], [ -51.174475097402372, -30.075560428492583 ], [ -51.174543198200702, -30.075376019910969 ], [ -51.174236460147021, -30.074982718614134 ], [ -51.174212319793114, -30.074664481635981 ], [ -51.174259650754614, -30.074368862795247 ], [ -51.174462616755221, -30.074034034603599 ], [ -51.174771575136297, -30.074440133172615 ], [ -51.175270385567238, -30.073982746037757 ], [ -51.176070949008583, -30.073592165380202 ], [ -51.1769106007049, -30.073001061559378 ], [ -51.179637896732835, -30.071383330182545 ], [ -51.180882532433856, -30.070549757070907 ], [ -51.18022795108616, -30.070133436373879 ], [ -51.179294439886441, -30.069299234105682 ], [ -51.179079516882545, -30.068989641879224 ], [ -51.180346780333011, -30.06841400259076 ], [ -51.179848754512513, -30.066968286781755 ], [ -51.179707413416878, -30.066295615913777 ], [ -51.180129315905731, -30.064333469819974 ], [ -51.179730449586707, -30.064200965871059 ], [ -51.17910531539254, -30.063859041371586 ], [ -51.177967865983028, -30.062693496656067 ], [ -51.17742437108074, -30.062394750419607 ], [ -51.174505101525313, -30.062048575203118 ], [ -51.17310895280486, -30.061695405165224 ], [ -51.171824239742769, -30.061788479577611 ] ] ] } },
{ "type": "Feature", "properties": { "bairro_oficial": "VILA NOVA" }, "geometry": { "type": "Polygon", "coordinates": [ [ [ -51.175709646107578, -30.133669549510621 ], [ -51.175329266949014, -30.135018421063084 ], [ -51.174553624645931, -30.135974911132532 ], [ -51.174022349031212, -30.13643431066011 ], [ -51.174241212981414, -30.136567043468695 ], [ -51.175219733716716, -30.13696674811699 ], [ -51.176083692156141, -30.136948068392233 ], [ -51.177668889304378, -30.137057193140091 ], [ -51.178473630303067, -30.137586963431996 ], [ -51.179732512174283, -30.138103096157245 ], [ -51.18305194246512, -30.137913510761678 ], [ -51.183877410237564, -30.138068931871633 ], [ -51.186403785362295, -30.136675668375929 ], [ -51.186795634987931, -30.135583935901526 ], [ -51.187112676772024, -30.13509613829876 ], [ -51.188588787868127, -30.133793780991443 ], [ -51.189013473339955, -30.133031471483577 ], [ -51.189713830228783, -30.13247339215464 ], [ -51.190173665058616, -30.132229794856428 ], [ -51.196326614261267, -30.130011732275015 ], [ -51.199737516533901, -30.127745357328173 ], [ -51.201961727237943, -30.127437445135836 ], [ -51.201833049403042, -30.128466860658534 ], [ -51.202202045809962, -30.128516140358165 ], [ -51.202439770621879, -30.128627674020667 ], [ -51.203100536382145, -30.129389327893474 ], [ -51.206112721616776, -30.130337775357038 ], [ -51.206472848602722, -30.130570939494625 ], [ -51.206415568572623, -30.130715707545086 ], [ -51.206803711413507, -30.13094431088108 ], [ -51.207094991999277, -30.130781041940331 ], [ -51.208006542621391, -30.130478717422207 ], [ -51.208860461650417, -30.130488750777108 ], [ -51.209054630507538, -30.130591396603194 ], [ -51.209830203878006, -30.130489785602652 ], [ -51.210093392434906, -30.130312149531765 ], [ -51.210506096859355, -30.130524047445402 ], [ -51.210893930536272, -30.130568971332885 ], [ -51.211132761945194, -30.130462613456785 ], [ -51.211335008465539, -30.130504552533754 ], [ -51.211810150898735, -30.130678821855849 ], [ -51.212203980341492, -30.13102280446731 ], [ -51.212701072002403, -30.130379559738266 ], [ -51.213115401145551, -30.129310614306355 ], [ -51.213290417692882, -30.126660791515135 ], [ -51.216014199671385, -30.127059410284392 ], [ -51.217777082367022, -30.12680857706691 ], [ -51.220017910469487, -30.126878608839867 ], [ -51.220078321080337, -30.125688508238213 ], [ -51.220207279990163, -30.125033510728425 ], [ -51.221184366653809, -30.123036663175082 ], [ -51.22374291604887, -30.120505943333043 ], [ -51.224125491363807, -30.119987782201463 ], [ -51.224576077874026, -30.117118327596199 ], [ -51.224972586322274, -30.116222180720104 ], [ -51.226085606294582, -30.114464711566505 ], [ -51.226327709990727, -30.113949491625462 ], [ -51.22689488301085, -30.110966075499181 ], [ -51.226922434445413, -30.110595009914764 ], [ -51.226685378333151, -30.110578496072659 ], [ -51.225390622323211, -30.110076043867455 ], [ -51.224860591338604, -30.109459658323914 ], [ -51.224561995611467, -30.109332625844953 ], [ -51.221615812801787, -30.10990930460358 ], [ -51.220246264021085, -30.109762694254353 ], [ -51.219560890467591, -30.110324557593881 ], [ -51.219224299643258, -30.110458634807088 ], [ -51.219022471936348, -30.11042911151754 ], [ -51.220526033860928, -30.108626264628082 ], [ -51.222089366754602, -30.107300043795114 ], [ -51.222844273106396, -30.10469230422509 ], [ -51.22052675800883, -30.103475286953934 ], [ -51.220155552222636, -30.103356380263865 ], [ -51.212932149844903, -30.10314209745961 ], [ -51.190549527172372, -30.101463613362903 ], [ -51.187996543720175, -30.101661778663289 ], [ -51.187083001889469, -30.101666910209175 ], [ -51.186856715577257, -30.1015390454853 ], [ -51.186530081088392, -30.100892411891468 ], [ -51.18514195142005, -30.099912923760016 ], [ -51.184201279066897, -30.099131842782104 ], [ -51.183436487087384, -30.098972824460208 ], [ -51.180945214218212, -30.097718134646342 ], [ -51.180006648440781, -30.097543847503346 ], [ -51.178000140915906, -30.096681446871131 ], [ -51.185222271653302, -30.113888238193372 ], [ -51.18424678220547, -30.117537630343989 ], [ -51.187621861807493, -30.118066137796262 ], [ -51.189151227765088, -30.118471864760032 ], [ -51.189625476955165, -30.11849515114373 ], [ -51.190345158303913, -30.118352700953899 ], [ -51.191268535416974, -30.118438415318099 ], [ -51.19201298658075, -30.118345170200843 ], [ -51.192682627723102, -30.119439642756749 ], [ -51.193206471372079, -30.120554239770726 ], [ -51.193736317257745, -30.121447071390048 ], [ -51.193986157729242, -30.12216392446777 ], [ -51.192880775445509, -30.122317054147281 ], [ -51.191782270363042, -30.122825523830151 ], [ -51.190386660601988, -30.123818340748858 ], [ -51.188309793455836, -30.124987033882075 ], [ -51.187640703186403, -30.12554117898566 ], [ -51.186735404102251, -30.126544388042653 ], [ -51.185864791399865, -30.127086225444643 ], [ -51.18480955393548, -30.127367527920399 ], [ -51.183243281451936, -30.127354129409483 ], [ -51.182669953460106, -30.12742132433295 ], [ -51.181970482906358, -30.127627535998922 ], [ -51.18142924166461, -30.127901264777009 ], [ -51.180013316040061, -30.128962226616334 ], [ -51.178215991440133, -30.130481990829036 ], [ -51.176835410541528, -30.131806842644142 ], [ -51.176511500970676, -30.132222946300413 ], [ -51.175709646107578, -30.133669549510621 ] ] ] } },
{ "type": "Feature", "properties": { "bairro_oficial": "VILA SÃO JOSÉ" }, "geometry": { "type": "Polygon", "coordinates": [ [ [ -51.163804539255679, -30.062199411437661 ], [ -51.162700059298096, -30.06219416044425 ], [ -51.161488392848241, -30.062573864365124 ], [ -51.160588797956919, -30.067691577772635 ], [ -51.16042917607367, -30.069015476622699 ], [ -51.160301811120831, -30.069445851119259 ], [ -51.160321833031297, -30.070002329850212 ], [ -51.160086230768947, -30.070002681898558 ], [ -51.159973739977609, -30.07020412724637 ], [ -51.159852385944433, -30.071150686945163 ], [ -51.159956621063671, -30.071368302877257 ], [ -51.159826299818207, -30.0717505825736 ], [ -51.159880758805556, -30.071850872396418 ], [ -51.159117911770714, -30.075160228613509 ], [ -51.158892323003968, -30.074987349321152 ], [ -51.158335363963609, -30.07511311542536 ], [ -51.157916934344044, -30.07584685399636 ], [ -51.157154214653275, -30.076550165198675 ], [ -51.156989756429887, -30.07727331927612 ], [ -51.152263059676692, -30.092675434502773 ], [ -51.163407280031855, -30.087532712676992 ], [ -51.163658513613449, -30.085021077245191 ], [ -51.163918250163924, -30.084323176402489 ], [ -51.16376401203852, -30.083906859625433 ], [ -51.163832255989654, -30.08374221238218 ], [ -51.163804758839667, -30.083006603809977 ], [ -51.163613441343571, -30.082528403492848 ], [ -51.163757463006554, -30.082312807400683 ], [ -51.163769131642681, -30.081904356503117 ], [ -51.163880166751881, -30.081602484724655 ], [ -51.163846781393083, -30.081218697198725 ], [ -51.164015249737915, -30.080825015459713 ], [ -51.164397189970252, -30.080691310194762 ], [ -51.164683278491694, -30.080396865661861 ], [ -51.164969435898847, -30.079903040992246 ], [ -51.165000140237247, -30.079519063162195 ], [ -51.165365530552982, -30.079242853453867 ], [ -51.165400405214513, -30.078880855131377 ], [ -51.165744232812571, -30.078445821210366 ], [ -51.166075662637709, -30.078181645627865 ], [ -51.166612460459952, -30.077858103086378 ], [ -51.167236917132385, -30.077905835429235 ], [ -51.167562520853416, -30.078090686107206 ], [ -51.168085530087851, -30.077984637784382 ], [ -51.168543062679525, -30.077468421562099 ], [ -51.169023676107109, -30.077470930194647 ], [ -51.169293269158665, -30.07761244083801 ], [ -51.169531158296301, -30.077157969706199 ], [ -51.169760408985809, -30.077153431303074 ], [ -51.170101286236353, -30.076985575885708 ], [ -51.170382447614315, -30.07657625011451 ], [ -51.1707824695591, -30.075434615084745 ], [ -51.170873090570957, -30.074336308166107 ], [ -51.171504271465864, -30.073521353204022 ], [ -51.171643546912051, -30.073196354976979 ], [ -51.171589872871493, -30.070729987208939 ], [ -51.17177889205675, -30.069104187750199 ], [ -51.171897633064702, -30.068591698680997 ], [ -51.172456970265813, -30.067608092307228 ], [ -51.172179621169704, -30.067623959190819 ], [ -51.171342807051694, -30.068164247098856 ], [ -51.17098638888875, -30.068730510290237 ], [ -51.170777798251855, -30.069619076102455 ], [ -51.170693148541623, -30.069547124134424 ], [ -51.170505310775553, -30.06881164328399 ], [ -51.169899608045206, -30.068716444705696 ], [ -51.171202290009568, -30.061761112121197 ], [ -51.169242069407161, -30.061592583818328 ], [ -51.163804539255679, -30.062199411437661 ] ] ] } }
]
}
